order_id,order_status,order_purchase_timestamp,order_approved_at,order_delivered_carrier_date,order_delivered_customer_date,order_estimated_delivery_date,anomaly_type
b9afddbdcfadc9a87b41a83271c3e888,delivered,2018-08-16 13:50:48,2018-08-16 14:05:13,2018-08-16 13:27:00,2018-08-24 14:58:37,2018-09-04,carrier_before_purchase
ad133696906f6a78826daa0911b7daec,delivered,2018-06-15 15:41:22,2018-06-15 16:19:23,2018-06-15 14:52:00,2018-06-22 18:09:37,2018-07-18,carrier_before_purchase
74e033208dc13a7b8127eb8e73d09b76,delivered,2018-05-02 10:48:44,2018-05-02 11:13:45,2018-05-02 09:49:00,2018-05-07 23:06:36,2018-05-29,carrier_before_purchase
a6b58794fd2ba533359a76c08df576e3,delivered,2018-05-14 15:18:23,2018-05-14 15:33:35,2018-05-14 13:46:00,2018-05-19 19:33:32,2018-06-08,carrier_before_purchase
5792e0b1c8c8a2bf53af468c9a422c88,delivered,2018-07-26 13:25:14,2018-07-26 13:35:14,2018-07-26 12:42:00,2018-07-30 14:45:02,2018-08-09,carrier_before_purchase
c3eb293fd154223498b6551a728203e8,delivered,2018-07-19 14:06:04,2018-07-19 14:22:51,2018-07-19 13:49:00,2018-07-24 19:35:36,2018-08-06,carrier_before_purchase
b0c2a7d04b165525254254a728c50a4e,delivered,2018-06-07 13:28:30,2018-06-07 13:57:22,2018-06-07 13:22:00,2018-06-21 17:36:43,2018-07-04,carrier_before_purchase
2033a4586b5bec3229ebc1675a8ae092,delivered,2018-06-12 10:10:25,2018-06-12 10:39:59,2018-06-12 10:09:00,2018-06-19 14:08:27,2018-07-19,carrier_before_purchase
08adcddad19d3acf37d1fa01cb9ded1e,delivered,2018-06-27 11:16:44,2018-06-27 11:30:56,2018-06-27 10:57:00,2018-06-29 17:39:53,2018-07-18,carrier_before_purchase
dee6298ce7d1fb2645141ef9972157aa,shipped,2018-04-30 14:06:12,2018-04-30 14:15:24,2018-04-30 12:59:00,,2018-05-28,carrier_before_purchase
4e157a36ea9cf89bde6fff57a780b525,delivered,2018-08-24 14:37:50,2018-08-24 14:50:14,2018-08-24 12:43:00,2018-08-30 20:47:26,2018-09-10,carrier_before_purchase
d454d6650d375ebc3f9667a4d2fe161c,delivered,2018-05-10 09:12:16,2018-05-10 09:35:13,2018-05-10 09:11:00,2018-05-11 18:58:28,2018-05-23,carrier_before_purchase
a5a9f45d795fafe0077043697f62fd4f,delivered,2018-07-04 14:45:20,2018-07-05 16:30:50,2018-07-04 13:41:00,2018-07-11 23:08:32,2018-08-01,carrier_before_purchase
dab23a46abb860b6b4816df41eacd610,delivered,2018-08-08 15:42:27,2018-08-08 15:55:11,2018-08-08 14:56:00,2018-08-11 17:04:47,2018-08-17,carrier_before_purchase
b4180badf3ac49892e23d6e0276f1e84,delivered,2018-04-26 14:44:05,2018-04-26 14:55:14,2018-04-26 13:51:00,2018-05-03 00:14:44,2018-06-06,carrier_before_purchase
6c5d1e03493316b72304f07834a03325,delivered,2018-06-12 13:56:41,2018-06-12 14:27:00,2018-06-12 13:06:00,2018-07-17 16:32:20,2018-07-11,carrier_before_purchase
ede6a833580744e002b0ee65323a3006,delivered,2018-08-17 15:11:53,2018-08-17 15:29:26,2018-08-17 14:07:00,2018-08-22 19:28:52,2018-09-12,carrier_before_purchase
1227f9af3b2ddb0b95060aab8e5b3dc7,delivered,2018-05-10 14:48:29,2018-05-10 15:11:25,2018-05-10 14:00:00,2018-05-18 16:21:53,2018-06-07,carrier_before_purchase
2996234f359b5a3b99263b0f5b841d86,delivered,2018-08-15 15:48:50,2018-08-15 16:05:12,2018-08-15 14:16:00,2018-08-22 22:34:27,2018-09-04,carrier_before_purchase
108c3238d247dead3fd7423cf8990c5b,delivered,2018-08-14 13:49:12,2018-08-14 14:04:33,2018-08-14 13:17:00,2018-08-23 16:06:36,2018-09-06,carrier_before_purchase
0150004d4d8eb63f9948de164da34e34,delivered,2018-05-15 15:13:06,2018-05-15 15:34:59,2018-05-15 14:58:00,2018-05-23 18:13:16,2018-06-07,carrier_before_purchase
da383ff6aa9558f3bd909b1d76789381,delivered,2018-08-20 13:56:52,2018-08-20 16:11:39,2018-08-20 13:55:00,2018-08-27 23:32:23,2018-08-31,carrier_before_purchase
9b087af1d905d8987ae126797c9d15b1,delivered,2018-08-01 13:47:04,2018-08-01 14:04:26,2018-08-01 13:31:00,2018-08-08 13:35:29,2018-08-15,carrier_before_purchase
fb3cf8c9eb2412b0edc0a00a8f43a869,delivered,2018-05-29 14:07:25,2018-05-29 14:39:27,2018-05-29 13:58:00,2018-06-05 21:46:32,2018-07-20,carrier_before_purchase
0cf80be143500050973f324c3e068196,delivered,2018-07-26 14:33:26,2018-07-26 14:45:08,2018-07-26 13:32:00,2018-07-30 22:22:08,2018-08-15,carrier_before_purchase
28fb57d39d543fade1e8fa4804f7483e,delivered,2018-06-07 14:47:17,2018-06-07 15:18:51,2018-06-07 14:09:00,2018-06-20 11:28:36,2018-07-11,carrier_before_purchase
6192897f85cb2aff6dd1fca56fddb45e,delivered,2018-07-18 13:34:22,2018-07-18 13:50:12,2018-07-18 11:33:00,2018-07-26 15:02:53,2018-08-03,carrier_before_purchase
c76b75e541b06461ec9cf363fd962ee3,delivered,2018-05-23 15:50:05,2018-05-23 16:16:01,2018-05-23 14:51:00,2018-06-07 19:31:51,2018-07-02,carrier_before_purchase
d19e65e88e48b013c91b0e77c852d06e,delivered,2018-06-08 16:40:18,2018-06-08 19:31:01,2018-06-08 15:31:00,2018-06-23 18:28:47,2018-07-18,carrier_before_purchase
e1bea0700731c9179b4e7e2e0183aa14,delivered,2018-08-03 15:37:48,2018-08-03 15:55:20,2018-08-03 15:09:00,2018-08-08 20:28:35,2018-08-15,carrier_before_purchase
a103ca0d5926c0afb6a2892545f93a7c,delivered,2018-05-16 14:37:16,2018-05-16 15:18:06,2018-05-16 14:05:00,2018-06-02 17:27:55,2018-06-07,carrier_before_purchase
a14cb0a59ebadf133edc5ccb9ccfc0e7,delivered,2018-06-26 15:38:05,2018-06-26 15:56:48,2018-06-26 15:18:00,2018-06-28 21:38:33,2018-07-12,carrier_before_purchase
33526a04c7941ab386cc410962b171a0,delivered,2018-07-24 13:43:20,2018-07-24 13:55:23,2018-07-24 13:03:00,2018-07-30 12:26:29,2018-08-17,carrier_before_purchase
31baa0ae964c43e70c451e1928483669,delivered,2018-08-23 10:13:22,2018-08-23 10:25:32,2018-08-23 08:54:00,2018-08-25 12:28:46,2018-09-13,carrier_before_purchase
fcb9ec0e86e6d326a21a96c2008c8610,delivered,2018-08-16 16:28:13,2018-08-16 16:49:04,2018-08-16 16:27:00,2018-08-20 19:54:47,2018-09-03,carrier_before_purchase
5b9075f2428968c2587dad5024af0f63,delivered,2018-06-26 11:24:48,2018-06-26 11:35:59,2018-06-26 10:58:00,2018-07-12 14:37:43,2018-07-25,carrier_before_purchase
1046a71a57b33b4a92f9f932237f1ab0,delivered,2018-07-31 13:56:17,2018-07-31 14:05:11,2018-07-31 12:57:00,2018-08-03 17:12:13,2018-08-17,carrier_before_purchase
1388e91d7d43769d6bd71f89a48a2929,delivered,2018-06-18 14:04:50,2018-06-18 14:19:43,2018-06-18 12:22:00,2018-06-25 22:08:40,2018-07-16,carrier_before_purchase
f2a150c813c1eb96fd1883c1ed8fd9e5,delivered,2018-06-19 10:14:30,2018-06-19 10:37:37,2018-06-19 10:14:00,2018-06-27 17:04:42,2018-07-24,carrier_before_purchase
2ea06e4e577c7be86e2e35ab0d7e74b8,delivered,2018-05-09 13:14:53,2018-05-09 13:35:00,2018-05-09 12:52:00,2018-05-15 15:38:51,2018-05-28,carrier_before_purchase
e23c9dcc304042fa90d538be679fa68d,delivered,2018-06-13 11:41:23,2018-06-13 13:31:40,2018-06-13 09:53:00,2018-06-25 13:57:31,2018-07-11,carrier_before_purchase
9dafdbeb6a7b7240bc32fd6861c42f54,delivered,2018-06-07 13:02:12,2018-06-07 13:18:07,2018-06-07 12:02:00,2018-06-13 23:12:06,2018-07-05,carrier_before_purchase
e300c76076c4b56031abe6f3ff54817f,delivered,2018-08-15 10:59:22,2018-08-15 11:24:10,2018-08-15 10:27:00,2018-08-21 17:21:15,2018-08-29,carrier_before_purchase
e0017093576ff7e25777c2d023eb1cd9,delivered,2018-06-26 14:57:28,2018-06-26 15:16:21,2018-06-26 14:50:00,2018-06-28 21:48:51,2018-08-01,carrier_before_purchase
154029fef0e3e2f72ef09775cc9d1af1,delivered,2018-05-22 11:29:21,2018-05-22 11:53:51,2018-05-22 10:46:00,2018-06-07 20:58:39,2018-06-21,carrier_before_purchase
ab815320404ada153a9d06f166c961dc,delivered,2018-05-17 09:48:09,2018-05-17 10:38:29,2018-05-17 09:45:00,2018-05-30 21:12:35,2018-06-13,carrier_before_purchase
800bb72be8df9c5372c6a4235d38de9b,delivered,2018-05-14 14:55:29,2018-05-14 15:17:28,2018-05-14 14:47:00,2018-05-20 16:08:26,2018-05-30,carrier_before_purchase
7c48bb55e8e4f7e56d412e9653db37bc,delivered,2018-07-16 18:40:53,2018-07-16 18:50:22,2018-01-26 13:35:00,2018-07-23 20:04:45,2018-08-07,carrier_before_purchase
ece7b7cba1247b9ac059fc6a6528a075,delivered,2018-05-15 15:17:06,2018-05-15 15:35:12,2018-05-15 15:05:00,2018-05-25 10:18:23,2018-06-11,carrier_before_purchase
bb3164e0236b64b580d475215f1004d2,delivered,2018-06-19 15:12:47,2018-06-19 15:37:45,2018-06-19 13:58:00,2018-06-22 21:56:47,2018-07-11,carrier_before_purchase
b39c24b97fedca1cb67932d9864957c6,delivered,2018-06-18 13:48:28,2018-06-18 14:19:16,2018-06-18 12:53:00,2018-07-03 16:46:44,2018-07-12,carrier_before_purchase
b6ab1ce66f41dbbd8e998bfb0eab8bd5,delivered,2018-06-26 14:14:25,2018-06-26 14:34:15,2018-06-26 13:53:00,2018-06-30 18:18:32,2018-07-31,carrier_before_purchase
4048feff4f2e6e394bcaf4981d27a9bd,delivered,2018-06-25 11:59:16,2018-06-25 12:13:40,2018-06-25 11:56:00,2018-06-26 20:45:42,2018-07-05,carrier_before_purchase
55b653f93de6e994b6dda90f615c7a8f,delivered,2018-04-30 13:05:23,2018-04-30 13:15:21,2018-04-30 13:01:00,2018-05-04 18:03:43,2018-05-21,carrier_before_purchase
995e90c3995e0f19a9579b90c6dcbad2,delivered,2018-07-04 14:52:16,2018-07-05 16:11:47,2018-07-04 14:51:00,2018-07-10 17:48:23,2018-08-07,carrier_before_purchase
d5b8231ec694904371f3efcd3450ee94,delivered,2018-06-06 14:58:22,2018-06-06 15:13:46,2018-06-06 14:34:00,2018-06-14 01:38:35,2018-07-17,carrier_before_purchase
42a212a14fd3e3b7e9c8245a00e35369,delivered,2018-07-26 13:37:11,2018-07-26 13:50:54,2018-07-26 12:52:00,2018-08-01 20:02:09,2018-08-15,carrier_before_purchase
6f27ae84e8f6ee63438f59c04830b28a,delivered,2018-06-19 14:58:59,2018-06-19 15:19:48,2018-06-19 14:26:00,2018-07-05 23:42:22,2018-07-16,carrier_before_purchase
fd58bdbb6cc5d7519e063c3ceb7e951b,delivered,2018-04-25 13:02:26,2018-04-25 13:15:26,2018-04-25 12:36:00,2018-05-08 16:32:17,2018-05-28,carrier_before_purchase
0fa2c93bbfbce2c287bb56660c3998e3,delivered,2018-06-18 14:54:21,2018-06-18 15:17:12,2018-06-18 14:06:00,2018-06-28 18:41:14,2018-07-25,carrier_before_purchase
8c8005895f46f6c1bdf16697c70e645a,delivered,2018-08-17 15:57:10,2018-08-17 16:10:14,2018-08-17 14:56:00,2018-08-25 16:08:37,2018-09-19,carrier_before_purchase
ba6a0a51f6852a4e562acc5feb6ca75e,delivered,2018-06-12 14:14:08,2018-06-12 14:46:10,2018-06-12 13:50:00,2018-06-19 17:46:35,2018-07-05,carrier_before_purchase
c3c86ecc0f7508ffce2a4662f49d9d8b,delivered,2018-05-14 12:42:52,2018-05-14 12:55:25,2018-05-14 12:25:00,2018-05-18 14:12:20,2018-06-01,carrier_before_purchase
91be51c856a90d7efe86cf9d082d6ae3,delivered,2018-06-12 15:58:03,2018-06-12 16:32:26,2018-06-12 15:44:00,2018-06-15 15:42:07,2018-07-12,carrier_before_purchase
ffcc17a2f3331d4d25cf692060921690,delivered,2018-06-29 14:41:28,2018-06-29 14:50:16,2018-06-29 14:40:00,2018-07-03 16:14:35,2018-07-13,carrier_before_purchase
fe206005e41f89f9759ece7fe7acc9c3,delivered,2018-06-25 15:05:27,2018-06-25 15:18:59,2018-06-25 14:08:00,2018-07-03 20:10:15,2018-07-23,carrier_before_purchase
819c0a8de9efdc8a6886525a06dc7967,delivered,2018-07-04 16:10:42,2018-07-05 16:21:06,2018-07-04 15:30:00,2018-07-12 15:08:34,2018-07-26,carrier_before_purchase
9ac6f439f70af60a204c7d47285fa099,delivered,2018-08-16 15:46:02,2018-08-16 15:55:24,2018-08-16 14:20:00,2018-08-21 19:55:34,2018-08-28,carrier_before_purchase
1d54af1bf3179b54f046212de28f8bc7,delivered,2018-08-09 08:37:26,2018-08-09 08:50:35,2018-08-09 08:33:00,2018-08-17 21:03:54,2018-09-05,carrier_before_purchase
48300f948ed1d70ff6e5f733e30e5816,delivered,2018-06-21 14:37:50,2018-06-21 14:59:59,2018-06-21 13:09:00,2018-07-06 14:51:09,2018-07-24,carrier_before_purchase
f0755c7d99a4a7f0bfa967f87d657855,delivered,2018-07-05 12:26:16,2018-07-05 16:32:14,2018-07-05 12:23:00,2018-07-13 21:27:50,2018-08-02,carrier_before_purchase
eab659d04f2bba5abfe11a2e6ef92bd0,delivered,2018-06-05 13:24:11,2018-06-05 14:31:11,2018-06-05 12:34:00,2018-06-08 20:34:21,2018-07-11,carrier_before_purchase
3ed559dec69ab96d9074fedaf18650eb,delivered,2018-06-15 13:20:09,2018-06-15 13:44:37,2018-06-15 11:22:00,2018-06-26 15:53:25,2018-07-23,carrier_before_purchase
0474da9403011efc4abd2bf594e9b68b,delivered,2018-08-08 13:18:36,2018-08-08 13:30:15,2018-08-08 12:19:00,2018-08-13 22:10:52,2018-08-29,carrier_before_purchase
1cb3c680ddf904752646028ee22073a4,delivered,2018-07-27 14:08:38,2018-07-27 14:24:04,2018-07-27 14:08:00,2018-08-02 18:56:47,2018-08-07,carrier_before_purchase
9e85367165bb242141b1f2638d6fc239,delivered,2018-07-05 13:40:19,2018-07-05 16:31:55,2018-07-05 12:45:00,2018-07-12 23:12:12,2018-08-03,carrier_before_purchase
6f09086a54ed13a7f152d6339e2ee5a3,delivered,2018-06-26 09:51:04,2018-06-26 10:18:00,2018-06-26 09:08:00,2018-06-28 16:32:10,2018-07-20,carrier_before_purchase
dadc329b35c6c0dcbe7c3ddb1923f51a,delivered,2018-06-29 16:01:12,2018-06-29 16:11:43,2018-06-29 15:47:00,2018-07-05 20:54:44,2018-07-31,carrier_before_purchase
cf5c8d9f52807cb2d2f0a0ff54c478da,delivered,2018-08-24 13:04:05,2018-08-24 13:24:27,2018-08-24 12:00:00,2018-08-30 19:11:50,2018-10-05,carrier_before_purchase
0a84606bdb8331708400882d2e921524,delivered,2018-06-29 16:28:41,2018-06-29 16:51:20,2018-06-29 14:47:00,2018-07-03 14:44:33,2018-07-17,carrier_before_purchase
1c958182f10d6fcbac7728c8d3a151f1,delivered,2018-07-23 15:09:44,2018-07-23 16:05:15,2018-07-23 14:52:00,2018-08-01 21:05:05,2018-08-14,carrier_before_purchase
00d2559e61b9a0744a0552c35c5ecccb,delivered,2018-06-11 12:24:48,2018-06-11 13:32:18,2018-06-11 12:05:00,2018-06-18 16:51:52,2018-06-28,carrier_before_purchase
8299066c13f491b4cf9bdb486d2058c2,delivered,2018-05-14 12:53:23,2018-05-14 13:17:03,2018-05-14 12:43:00,2018-05-23 21:21:54,2018-06-06,carrier_before_purchase
1c723386781fca8d1e45ac747914962a,delivered,2018-08-06 15:47:47,2018-08-06 15:55:15,2018-08-06 15:06:00,2018-08-14 18:53:24,2018-08-23,carrier_before_purchase
c45408df26d1ce2b64518a9a9d65fd04,delivered,2018-08-16 17:11:46,2018-08-16 17:29:05,2018-08-16 16:13:00,2018-08-22 14:33:43,2018-09-05,carrier_before_purchase
e65f1eeee1f52024ad1dcd03447f7482,delivered,2018-05-18 15:03:19,2018-05-18 15:15:37,2018-05-18 15:00:00,2018-05-19 12:28:30,2018-05-29,carrier_before_purchase
7ce4e38f4eadd993bb5b2e60bb7f7bec,delivered,2018-08-08 14:46:45,2018-08-08 15:05:01,2018-08-08 13:29:00,2018-08-15 18:55:45,2018-08-28,carrier_before_purchase
69aca49c98f05af05bec6fa1f87a3059,delivered,2018-07-20 13:19:19,2018-07-20 13:30:13,2018-07-20 12:01:00,2018-07-25 17:03:35,2018-08-14,carrier_before_purchase
7fb538147fab748faf726e6706589b74,delivered,2018-08-16 14:26:06,2018-08-16 15:24:46,2018-08-16 14:19:00,2018-08-21 19:14:28,2018-09-03,carrier_before_purchase
44dd8e3e7650c35a1973a42498626ded,delivered,2018-07-13 15:08:43,2018-07-13 15:24:01,2018-07-13 14:36:00,2018-07-16 11:14:27,2018-07-23,carrier_before_purchase
64ff09b60c2714ff11ebcf304ed21fb6,delivered,2018-07-31 14:04:37,2018-07-31 14:31:37,2018-07-31 13:34:00,2018-08-07 14:41:43,2018-08-10,carrier_before_purchase
71fecd3061e596fd59e65e9d62886535,delivered,2018-05-08 14:17:52,2018-05-08 14:30:18,2018-05-08 13:43:00,2018-05-22 19:08:28,2018-06-12,carrier_before_purchase
12052ac6aa067434388199224c0f11bc,delivered,2018-07-31 13:16:33,2018-07-31 13:25:25,2018-07-31 12:51:00,2018-08-09 21:15:51,2018-08-28,carrier_before_purchase
60f7dee462ea29c73d75c9dcccf5d870,delivered,2018-06-15 07:32:22,2018-06-15 08:00:16,2018-06-15 07:00:00,2018-06-21 17:56:54,2018-07-19,carrier_before_purchase
10251da35626072605d693e816f297ca,delivered,2018-08-13 15:27:36,2018-08-13 15:49:00,2018-08-13 14:45:00,2018-08-16 18:41:34,2018-08-21,carrier_before_purchase
97d3870e43e40f4dcac70eec95a6b146,delivered,2018-08-10 12:23:32,2018-08-10 12:35:24,2018-08-10 12:11:00,2018-08-23 22:48:34,2018-09-18,carrier_before_purchase
2d26e963bdb342dbdae1fad7ad2ea511,delivered,2018-08-14 12:35:00,2018-08-14 12:50:18,2018-08-14 12:23:00,2018-08-21 19:18:51,2018-08-27,carrier_before_purchase
4381b4b79d51e72e0eb56a2fd1aea7b9,delivered,2018-05-18 14:39:06,2018-05-18 14:57:40,2018-05-18 13:51:00,2018-06-07 15:21:25,2018-06-08,carrier_before_purchase
8b5512b2679b86761e6aadc28ed91762,delivered,2018-08-03 14:39:54,2018-08-03 14:50:14,2018-08-03 13:57:00,2018-08-22 18:03:43,2018-10-01,carrier_before_purchase
bd47f29a1a6ede24f9dd4d5ca6027dd4,delivered,2018-07-16 15:34:37,2018-07-16 15:45:19,2018-07-16 14:29:00,2018-07-24 09:41:51,2018-08-08,carrier_before_purchase
692f4207d359fbf24d641b1470721130,delivered,2018-06-04 12:10:06,2018-06-04 12:31:17,2018-06-04 11:04:00,2018-06-21 21:56:34,2018-07-17,carrier_before_purchase
129b63bc323d7b5b2965a143b2e72cc7,delivered,2018-05-30 14:33:24,2018-05-30 14:57:24,2018-05-30 14:33:00,2018-06-08 13:58:41,2018-07-05,carrier_before_purchase
c6f11a51ee3384a11e50cc55dc685c24,delivered,2018-08-15 14:02:44,2018-08-15 14:24:18,2018-08-15 13:56:00,2018-08-21 10:15:44,2018-08-28,carrier_before_purchase
07f770114a6de1a65f865bf22d8bb20a,delivered,2018-08-06 09:17:53,2018-08-06 09:30:16,2018-08-06 08:44:00,2018-08-09 16:40:37,2018-08-16,carrier_before_purchase
ed274ecbd297951203b23b1e071eb593,delivered,2018-05-15 15:33:44,2018-05-15 15:56:03,2018-05-15 14:13:00,2018-05-18 16:48:50,2018-05-30,carrier_before_purchase
771e9bbd641d86a4ee75fe80bdf61d7b,delivered,2018-06-13 13:00:21,2018-06-13 13:17:05,2018-06-13 12:00:00,2018-06-21 22:56:45,2018-07-17,carrier_before_purchase
70f814478ea3019fff8677f0aca6a54b,delivered,2018-08-23 15:58:16,2018-08-23 16:10:22,2018-08-23 15:31:00,2018-08-27 18:54:37,2018-08-28,carrier_before_purchase
9711d975b961355b4b5d636857e48498,delivered,2018-06-13 15:23:50,2018-06-13 15:38:18,2018-06-13 13:15:00,2018-06-26 00:33:48,2018-06-29,carrier_before_purchase
6c28cf68e8389e5024135b3d33d8a987,delivered,2018-05-09 12:23:00,2018-05-09 12:35:53,2018-05-09 11:09:00,2018-05-21 19:31:32,2018-05-28,carrier_before_purchase
db090a16182b263b1e896bb26c6f66cf,delivered,2018-07-13 16:14:08,2018-07-13 16:44:09,2018-07-13 13:59:00,2018-07-27 11:34:31,2018-08-06,carrier_before_purchase
8c3ef96e828b5894ec632ba10985867d,delivered,2018-08-23 15:50:07,2018-08-23 16:05:38,2018-08-23 15:31:00,2018-08-27 19:11:17,2018-09-06,carrier_before_purchase
42d23fff3eee93c6c3b0ac65d3ca1e93,delivered,2018-06-30 09:11:46,2018-06-30 09:30:32,2018-06-30 08:58:00,2018-07-05 22:51:46,2018-07-27,carrier_before_purchase
9292a5004e4adeb999700abae47eb13b,delivered,2018-05-30 14:32:46,2018-05-30 14:57:32,2018-05-30 13:40:00,2018-06-11 18:32:29,2018-07-13,carrier_before_purchase
52a547866cd2082c600fb72eced19331,delivered,2018-05-16 15:02:31,2018-05-16 15:19:36,2018-05-16 14:29:00,2018-05-21 16:53:46,2018-06-05,carrier_before_purchase
514988a3e142461049264d74b768b365,delivered,2018-07-31 16:20:05,2018-07-31 17:31:07,2018-07-31 16:18:00,2018-08-06 17:31:56,2018-08-16,carrier_before_purchase
df9a83542974f3a48afb63552d2f4bc5,delivered,2018-08-21 15:19:04,2018-08-21 15:30:38,2018-08-21 14:36:00,2018-08-24 12:03:31,2018-09-06,carrier_before_purchase
448a4837b41e7f24ad7dabafe574c842,delivered,2018-06-14 14:28:01,2018-06-14 14:58:51,2018-06-14 14:20:00,2018-06-25 16:18:43,2018-07-17,carrier_before_purchase
5fc25db83662b2660bd61440ba3ec9b8,delivered,2018-07-31 14:50:52,2018-07-31 15:44:29,2018-07-31 13:43:00,2018-08-06 16:41:40,2018-08-15,carrier_before_purchase
8e2180a4fcb4cc57d8e0737c95cd4d28,delivered,2018-07-03 14:21:21,2018-07-05 16:33:00,2018-07-03 13:32:00,2018-07-06 19:06:36,2018-07-27,carrier_before_purchase
7a23cfcc5fcb50ed8cfd257506a5e84b,delivered,2018-05-04 15:07:26,2018-05-04 15:15:23,2018-05-04 13:50:00,2018-05-09 17:58:47,2018-05-25,carrier_before_purchase
7f01243bfbb619e73796571192245fce,delivered,2018-08-23 14:14:37,2018-08-23 14:25:56,2018-08-23 14:10:00,2018-08-24 15:58:33,2018-09-04,carrier_before_purchase
71435a06cf53842e055368f881a38b61,delivered,2018-07-25 15:40:26,2018-07-25 15:55:10,2018-07-25 14:38:00,2018-07-28 18:46:39,2018-08-10,carrier_before_purchase
119060af27b04f5fae8b2b0e27eef7f9,delivered,2018-06-11 14:34:47,2018-06-12 09:31:54,2018-06-11 12:45:00,2018-06-14 22:18:58,2018-07-05,carrier_before_purchase
719beedd6c2193b3e1e1ea1d2706eaf1,delivered,2018-06-20 14:02:25,2018-06-20 14:18:42,2018-06-20 13:32:00,2018-06-21 15:04:21,2018-07-05,carrier_before_purchase
35c66e9b12fe72dbb0b8d34af424c3cf,delivered,2018-08-01 14:19:23,2018-08-01 14:30:19,2018-08-01 14:09:00,2018-08-02 19:58:20,2018-08-06,carrier_before_purchase
9546aa638d07ac340a91c59b0b2dee96,delivered,2018-08-10 16:05:40,2018-08-10 16:15:17,2018-08-10 15:18:00,2018-08-15 19:04:02,2018-08-27,carrier_before_purchase
5fbe0933118a1dec4ac5424ef0ed0686,delivered,2018-07-06 08:48:19,2018-07-06 09:11:19,2018-07-06 08:22:00,2018-07-10 23:31:44,2018-07-27,carrier_before_purchase
9e6928e55ec6948338048d72ebdf2305,delivered,2018-04-27 15:12:36,2018-04-27 15:32:59,2018-04-27 15:08:00,2018-05-07 19:03:52,2018-05-29,carrier_before_purchase
2ac520de90670f0cb695af6630a00c4a,delivered,2018-05-30 15:41:11,2018-05-30 15:55:22,2018-05-30 14:55:00,2018-06-14 17:28:41,2018-07-03,carrier_before_purchase
385de16f1457125fdef85002bdc4f7d4,delivered,2018-08-16 16:45:08,2018-08-16 16:55:29,2018-08-16 15:17:00,2018-08-20 20:42:42,2018-08-23,carrier_before_purchase
89d32b64af005178b318f76cd60f2c3c,delivered,2018-07-06 11:54:40,2018-07-06 12:11:05,2018-07-06 09:48:00,2018-07-10 11:44:45,2018-07-27,carrier_before_purchase
421deffec215845f8632fb3543789f86,delivered,2018-08-24 14:05:59,2018-08-24 14:24:29,2018-08-24 13:46:00,2018-08-30 20:32:08,2018-09-11,carrier_before_purchase
972976cb62fb977bfbc253219799e486,delivered,2018-07-20 11:15:51,2018-07-20 11:25:13,2018-07-20 10:27:00,2018-08-08 20:46:24,2018-08-07,carrier_before_purchase
9ddadedc86122b4be334ddb751017997,delivered,2018-07-05 16:06:25,2018-07-05 16:35:55,2018-07-05 15:29:00,2018-07-09 15:52:25,2018-07-30,carrier_before_purchase
978314826289d9ec86d6d6a627eaf810,delivered,2018-05-05 10:58:56,2018-05-05 11:15:10,2018-05-05 09:38:00,2018-05-10 16:14:39,2018-05-25,carrier_before_purchase
4e3cc1c522e0aef1e726d2f9eaeb8807,delivered,2018-07-04 14:47:12,2018-07-05 16:32:54,2018-07-04 14:40:00,2018-07-09 19:46:43,2018-07-25,carrier_before_purchase
4021cd7611d6d9ce5ffcd24817fc374f,delivered,2018-08-18 11:49:40,2018-08-18 12:10:30,2018-08-14 06:22:00,2018-08-29 04:41:53,2018-08-30,carrier_before_purchase
2e404f3ac4dd39d7054b4cbb88ce2c35,delivered,2018-05-04 09:49:02,2018-05-04 10:11:27,2018-05-04 09:41:00,2018-05-09 12:08:37,2018-05-24,carrier_before_purchase
ba992a67b91b76a97c227e1ad48658f5,delivered,2018-08-03 14:48:15,2018-08-03 15:04:13,2018-08-03 13:58:00,2018-08-14 20:32:31,2018-08-30,carrier_before_purchase
15e67a6eec264915cd81f8f57dbacd81,delivered,2018-08-07 14:05:50,2018-08-07 14:15:17,2018-08-07 12:39:00,2018-08-13 13:58:45,2018-08-21,carrier_before_purchase
e4c540c341b9a50b1a1b28e71867eb5b,delivered,2018-04-26 15:55:42,2018-04-26 16:11:01,2018-04-26 14:55:00,2018-04-27 17:24:52,2018-05-09,carrier_before_purchase
cab5ff5f1347330a7576a8aa80bd1774,delivered,2018-06-27 11:57:41,2018-06-27 12:10:12,2018-06-27 11:10:00,2018-07-02 15:03:45,2018-07-18,carrier_before_purchase
12e4fbad3ebed6412967a3fd5818c456,delivered,2018-06-13 11:43:43,2018-06-13 12:32:39,2018-06-13 11:43:00,2018-06-22 21:32:34,2018-07-18,carrier_before_purchase
f79be098ac7bd8ee0c272aa8f6b61d50,delivered,2018-07-10 15:33:31,2018-07-10 15:46:42,2018-07-10 14:35:00,2018-07-13 18:57:41,2018-07-25,carrier_before_purchase
ac284fb15053d666dfb6128354f0e662,delivered,2018-08-22 14:14:50,2018-08-22 14:25:19,2018-08-22 13:46:00,2018-08-28 21:32:27,2018-09-14,carrier_before_purchase
a0c98bdda8405aeaa4b87bdcdd25da22,delivered,2018-08-17 12:39:50,2018-08-17 12:55:22,2018-08-17 12:37:00,2018-08-27 23:08:26,2018-08-30,carrier_before_purchase
852d591ac66808ba170d243164600420,delivered,2018-06-01 13:48:45,2018-06-01 14:11:51,2018-06-01 13:28:00,2018-06-06 17:26:41,2018-06-26,carrier_before_purchase
35ae091cd580f7c6dbb7f8c1552740fd,delivered,2018-08-15 14:04:47,2018-08-15 14:44:03,2018-08-15 13:46:00,2018-08-20 18:28:24,2018-08-24,carrier_before_purchase
f379762648ae96c1d04844ca3308df86,delivered,2018-08-03 14:09:07,2018-08-03 14:43:51,2018-08-03 13:55:00,2018-08-08 18:51:39,2018-08-21,carrier_before_purchase
51e0e77bc0b6eb43fc25286a873ceac6,delivered,2018-04-30 14:55:34,2018-04-30 16:17:13,2018-04-30 14:41:00,2018-05-07 16:08:49,2018-05-21,carrier_before_purchase
ffc0249fed109d5d056d7c79b7fa7dd9,delivered,2018-08-13 14:32:07,2018-08-13 14:45:15,2018-08-13 13:55:00,2018-08-14 23:58:57,2018-08-16,carrier_before_purchase
1d400d95c6669247200db54206a74b55,delivered,2018-07-04 15:20:14,2018-07-05 16:11:43,2018-07-04 15:17:00,2018-07-09 19:59:31,2018-07-27,carrier_before_purchase
13134fe6dc043430a875ece99381223b,delivered,2018-06-13 14:48:16,2018-06-13 15:28:57,2018-06-13 13:28:00,2018-06-18 10:21:04,2018-07-04,carrier_before_purchase
a6f2940cae871bfd63ea94dd5c476a62,delivered,2018-08-07 09:53:58,2018-08-07 10:05:19,2018-08-07 09:48:00,2018-08-10 18:26:34,2018-08-17,carrier_before_purchase
a250092009e031f3162f9134a40261c2,delivered,2018-06-25 13:29:12,2018-06-25 13:58:21,2018-06-25 13:07:00,2018-07-03 19:51:41,2018-07-18,carrier_before_purchase
2ef2818bc1477c39bc32b093812b85e8,delivered,2018-05-28 14:33:54,2018-05-28 14:50:31,2018-05-28 14:33:00,2018-06-04 19:33:47,2018-06-29,carrier_before_purchase
5d2360b577af310633223b53506dcfaa,delivered,2018-06-13 11:33:10,2018-06-13 11:55:13,2018-06-13 09:52:00,2018-06-29 19:12:05,2018-07-05,carrier_before_purchase
5a339130640419f9e00ab4b6ff61dc22,delivered,2018-04-27 15:59:23,2018-04-27 16:15:25,2018-04-27 14:35:00,2018-05-02 15:32:39,2018-05-16,carrier_before_purchase
3b40ede283844ba0fbdd110f8a56792f,delivered,2018-07-18 14:35:41,2018-07-18 14:45:20,2018-07-18 13:06:00,2018-07-25 17:27:25,2018-08-01,carrier_before_purchase
269ad8edf5c7dd6bfbe01dc68832f6ce,delivered,2018-08-16 15:38:33,2018-08-16 15:50:19,2018-08-16 15:34:00,2018-08-22 22:10:59,2018-08-28,carrier_before_purchase
46ac596698e8825788743fef0d54caca,delivered,2018-05-16 15:09:03,2018-05-16 15:34:40,2018-05-16 13:36:00,2018-05-22 21:33:08,2018-06-04,carrier_before_purchase
f7780ea2807db31691e83f0013294035,delivered,2018-07-30 15:22:15,2018-07-30 15:35:16,2018-07-30 15:00:00,2018-08-02 18:32:30,2018-08-02,carrier_before_purchase
d7646ffe8fdd9e7d9557f9f7cbf04530,delivered,2018-05-04 14:50:37,2018-05-04 15:10:22,2018-05-04 14:48:00,2018-05-08 19:06:42,2018-05-16,carrier_before_purchase
5ded8a3706eabd813685534724f066de,delivered,2018-07-18 08:46:52,2018-07-18 09:01:48,2018-07-18 08:44:00,2018-07-25 13:53:17,2018-08-10,carrier_before_purchase
d10046876c7d9f01613da59ffa6cb07f,delivered,2018-07-18 16:14:16,2018-07-18 16:25:17,2018-07-18 15:34:00,2018-07-23 20:46:44,2018-08-07,carrier_before_purchase
78008d03bd8ef7fcf1568728b316553c,delivered,2018-07-03 13:11:13,2018-07-05 16:32:52,2018-07-03 12:57:00,2018-07-10 17:47:39,2018-07-23,carrier_before_purchase
dcb36b511fcac050b97cd5c05de84dc3,delivered,2018-06-07 19:03:12,2018-06-12 23:31:02,2018-06-11 14:54:00,2018-06-21 15:34:32,2018-07-04,carrier_before_approval
688052146432ef8253587b930b01a06d,delivered,2018-04-22 08:48:13,2018-04-24 18:25:22,2018-04-23 19:19:14,2018-04-24 19:31:58,2018-05-15,carrier_before_approval
58d4c4747ee059eeeb865b349b41f53a,delivered,2018-07-21 12:49:32,2018-07-26 23:31:53,2018-07-24 12:57:00,2018-07-25 23:58:19,2018-07-31,carrier_before_approval
412fccb2b44a99b36714bca3fef8ad7b,delivered,2018-07-22 22:30:05,2018-07-23 12:31:53,2018-07-23 12:24:00,2018-07-24 19:26:42,2018-07-31,carrier_before_approval
56a4ac10a4a8f2ba7693523bb439eede,delivered,2018-07-22 13:04:47,2018-07-27 23:31:09,2018-07-24 14:03:00,2018-07-28 00:05:39,2018-08-06,carrier_before_approval
32e4fa9bb468884309b58b9348de70c3,delivered,2018-07-04 16:49:21,2018-07-05 16:33:06,2018-07-05 14:50:00,2018-07-07 14:41:18,2018-07-23,carrier_before_approval
4df92d82d79c3b52c7138679fa9b07fc,delivered,2018-07-24 11:32:11,2018-07-29 23:30:52,2018-07-26 14:46:00,2018-07-27 18:55:57,2018-08-06,carrier_before_approval
16e38caa92e342c7780f68832f832d4d,delivered,2018-05-07 01:09:09,2018-05-07 16:52:39,2018-05-07 15:09:00,2018-05-24 00:31:18,2018-06-07,carrier_before_approval
b9afddbdcfadc9a87b41a83271c3e888,delivered,2018-08-16 13:50:48,2018-08-16 14:05:13,2018-08-16 13:27:00,2018-08-24 14:58:37,2018-09-04,carrier_before_approval
6051e6d3da9a50b7325cbe9c81025062,delivered,2018-07-03 23:40:16,2018-07-05 16:31:26,2018-07-04 12:14:00,2018-07-05 22:52:28,2018-07-19,carrier_before_approval
7ebe19943d85e81a7b0eb108681276b7,delivered,2018-07-22 10:28:14,2018-07-23 11:31:43,2018-07-23 10:09:00,2018-07-26 16:42:42,2018-08-15,carrier_before_approval
95fa26b6ea476ed040e592e0a825d6f0,delivered,2018-06-06 13:48:42,2018-06-06 14:13:02,2018-06-06 14:02:00,2018-06-11 16:55:40,2018-07-12,carrier_before_approval
c6512da3ccb5263223de71b8888d4db1,delivered,2018-07-04 11:38:50,2018-07-05 16:40:14,2018-07-04 14:29:00,2018-07-06 17:18:32,2018-07-17,carrier_before_approval
cee9f1845c95efd83885a0b2f7a22b83,delivered,2018-07-29 12:47:00,2018-08-01 16:31:40,2018-07-31 15:00:00,2018-08-03 18:20:55,2018-08-10,carrier_before_approval
ad133696906f6a78826daa0911b7daec,delivered,2018-06-15 15:41:22,2018-06-15 16:19:23,2018-06-15 14:52:00,2018-06-22 18:09:37,2018-07-18,carrier_before_approval
0fe8aad910ff05e73b0ddb0a89e61b21,delivered,2018-07-01 20:11:26,2018-07-05 16:02:47,2018-07-03 10:21:00,2018-07-06 18:41:54,2018-07-26,carrier_before_approval
59dba471cbd7e791c3bb0d83aa705c49,delivered,2018-07-04 17:15:18,2018-07-05 16:33:22,2018-07-05 12:46:00,2018-07-07 12:52:32,2018-07-17,carrier_before_approval
74e033208dc13a7b8127eb8e73d09b76,delivered,2018-05-02 10:48:44,2018-05-02 11:13:45,2018-05-02 09:49:00,2018-05-07 23:06:36,2018-05-29,carrier_before_approval
dda3e0dbde3a2cd09432650b3634582d,delivered,2018-04-22 20:13:58,2018-04-24 18:37:08,2018-04-24 16:22:39,2018-05-09 19:58:31,2018-05-16,carrier_before_approval
a6b58794fd2ba533359a76c08df576e3,delivered,2018-05-14 15:18:23,2018-05-14 15:33:35,2018-05-14 13:46:00,2018-05-19 19:33:32,2018-06-08,carrier_before_approval
6672ea757b340c6ebd644244a2c982ae,delivered,2018-07-03 09:00:42,2018-07-05 16:31:59,2018-07-04 15:11:00,2018-07-05 17:12:44,2018-07-17,carrier_before_approval
de6167039d6c71c0bea5a5d3b9437082,delivered,2018-07-04 17:27:56,2018-07-05 16:22:17,2018-07-05 14:06:00,2018-07-12 17:32:31,2018-08-09,carrier_before_approval
eb3b5ecbc980ff057c188ea3b3eaf722,delivered,2018-07-04 14:54:19,2018-07-05 16:09:14,2018-07-04 16:13:00,2018-07-09 12:32:50,2018-07-23,carrier_before_approval
07ad2a87dfce684f0b6a23886db925c9,delivered,2017-04-27 08:26:54,2017-04-28 11:41:28,2017-04-28 10:05:52,2017-05-15 10:09:22,2017-05-29,carrier_before_approval
5792e0b1c8c8a2bf53af468c9a422c88,delivered,2018-07-26 13:25:14,2018-07-26 13:35:14,2018-07-26 12:42:00,2018-07-30 14:45:02,2018-08-09,carrier_before_approval
f384f4edb05c390598d9010ea97f7f4e,delivered,2018-04-20 14:45:57,2018-04-24 18:39:10,2018-04-21 01:32:06,2018-04-30 13:12:39,2018-05-16,carrier_before_approval
3f6a06dd65ecc8c3c8bf73dd9f5ade29,delivered,2018-06-29 11:19:19,2018-07-05 16:04:10,2018-07-04 13:55:00,2018-07-13 13:24:41,2018-07-27,carrier_before_approval
6d5f62b312ef08610aa99b1a365ec10b,delivered,2018-07-05 14:59:58,2018-07-05 16:30:53,2018-07-05 16:08:00,2018-07-10 21:04:13,2018-08-03,carrier_before_approval
31abfb3d839221bf8dc8165fbd494c2f,delivered,2018-07-04 11:05:34,2018-07-05 16:32:36,2018-07-05 07:38:00,2018-07-09 10:16:57,2018-07-24,carrier_before_approval
6e57e23ecac1ae881286657694444267,delivered,2018-08-09 17:36:47,2018-08-20 15:55:42,2018-08-14 13:26:00,2018-08-17 16:45:45,2018-09-06,carrier_before_approval
d65ef0f73f00ef3755af2d8ef6138ba5,delivered,2018-04-23 08:58:06,2018-04-24 18:14:15,2018-04-23 19:07:40,2018-05-03 20:48:32,2018-05-15,carrier_before_approval
e1489cb4d16876c628a2dadb8e675c9a,delivered,2018-04-22 09:34:54,2018-04-24 19:04:58,2018-04-23 18:21:31,2018-04-26 19:06:40,2018-05-16,carrier_before_approval
643efaf4eddc8f0b4f71b1674c882fa4,delivered,2018-07-02 21:45:21,2018-07-05 16:27:02,2018-07-04 14:55:00,2018-07-09 19:48:46,2018-07-25,carrier_before_approval
e6fad28cb7f01e461467af959930ae8a,delivered,2018-04-20 17:11:26,2018-04-24 18:45:48,2018-04-23 17:52:52,2018-05-06 16:46:43,2018-05-17,carrier_before_approval
7cb67275a494651008ed5b1f0353ddce,delivered,2018-06-30 12:14:21,2018-07-05 16:27:53,2018-07-03 10:18:00,2018-07-11 14:52:43,2018-08-01,carrier_before_approval
d2c902f172e80f22126d53d9ff7871b2,delivered,2018-07-03 20:52:04,2018-07-05 16:33:24,2018-07-05 13:14:00,2018-07-06 18:12:25,2018-07-17,carrier_before_approval
3d47aacc4c27ad170b1004695eb0c359,delivered,2018-07-30 21:31:03,2018-08-01 16:31:30,2018-07-31 12:29:00,2018-08-09 16:08:49,2018-09-06,carrier_before_approval
6b654c2dc2e7c610cb22c325fb723057,delivered,2018-07-04 10:15:33,2018-07-05 16:09:25,2018-07-05 12:30:00,2018-07-14 14:28:31,2018-07-17,carrier_before_approval
6e60346a3ee3876c1e4bc89c597ffcb8,delivered,2018-05-07 00:45:02,2018-05-07 15:13:42,2018-05-07 14:52:00,2018-05-15 13:12:19,2018-06-01,carrier_before_approval
c3eb293fd154223498b6551a728203e8,delivered,2018-07-19 14:06:04,2018-07-19 14:22:51,2018-07-19 13:49:00,2018-07-24 19:35:36,2018-08-06,carrier_before_approval
1594012ccc1b0770373ce691d697e5ae,delivered,2018-04-23 19:05:57,2018-04-24 19:17:00,2018-04-24 12:48:39,2018-04-27 22:08:35,2018-05-08,carrier_before_approval
846de1a3e7ca6bf29333e1db02040ab6,delivered,2018-01-30 11:51:07,2018-02-04 23:31:38,2018-01-31 19:48:36,2018-02-08 21:52:09,2018-03-02,carrier_before_approval
b777b7d618ee48ec7cf64aeb188e9da5,delivered,2018-08-09 11:47:22,2018-08-09 14:26:08,2018-08-09 14:24:00,2018-08-10 15:41:50,2018-08-15,carrier_before_approval
862cca64868df4c3a3f0058a93aef465,delivered,2018-04-19 09:43:15,2018-04-24 18:14:28,2018-04-23 19:32:56,2018-04-26 16:46:37,2018-05-18,carrier_before_approval
f16dee6de72d9dcf6b644a19233a39da,delivered,2018-04-21 15:10:45,2018-04-24 19:28:02,2018-04-23 21:08:49,2018-04-26 21:57:31,2018-05-16,carrier_before_approval
0acfe927eda045512670dbbf763b330a,delivered,2018-04-21 15:10:55,2018-04-24 18:58:50,2018-04-23 20:34:32,2018-04-27 13:31:48,2018-05-17,carrier_before_approval
03e94224875e6dec154cc7a142ce5de2,delivered,2018-04-23 10:09:03,2018-04-24 18:11:03,2018-04-24 17:42:08,2018-04-25 18:58:59,2018-05-08,carrier_before_approval
3505a2f5fdc9c1c19d2eea9bfdac56c4,delivered,2018-07-10 17:49:08,2018-07-13 16:06:19,2018-07-11 14:23:00,2018-07-23 22:58:56,2018-08-01,carrier_before_approval
b0c2a7d04b165525254254a728c50a4e,delivered,2018-06-07 13:28:30,2018-06-07 13:57:22,2018-06-07 13:22:00,2018-06-21 17:36:43,2018-07-04,carrier_before_approval
73efca6402c1b6108195348448d76147,delivered,2018-08-04 14:49:43,2018-08-06 14:55:21,2018-08-06 14:55:00,2018-08-09 23:53:30,2018-08-16,carrier_before_approval
ef2ca7d8cb8ec4ec022a77785b6b48ff,delivered,2018-06-12 12:51:41,2018-06-12 13:24:28,2018-06-12 13:06:00,2018-06-22 22:26:23,2018-07-12,carrier_before_approval
9aec77497620910d9b081312430ebd93,delivered,2018-04-21 01:04:55,2018-04-24 18:08:01,2018-04-24 00:38:43,2018-04-25 17:48:46,2018-05-04,carrier_before_approval
f222c56f035b47dfa1e069a88235d730,delivered,2018-01-30 09:43:45,2018-02-04 23:31:47,2018-01-31 19:48:44,2018-02-01 20:10:38,2018-02-15,carrier_before_approval
2033a4586b5bec3229ebc1675a8ae092,delivered,2018-06-12 10:10:25,2018-06-12 10:39:59,2018-06-12 10:09:00,2018-06-19 14:08:27,2018-07-19,carrier_before_approval
ff9475663788de57817b221392697cce,delivered,2018-04-19 19:26:39,2018-04-24 18:23:52,2018-04-23 18:26:48,2018-04-30 15:54:33,2018-05-14,carrier_before_approval
fd6ae3b1149c4a3a920086befc628e3d,delivered,2018-06-30 12:19:32,2018-07-05 16:26:52,2018-07-04 12:02:00,2018-07-10 23:19:36,2018-07-27,carrier_before_approval
341dc4ea81fabe7de6af564b72fcf3e2,delivered,2018-07-04 16:17:27,2018-07-05 16:30:57,2018-07-05 15:48:00,2018-07-12 00:28:33,2018-08-09,carrier_before_approval
26449e55a87a5c565d60238999c380ff,delivered,2018-04-22 18:05:20,2018-04-24 18:55:14,2018-04-23 10:42:46,2018-04-24 19:11:46,2018-05-04,carrier_before_approval
c0567ba9f6736e00d05c404aac7c9430,delivered,2018-07-03 20:16:20,2018-07-05 16:21:30,2018-07-04 14:07:00,2018-07-10 20:22:15,2018-07-16,carrier_before_approval
08adcddad19d3acf37d1fa01cb9ded1e,delivered,2018-06-27 11:16:44,2018-06-27 11:30:56,2018-06-27 10:57:00,2018-06-29 17:39:53,2018-07-18,carrier_before_approval
c873d67cdcc79e51c21b47d8c69ada68,delivered,2018-07-02 15:38:53,2018-07-05 16:09:20,2018-07-04 15:15:00,2018-07-11 19:20:34,2018-07-30,carrier_before_approval
dee6298ce7d1fb2645141ef9972157aa,shipped,2018-04-30 14:06:12,2018-04-30 14:15:24,2018-04-30 12:59:00,,2018-05-28,carrier_before_approval
246b14cc444e8a7df0afd80495dfa052,delivered,2018-07-04 01:20:01,2018-07-05 16:33:20,2018-07-05 14:58:00,2018-07-06 19:22:45,2018-07-19,carrier_before_approval
4e157a36ea9cf89bde6fff57a780b525,delivered,2018-08-24 14:37:50,2018-08-24 14:50:14,2018-08-24 12:43:00,2018-08-30 20:47:26,2018-09-10,carrier_before_approval
69a236fbbc4a603ebfa4468a3bdcb140,delivered,2017-04-25 01:46:02,2017-04-27 10:32:00,2017-04-26 09:11:44,2017-05-03 13:39:47,2017-05-25,carrier_before_approval
30bfd28e95a1e63924d71084f47c8ae8,delivered,2018-04-22 14:36:43,2018-04-24 18:55:33,2018-04-24 18:51:06,2018-04-30 16:21:21,2018-05-15,carrier_before_approval
b9386feadadb8bc45d250345f27ac180,delivered,2018-07-04 16:02:31,2018-07-05 17:01:24,2018-07-05 15:18:00,2018-07-12 14:51:10,2018-07-17,carrier_before_approval
d454d6650d375ebc3f9667a4d2fe161c,delivered,2018-05-10 09:12:16,2018-05-10 09:35:13,2018-05-10 09:11:00,2018-05-11 18:58:28,2018-05-23,carrier_before_approval
04323742e042716e4427a5b3536ea08f,delivered,2018-04-23 00:34:50,2018-04-24 17:43:07,2018-04-23 21:21:18,2018-04-24 21:44:36,2018-05-10,carrier_before_approval
96006ddb955ba7f1a9e86d986f6149f3,delivered,2018-06-28 02:01:20,2018-06-28 09:10:28,2018-06-28 08:10:00,2018-07-03 23:03:29,2018-07-20,carrier_before_approval
5928d420527d13a50a884bc80c6ea676,delivered,2018-07-03 15:26:45,2018-07-05 16:19:51,2018-07-04 13:41:00,2018-07-09 16:07:27,2018-07-30,carrier_before_approval
6a83e5c040d9fc9d14c1035925ecee1f,delivered,2018-07-02 18:42:38,2018-07-05 16:15:54,2018-07-04 12:22:00,2018-07-27 16:48:39,2018-07-25,carrier_before_approval
335cf1cb074c8dfcdf59bc86f8255409,delivered,2018-05-15 09:08:59,2018-05-16 09:33:16,2018-05-16 08:57:00,2018-06-08 15:39:24,2018-06-12,carrier_before_approval
48761cfd8309604ddb00a812ae7d9473,delivered,2018-08-16 00:40:20,2018-08-16 16:40:09,2018-08-16 12:41:00,2018-08-23 00:16:28,2018-08-30,carrier_before_approval
53a9c421cf0e7129393a754a4d15b935,delivered,2018-08-19 15:25:06,2018-08-20 12:15:12,2018-08-20 11:30:00,2018-08-28 21:12:39,2018-09-05,carrier_before_approval
159da9914b51de617fe80162939965c5,delivered,2018-07-04 23:13:49,2018-07-05 16:40:26,2018-07-05 14:59:00,2018-07-13 14:04:50,2018-07-24,carrier_before_approval
9109f2cca26d92ac4e064bb93da37c74,delivered,2018-07-22 20:05:18,2018-07-27 23:31:15,2018-07-24 14:01:00,2018-07-31 21:28:59,2018-08-21,carrier_before_approval
a5a9f45d795fafe0077043697f62fd4f,delivered,2018-07-04 14:45:20,2018-07-05 16:30:50,2018-07-04 13:41:00,2018-07-11 23:08:32,2018-08-01,carrier_before_approval
0983f1f175846f974bff91862731fa68,delivered,2018-04-22 19:36:08,2018-04-24 17:55:38,2018-04-23 23:12:14,2018-05-03 00:21:29,2018-05-23,carrier_before_approval
c2320c404179d2b8805c42b8b8de9668,delivered,2018-07-04 19:19:21,2018-07-05 16:22:03,2018-07-05 15:53:00,2018-07-11 18:07:42,2018-08-01,carrier_before_approval
b0ddd4ac01604bb4ae094a307a06ccc9,delivered,2018-07-04 17:03:12,2018-07-05 16:14:54,2018-07-05 12:12:00,2018-07-10 22:48:43,2018-07-23,carrier_before_approval
a99d889887e1de4ac286fc3847455a97,delivered,2018-07-04 12:51:22,2018-07-05 16:26:40,2018-07-04 14:43:00,2018-07-06 18:48:29,2018-07-27,carrier_before_approval
0e8f35f2fcf52b21069856048a64a929,delivered,2018-07-03 14:07:10,2018-07-05 16:21:00,2018-07-04 15:31:00,2018-07-09 19:32:25,2018-07-31,carrier_before_approval
88bf34949a5bb708a123dd12e80ed24d,delivered,2018-07-03 23:02:42,2018-07-05 16:26:57,2018-07-04 11:03:00,2018-07-06 13:18:35,2018-07-27,carrier_before_approval
79a9149e58ce62bd439a996268d1c8f1,delivered,2017-04-28 00:12:06,2017-04-28 11:41:18,2017-04-28 08:37:28,2017-05-10 11:23:35,2017-05-24,carrier_before_approval
d3e50ea4c86a1cfb30aa36e3e388d021,delivered,2018-07-04 07:14:25,2018-07-05 16:21:01,2018-07-04 08:21:00,2018-07-13 00:27:40,2018-08-16,carrier_before_approval
d8e084f74fa06f591e326975ca18a905,delivered,2018-07-22 20:33:06,2018-07-27 23:30:45,2018-07-25 14:14:00,2018-07-31 17:37:38,2018-08-23,carrier_before_approval
8dcdf2ba21745811aaad2fd3ebfc0360,delivered,2018-07-04 03:04:34,2018-07-05 16:08:45,2018-07-05 13:43:00,2018-07-30 15:03:55,2018-08-16,carrier_before_approval
dab23a46abb860b6b4816df41eacd610,delivered,2018-08-08 15:42:27,2018-08-08 15:55:11,2018-08-08 14:56:00,2018-08-11 17:04:47,2018-08-17,carrier_before_approval
bcc74496281fa806f6939a8d8f80f232,delivered,2018-04-20 14:27:30,2018-04-24 19:02:28,2018-04-23 19:13:46,2018-04-25 20:24:48,2018-05-18,carrier_before_approval
dcfdf4c257739648a81742a5ea7f8a07,delivered,2018-04-19 23:24:21,2018-04-24 18:22:33,2018-04-24 11:06:37,2018-04-28 11:36:49,2018-06-08,carrier_before_approval
b4180badf3ac49892e23d6e0276f1e84,delivered,2018-04-26 14:44:05,2018-04-26 14:55:14,2018-04-26 13:51:00,2018-05-03 00:14:44,2018-06-06,carrier_before_approval
49ed07bff8d01accb7ead0923ee6d91d,delivered,2018-06-04 13:25:25,2018-06-04 13:51:36,2018-06-04 13:27:00,2018-06-13 23:51:54,2018-07-20,carrier_before_approval
db17cc060cb420c7dbea80f797f010ae,delivered,2018-07-01 13:03:50,2018-07-05 16:02:39,2018-07-05 14:32:00,2018-07-11 00:32:11,2018-07-25,carrier_before_approval
4fc44d78867142c627497b60a7e0228a,delivered,2018-07-04 20:34:57,2018-07-05 16:33:00,2018-07-05 15:55:00,2018-07-09 20:27:50,2018-07-23,carrier_before_approval
d342d7bad292d68d41d58ffb594cf431,delivered,2018-04-23 09:55:46,2018-04-24 18:38:57,2018-04-24 18:32:41,2018-04-30 15:35:03,2018-05-15,carrier_before_approval
b8739e2347eff7c8473c5b9568fbb221,delivered,2018-07-02 16:50:03,2018-07-05 16:35:32,2018-07-04 15:41:00,2018-07-11 16:53:43,2018-07-20,carrier_before_approval
6f3428447439d9e2de6274149281dae6,delivered,2018-04-22 16:27:11,2018-04-24 17:14:36,2018-04-24 16:04:52,2018-05-04 16:52:50,2018-05-22,carrier_before_approval
88d55d6258872b31bf45ce51a6675c2b,delivered,2018-07-03 14:56:16,2018-07-05 16:21:00,2018-07-04 14:24:00,2018-07-09 19:24:47,2018-07-25,carrier_before_approval
302ba220a9388d22b3f036a1b9919b3f,delivered,2017-12-04 19:12:17,2017-12-06 12:30:43,2017-12-05 23:47:32,2018-01-23 00:52:54,2018-01-02,carrier_before_approval
61527d1d8e32b98b5c185fd4f23a7876,delivered,2018-07-03 09:06:08,2018-07-05 16:32:38,2018-07-03 12:51:00,2018-07-05 20:56:32,2018-07-25,carrier_before_approval
1fb42df5f777c1b9bf5790d888e15075,delivered,2018-06-21 12:26:37,2018-06-21 14:00:26,2018-06-21 13:09:00,2018-07-02 19:07:45,2018-07-20,carrier_before_approval
997aa6af22dd08ccfc5064a112a22aac,delivered,2018-05-22 10:31:02,2018-05-22 17:15:06,2018-05-22 15:43:00,2018-05-24 12:50:34,2018-05-30,carrier_before_approval
adfb9e0fb02034c05e4cdf3395bba600,delivered,2018-06-11 13:54:33,2018-06-11 16:31:48,2018-06-11 16:16:00,2018-06-16 16:44:39,2018-07-05,carrier_before_approval
d32e51406daab72e2dceefb08b096e13,delivered,2018-07-03 13:39:25,2018-07-05 16:26:40,2018-07-04 11:36:00,2018-07-13 14:08:44,2018-08-06,carrier_before_approval
a4652eb1954cd0c3121a95ba49122673,delivered,2018-08-19 21:37:17,2018-08-20 13:30:48,2018-08-20 12:54:00,2018-08-30 09:24:55,2018-09-04,carrier_before_approval
ad5f36b2517f60b9ec2f04f80503566d,delivered,2018-07-04 20:09:40,2018-07-05 16:32:42,2018-07-05 10:46:00,2018-07-10 16:32:19,2018-07-25,carrier_before_approval
1a62fd2d470da1ce51e2d26cea9a44ff,delivered,2018-04-22 18:09:13,2018-04-24 18:57:03,2018-04-23 21:33:13,2018-04-26 22:22:58,2018-05-10,carrier_before_approval
785f211a578f2b593e6ecaa4db29fdfb,delivered,2018-04-22 16:50:28,2018-04-24 17:30:09,2018-04-23 19:17:28,2018-05-05 14:34:43,2018-05-24,carrier_before_approval
163679b19841bb6d73176f4a5a80a0d6,delivered,2018-04-21 22:09:47,2018-04-24 17:16:50,2018-04-23 23:17:42,2018-05-07 19:04:15,2018-05-23,carrier_before_approval
f75d04d7bf218d0026ebdbd703d70fa0,delivered,2018-07-03 20:43:12,2018-07-05 16:34:57,2018-07-04 11:44:00,2018-07-13 16:41:32,2018-08-21,carrier_before_approval
be0c42b7b7e9edd961e7d70426720a0d,delivered,2018-07-03 17:28:51,2018-07-05 16:33:20,2018-07-04 10:48:00,2018-07-09 16:52:37,2018-08-03,carrier_before_approval
e3be8e7970afa286e942ea4273061bae,delivered,2018-07-04 13:08:42,2018-07-05 16:10:41,2018-07-05 14:45:00,2018-07-10 21:24:51,2018-08-08,carrier_before_approval
3b2d986d88e983cc12154191391193ad,delivered,2018-07-03 15:33:00,2018-07-05 16:05:54,2018-07-04 15:11:00,2018-07-11 05:21:03,2018-08-01,carrier_before_approval
69e1614e5770f92d02af5b0f875c11b4,delivered,2018-06-12 14:31:03,2018-06-12 15:05:54,2018-06-12 14:47:00,2018-06-26 00:28:22,2018-07-18,carrier_before_approval
e905fcbedf011d18698d529c885b7802,delivered,2018-07-04 22:07:48,2018-07-05 16:31:08,2018-07-05 12:23:00,2018-07-06 14:58:41,2018-07-18,carrier_before_approval
79c25882bf9157a3e38e7edb7c3a7286,delivered,2018-07-04 16:28:49,2018-07-05 16:33:13,2018-07-05 15:44:00,2018-07-09 14:44:36,2018-07-30,carrier_before_approval
d0654bfcd7000854a697aaee3ff7c5aa,delivered,2018-07-04 11:09:45,2018-07-05 16:27:45,2018-07-04 14:30:00,2018-07-09 18:12:24,2018-07-24,carrier_before_approval
2d7a8c97e529d66fad6f5eef0f44d6a4,delivered,2018-04-19 22:37:19,2018-04-24 17:53:00,2018-04-23 18:46:52,2018-05-07 23:03:35,2018-05-14,carrier_before_approval
5c5a8c9c0e8a30b697d7cea5123db572,delivered,2018-07-22 12:31:20,2018-07-23 11:32:08,2018-07-23 10:12:00,2018-07-26 16:19:51,2018-08-10,carrier_before_approval
655d3e557522f80b4384eebaaaae9cda,delivered,2018-05-03 10:39:55,2018-05-04 08:31:01,2018-05-03 14:30:00,2018-05-07 23:18:41,2018-05-21,carrier_before_approval
47252c5b9ec88c714460e3e34fb08d5d,delivered,2018-06-11 12:48:52,2018-06-12 09:37:25,2018-06-11 14:49:00,2018-06-22 19:48:30,2018-06-28,carrier_before_approval
6c5d1e03493316b72304f07834a03325,delivered,2018-06-12 13:56:41,2018-06-12 14:27:00,2018-06-12 13:06:00,2018-07-17 16:32:20,2018-07-11,carrier_before_approval
b4eeb5f8b01e30cfea0247dfbee0d054,delivered,2018-07-03 14:40:57,2018-07-05 16:17:32,2018-07-04 11:19:00,2018-07-09 20:18:44,2018-07-20,carrier_before_approval
def0457f3544c33499ba8f27f14c937c,delivered,2017-07-29 12:44:12,2017-08-02 08:34:48,2017-08-01 12:08:02,2017-08-02 18:49:38,2017-08-18,carrier_before_approval
ab2830d9aa052d7aee54359bc3f61d0c,delivered,2018-07-03 19:11:43,2018-07-05 16:27:04,2018-07-04 13:55:00,2018-07-13 19:16:38,2018-07-26,carrier_before_approval
038f8b45fafa1130d2557e5b8dfd5d71,delivered,2018-07-22 13:00:04,2018-07-23 11:31:28,2018-07-23 11:11:00,2018-07-24 19:06:39,2018-08-01,carrier_before_approval
45acb6840b062e10dd63454b19ce5212,delivered,2018-07-03 18:36:57,2018-07-05 16:21:01,2018-07-05 12:46:00,2018-07-11 20:03:42,2018-07-31,carrier_before_approval
c4045d70da44ecbef2afb4407592fe90,delivered,2018-05-10 17:53:13,2018-05-11 14:16:17,2018-05-11 13:26:00,2018-05-18 22:04:46,2018-06-07,carrier_before_approval
61ce184c1c73abf33b18c98b0dff1229,delivered,2018-07-04 19:48:39,2018-07-05 16:21:59,2018-07-05 15:17:00,2018-07-11 20:28:44,2018-07-31,carrier_before_approval
93c781a8790c89bac596f6ff7d924c73,delivered,2018-07-03 09:52:19,2018-07-05 16:31:10,2018-07-04 11:06:00,2018-07-10 20:11:08,2018-07-30,carrier_before_approval
1ffb3c1929b16d9c1aec1958e11b3e9b,delivered,2018-06-30 13:37:47,2018-07-05 16:27:01,2018-07-03 14:13:00,2018-07-09 20:41:43,2018-07-25,carrier_before_approval
f2ec7f6dc805433a2e8552ab56ef33bc,delivered,2018-07-03 14:15:30,2018-07-05 16:33:01,2018-07-04 13:01:00,2018-07-11 18:32:25,2018-07-30,carrier_before_approval
2f66b4903890f8fcc8bccfd80510dae9,delivered,2018-04-23 21:25:00,2018-04-24 18:24:18,2018-04-24 18:04:46,2018-05-11 11:39:27,2018-05-24,carrier_before_approval
12464d1f4f0401e086966a5333ae812a,delivered,2018-07-04 12:48:50,2018-07-05 16:33:22,2018-07-05 11:47:00,2018-07-06 16:32:31,2018-07-18,carrier_before_approval
49b25de91ca7ebe3b4b740b332b5e0a0,delivered,2018-01-29 10:15:59,2018-02-03 23:31:46,2018-02-01 13:35:49,2018-02-23 21:09:56,2018-03-02,carrier_before_approval
f6db57e68ebbac1c6281a7baf178df17,delivered,2018-07-04 21:06:27,2018-07-05 16:07:29,2018-07-05 12:30:00,2018-07-10 20:28:19,2018-07-24,carrier_before_approval
5a8c964d59cf60933991dc8ebb88bfa2,delivered,2018-07-22 18:59:01,2018-07-23 12:31:33,2018-07-23 11:11:00,2018-07-30 17:42:06,2018-08-13,carrier_before_approval
0fcb17f553e4ac7cd19be95d11a1669f,delivered,2018-05-10 14:51:36,2018-05-10 15:11:39,2018-05-10 14:54:00,2018-05-12 00:21:55,2018-05-23,carrier_before_approval
326fa4ef13e06290f3b142da7663d4af,delivered,2018-08-06 09:33:48,2018-08-11 23:31:58,2018-08-06 12:33:00,2018-08-17 20:35:24,2018-08-23,carrier_before_approval
ede6a833580744e002b0ee65323a3006,delivered,2018-08-17 15:11:53,2018-08-17 15:29:26,2018-08-17 14:07:00,2018-08-22 19:28:52,2018-09-12,carrier_before_approval
ea1c943b92b11b5d15ba43481b4e3ab8,delivered,2018-05-15 12:10:21,2018-05-15 14:35:08,2018-05-15 13:49:00,2018-05-21 20:36:49,2018-06-01,carrier_before_approval
1227f9af3b2ddb0b95060aab8e5b3dc7,delivered,2018-05-10 14:48:29,2018-05-10 15:11:25,2018-05-10 14:00:00,2018-05-18 16:21:53,2018-06-07,carrier_before_approval
b9f5ca0dd8ac07db0b02705dc2be4d21,delivered,2018-04-23 11:12:58,2018-04-24 18:52:59,2018-04-24 16:48:51,2018-05-04 02:12:41,2018-05-16,carrier_before_approval
9aa39c76674f9f645b97303b4c2e3cc4,delivered,2018-07-05 06:46:44,2018-07-05 16:23:36,2018-07-05 11:56:00,2018-07-12 17:38:29,2018-08-01,carrier_before_approval
e9541359c8913cd9c5a99703b92f84fc,delivered,2018-04-20 16:28:14,2018-04-24 19:26:30,2018-04-24 18:58:49,2018-05-02 11:06:31,2018-05-14,carrier_before_approval
fea523ebb7e205d346f445544e0a18fd,delivered,2018-08-17 12:46:57,2018-08-17 14:15:18,2018-08-17 13:35:00,2018-08-24 22:12:54,2018-09-05,carrier_before_approval
2996234f359b5a3b99263b0f5b841d86,delivered,2018-08-15 15:48:50,2018-08-15 16:05:12,2018-08-15 14:16:00,2018-08-22 22:34:27,2018-09-04,carrier_before_approval
3910ae71e82730e3c560049e7637b3c2,delivered,2018-04-22 23:13:59,2018-04-24 18:55:51,2018-04-23 23:40:58,2018-05-02 19:14:49,2018-05-17,carrier_before_approval
3e08eeb1c28dd17c084f4c0924104e20,delivered,2018-07-04 01:10:05,2018-07-05 16:12:11,2018-07-04 10:13:00,2018-07-09 13:34:33,2018-07-24,carrier_before_approval
347a523a41b9c5ff0194b0cbdff11fc7,delivered,2018-04-22 12:10:46,2018-04-24 17:22:07,2018-04-23 19:41:27,2018-04-26 20:46:37,2018-05-18,carrier_before_approval
7fc19fa60f9bb0d99b980a47eee3ec28,delivered,2018-04-20 20:42:38,2018-04-24 19:26:07,2018-04-23 21:36:45,2018-05-07 17:32:14,2018-05-16,carrier_before_approval
9c7786ec8d2394cbee42bba833f7c537,delivered,2017-04-27 23:45:10,2017-04-28 11:46:07,2017-04-28 10:57:41,2017-05-05 15:49:46,2017-05-30,carrier_before_approval
16388d0b6852174384f06c9f1509d10c,delivered,2018-08-10 00:10:24,2018-08-10 15:50:17,2018-08-10 15:20:00,2018-08-15 19:32:42,2018-08-23,carrier_before_approval
108c3238d247dead3fd7423cf8990c5b,delivered,2018-08-14 13:49:12,2018-08-14 14:04:33,2018-08-14 13:17:00,2018-08-23 16:06:36,2018-09-06,carrier_before_approval
1349bbe7ded8d9342526c249d9e6ceb6,delivered,2018-07-10 16:34:55,2018-07-13 10:31:22,2018-07-11 15:00:00,2018-07-17 22:03:41,2018-07-30,carrier_before_approval
5e703e05bcb502963f75e2a2a2eb7b73,delivered,2018-07-01 14:01:27,2018-07-05 16:22:47,2018-07-04 08:51:00,2018-07-20 17:11:48,2018-07-27,carrier_before_approval
c56d2279b4db3e7028c3d647e709cee9,delivered,2018-04-22 15:36:47,2018-04-24 18:44:37,2018-04-24 16:18:34,2018-04-28 02:05:11,2018-05-16,carrier_before_approval
0150004d4d8eb63f9948de164da34e34,delivered,2018-05-15 15:13:06,2018-05-15 15:34:59,2018-05-15 14:58:00,2018-05-23 18:13:16,2018-06-07,carrier_before_approval
13d6f87da8ba3d0feb95e58ab304a9dd,delivered,2018-05-21 11:15:29,2018-05-24 17:33:05,2018-05-21 14:47:00,2018-06-12 00:03:33,2018-06-05,carrier_before_approval
06f39c67a9d68f76a8bfdb092852829f,delivered,2018-07-04 18:14:57,2018-07-05 16:32:57,2018-07-05 15:17:00,2018-07-09 21:33:12,2018-08-02,carrier_before_approval
a605e090234561f97bea7da842220f0d,delivered,2018-07-02 09:01:31,2018-07-05 16:21:51,2018-07-05 15:51:00,2018-07-11 16:54:17,2018-07-30,carrier_before_approval
af68048a682392b0cc14f22a8eef5b7e,delivered,2018-04-22 22:25:07,2018-04-24 18:12:48,2018-04-23 21:12:06,2018-04-24 21:41:12,2018-05-10,carrier_before_approval
9419274d2366b746f60fce753c5a3618,delivered,2018-07-22 22:00:38,2018-07-27 23:30:47,2018-07-24 13:08:00,2018-07-31 19:32:32,2018-08-13,carrier_before_approval
19a870c81a3ab57258a090b0976ec5ee,delivered,2018-07-03 10:12:47,2018-07-05 16:21:33,2018-07-04 13:44:00,2018-07-11 15:21:07,2018-07-25,carrier_before_approval
4895f8a5926847fbac7dd72661f60dd0,delivered,2018-07-30 16:39:18,2018-08-01 16:31:37,2018-07-31 14:05:00,2018-08-02 00:28:44,2018-08-08,carrier_before_approval
4fab84dd561f10bb9c98293f34d749fa,delivered,2018-07-03 12:04:03,2018-07-05 16:32:43,2018-07-05 14:25:00,2018-07-11 15:24:32,2018-07-27,carrier_before_approval
cf72398d0690f841271b695bbfda82d2,delivered,2017-09-01 18:45:33,2017-09-13 22:04:39,2017-09-04 20:12:41,2017-09-11 14:15:02,2017-09-21,carrier_before_approval
11433594967d07f9ed0b30827fd35385,delivered,2018-04-20 15:36:47,2018-04-24 17:59:45,2018-04-23 19:12:56,2018-05-04 19:12:47,2018-05-18,carrier_before_approval
6cac054c444c98466bfa9af759df2f8a,delivered,2018-07-03 09:49:30,2018-07-05 16:13:01,2018-07-05 12:26:00,2018-07-10 19:34:17,2018-08-01,carrier_before_approval
da383ff6aa9558f3bd909b1d76789381,delivered,2018-08-20 13:56:52,2018-08-20 16:11:39,2018-08-20 13:55:00,2018-08-27 23:32:23,2018-08-31,carrier_before_approval
46bbd69cb8d68f6c34fc754e569b4630,delivered,2018-06-26 08:30:04,2018-06-26 11:56:57,2018-06-26 10:51:00,2018-07-03 16:28:47,2018-07-19,carrier_before_approval
ead9d718dbe26ebdb5a79beb5f31eff6,delivered,2018-04-19 11:13:02,2018-04-24 18:25:22,2018-04-24 00:15:12,2018-05-09 16:37:37,2018-05-17,carrier_before_approval
9d70bcdf379a446b3a834de708aa7781,delivered,2018-07-03 23:26:30,2018-07-05 16:17:23,2018-07-04 11:55:00,2018-07-07 13:14:44,2018-07-23,carrier_before_approval
9b087af1d905d8987ae126797c9d15b1,delivered,2018-08-01 13:47:04,2018-08-01 14:04:26,2018-08-01 13:31:00,2018-08-08 13:35:29,2018-08-15,carrier_before_approval
29f49e25d09d4c903d8b17278b5e59bf,delivered,2018-01-29 17:44:02,2018-02-03 23:31:44,2018-02-01 10:42:12,2018-02-16 18:56:33,2018-02-20,carrier_before_approval
ab478182632e0212e5edd04806d1238c,delivered,2018-07-02 11:41:29,2018-07-05 16:03:57,2018-07-04 11:36:00,2018-07-10 22:36:42,2018-07-20,carrier_before_approval
fb3cf8c9eb2412b0edc0a00a8f43a869,delivered,2018-05-29 14:07:25,2018-05-29 14:39:27,2018-05-29 13:58:00,2018-06-05 21:46:32,2018-07-20,carrier_before_approval
ff280fe8985905ec69a41d6510cdcbe4,delivered,2018-01-30 20:36:55,2018-02-04 23:31:36,2018-01-31 21:15:01,2018-02-06 18:56:42,2018-02-15,carrier_before_approval
fb6343faebbbee8c21d59d4ae59477a8,delivered,2018-07-04 11:27:08,2018-07-05 16:33:04,2018-07-05 15:51:00,2018-07-11 19:26:27,2018-08-06,carrier_before_approval
721b6eed5d18982b6869d2b1440e0fb2,delivered,2018-04-21 10:13:19,2018-04-24 17:27:06,2018-04-23 18:22:02,2018-04-26 03:12:03,2018-05-08,carrier_before_approval
478b98b4c7442950e6911539465abc95,delivered,2018-04-21 00:33:15,2018-04-24 19:27:57,2018-04-24 18:19:48,2018-04-30 21:57:49,2018-05-18,carrier_before_approval
fba03bf5e3db2585caab95fb6ef71c45,delivered,2018-04-22 01:19:36,2018-04-24 18:59:06,2018-04-23 19:22:54,2018-04-30 14:51:56,2018-05-16,carrier_before_approval
ee2c523648f8d3fddba9f09bc16a6490,delivered,2018-04-22 03:25:16,2018-04-24 18:59:39,2018-04-23 18:51:29,2018-04-26 10:48:46,2018-05-10,carrier_before_approval
0cf80be143500050973f324c3e068196,delivered,2018-07-26 14:33:26,2018-07-26 14:45:08,2018-07-26 13:32:00,2018-07-30 22:22:08,2018-08-15,carrier_before_approval
04ca915235b56ef2ce81703cdaa6a24b,delivered,2018-07-04 20:46:09,2018-07-05 16:20:57,2018-07-05 11:14:00,2018-07-10 20:38:39,2018-07-27,carrier_before_approval
9b5038dbc6702b00b24b9d493c82c371,delivered,2018-07-05 08:52:07,2018-07-05 16:10:18,2018-07-05 10:44:00,2018-07-11 21:04:54,2018-07-24,carrier_before_approval
5b431846416d0c400a970fee0d33b654,delivered,2018-04-21 19:04:31,2018-04-24 17:43:39,2018-04-23 19:03:11,2018-04-27 21:25:38,2018-05-16,carrier_before_approval
c1eee1544b567f58a25bad708d0d41bb,delivered,2018-04-23 14:49:20,2018-04-24 19:24:32,2018-04-24 18:02:25,2018-05-02 19:38:28,2018-05-17,carrier_before_approval
cf1748350d5972bde01008c436083c4b,delivered,2018-07-03 09:08:15,2018-07-05 16:08:04,2018-07-05 10:44:00,2018-07-10 15:22:09,2018-07-27,carrier_before_approval
16651b7711b8c360e79e0ac07fc8a1a9,delivered,2018-04-19 13:16:47,2018-04-24 17:43:05,2018-04-21 00:03:26,2018-05-02 22:58:44,2018-05-21,carrier_before_approval
28fb57d39d543fade1e8fa4804f7483e,delivered,2018-06-07 14:47:17,2018-06-07 15:18:51,2018-06-07 14:09:00,2018-06-20 11:28:36,2018-07-11,carrier_before_approval
6df6c9c9af6ef75b4f06f8a7b9f47e9c,delivered,2018-07-23 08:50:48,2018-07-28 23:31:06,2018-07-24 14:47:00,2018-07-26 17:03:43,2018-07-31,carrier_before_approval
edaa372913b1dc07209e39b2f15f605c,delivered,2018-07-03 08:54:06,2018-07-05 16:40:34,2018-07-04 11:28:00,2018-07-10 16:56:45,2018-07-31,carrier_before_approval
b8684227da189137e8ecfd39564f85e1,delivered,2018-04-22 22:23:40,2018-04-24 18:11:28,2018-04-23 17:07:40,2018-04-26 18:08:49,2018-05-10,carrier_before_approval
efd4b23521a036f85f700bc5cb8fe971,delivered,2018-04-22 19:50:09,2018-04-24 18:14:36,2018-04-23 21:56:43,2018-04-30 19:54:50,2018-05-08,carrier_before_approval
933824572e25f2482e2b59e73b1c9858,delivered,2018-07-04 22:45:03,2018-07-05 16:13:04,2018-07-05 10:21:00,2018-07-11 19:08:27,2018-08-06,carrier_before_approval
6192897f85cb2aff6dd1fca56fddb45e,delivered,2018-07-18 13:34:22,2018-07-18 13:50:12,2018-07-18 11:33:00,2018-07-26 15:02:53,2018-08-03,carrier_before_approval
a00d80133807b3fcebee86be41116908,delivered,2018-04-22 17:44:50,2018-04-24 18:35:49,2018-04-23 22:37:31,2018-04-25 22:56:48,2018-05-08,carrier_before_approval
a850819097762e4dd825ae3d911f5861,delivered,2018-07-22 12:16:24,2018-07-23 11:31:42,2018-07-23 11:21:00,2018-07-31 16:10:37,2018-08-13,carrier_before_approval
c76b75e541b06461ec9cf363fd962ee3,delivered,2018-05-23 15:50:05,2018-05-23 16:16:01,2018-05-23 14:51:00,2018-06-07 19:31:51,2018-07-02,carrier_before_approval
67d53222525b2b5b1e913487b953e2db,delivered,2018-02-14 22:36:40,2018-02-16 14:29:50,2018-02-15 19:25:54,2018-02-28 23:58:37,2018-03-15,carrier_before_approval
03c8468d3001db38cadd59ac670341cc,delivered,2018-07-22 16:21:23,2018-07-27 23:31:15,2018-07-24 14:02:00,2018-08-02 01:46:31,2018-08-07,carrier_before_approval
0f75f2844ce21ea30f36b770fe2459c3,delivered,2018-07-03 22:46:47,2018-07-05 16:33:00,2018-07-05 10:22:00,2018-07-10 17:32:04,2018-08-01,carrier_before_approval
7916e8283be68b0f8c475ec68cf0f333,delivered,2018-07-03 10:52:13,2018-07-05 16:26:49,2018-07-05 14:13:00,2018-07-13 15:12:50,2018-07-27,carrier_before_approval
1fab4ac9d85079b3da72a11475ae1685,delivered,2017-09-01 19:04:22,2017-09-13 22:06:11,2017-09-04 13:10:23,2017-09-08 20:13:03,2017-09-20,carrier_before_approval
d8ff993abef623e4c9956f245c4345e9,delivered,2018-08-04 04:59:37,2018-08-09 23:31:23,2018-08-06 18:18:00,2018-08-14 00:07:41,2018-08-16,carrier_before_approval
83b168c70ec0325445963b36cda1eef3,delivered,2018-04-21 23:25:36,2018-04-24 18:59:21,2018-04-23 21:11:20,2018-04-28 13:44:42,2018-05-18,carrier_before_approval
d19e65e88e48b013c91b0e77c852d06e,delivered,2018-06-08 16:40:18,2018-06-08 19:31:01,2018-06-08 15:31:00,2018-06-23 18:28:47,2018-07-18,carrier_before_approval
16ee19fe4df0a090015e2fa16f3bf3e0,delivered,2018-04-23 10:13:38,2018-04-24 18:39:58,2018-04-24 18:34:54,2018-05-02 19:33:37,2018-05-22,carrier_before_approval
e1bea0700731c9179b4e7e2e0183aa14,delivered,2018-08-03 15:37:48,2018-08-03 15:55:20,2018-08-03 15:09:00,2018-08-08 20:28:35,2018-08-15,carrier_before_approval
a75dc59fb32aa2b2ba7db8573eabd774,delivered,2018-07-04 18:32:44,2018-07-05 16:30:53,2018-07-05 14:10:00,2018-07-09 17:48:53,2018-07-24,carrier_before_approval
9d53272cfdce55bd62a920f66ad66e47,delivered,2018-07-04 14:47:16,2018-07-05 16:32:52,2018-07-05 12:23:00,2018-07-09 23:07:19,2018-08-01,carrier_before_approval
c13a062c19003147450d2f42e7b7239b,delivered,2018-07-04 23:39:56,2018-07-05 16:32:44,2018-07-05 14:15:00,2018-07-06 15:45:00,2018-07-17,carrier_before_approval
a103ca0d5926c0afb6a2892545f93a7c,delivered,2018-05-16 14:37:16,2018-05-16 15:18:06,2018-05-16 14:05:00,2018-06-02 17:27:55,2018-06-07,carrier_before_approval
2222dbaded2c9c8406d1cbdeae118948,delivered,2018-07-03 08:30:36,2018-07-05 16:32:56,2018-07-05 13:25:00,2018-07-10 17:52:28,2018-07-19,carrier_before_approval
35df0cf1d7650c5c0ad88837c4dfde89,delivered,2018-07-04 11:02:43,2018-07-05 16:13:16,2018-07-05 14:05:00,2018-07-10 15:28:43,2018-07-24,carrier_before_approval
0132f39e8ad9b42ad2d41c847f44c0ed,delivered,2018-07-05 14:49:56,2018-07-05 16:22:32,2018-07-05 14:58:00,2018-07-06 21:09:08,2018-07-18,carrier_before_approval
a729a5577a90047af954bb2210ebca66,delivered,2018-07-23 10:52:58,2018-07-28 23:30:57,2018-07-25 14:12:00,2018-07-30 19:05:09,2018-08-02,carrier_before_approval
c0cb48c270009fc128318b2f9eda3bec,delivered,2018-04-22 17:47:10,2018-04-24 18:34:06,2018-04-23 18:02:33,2018-05-04 18:17:35,2018-05-15,carrier_before_approval
19d1e5344936559f5f7b21099fdadd0e,delivered,2018-07-02 16:41:22,2018-07-05 16:14:55,2018-07-04 10:59:00,2018-07-10 17:32:02,2018-07-30,carrier_before_approval
c43d9824271456d761379296996811fc,delivered,2018-07-22 14:46:56,2018-07-23 12:32:44,2018-07-23 11:25:00,2018-07-26 18:46:42,2018-08-06,carrier_before_approval
94854459746ccda5ed3c3440739bb202,delivered,2018-04-20 19:00:01,2018-04-24 18:35:04,2018-04-23 19:23:47,2018-04-26 20:14:49,2018-05-15,carrier_before_approval
6d482de66fa3ace9fc873ae40f19c4a6,delivered,2018-07-20 19:40:40,2018-07-25 23:31:51,2018-07-24 15:31:00,2018-07-30 18:16:51,2018-07-31,carrier_before_approval
65c103df35abbe57462ae508a41fe3a3,delivered,2018-07-03 18:38:29,2018-07-05 16:31:14,2018-07-05 15:51:00,2018-07-12 00:40:57,2018-08-02,carrier_before_approval
722551f92737b15702800d3c63dcda10,delivered,2018-07-04 21:51:47,2018-07-05 16:23:18,2018-07-05 12:23:00,2018-07-11 20:35:39,2018-08-01,carrier_before_approval
a14cb0a59ebadf133edc5ccb9ccfc0e7,delivered,2018-06-26 15:38:05,2018-06-26 15:56:48,2018-06-26 15:18:00,2018-06-28 21:38:33,2018-07-12,carrier_before_approval
4409219388d83b4e077e0537ac46ec0c,delivered,2018-04-21 13:04:58,2018-04-24 18:05:45,2018-04-24 02:07:00,2018-05-11 23:11:38,2018-05-16,carrier_before_approval
33526a04c7941ab386cc410962b171a0,delivered,2018-07-24 13:43:20,2018-07-24 13:55:23,2018-07-24 13:03:00,2018-07-30 12:26:29,2018-08-17,carrier_before_approval
4b8f5652792df716a6e936ae0c78a935,delivered,2017-06-26 12:05:33,2017-07-01 21:33:24,2017-06-26 13:05:19,2017-07-12 19:47:28,2017-08-28,carrier_before_approval
fa962e76e50f3469ae2abfa54e6d5be0,delivered,2018-07-22 13:07:02,2018-07-27 23:30:58,2018-07-24 14:38:00,2018-07-25 18:21:18,2018-07-31,carrier_before_approval
00b4c651133c06fb175123a492f1cac3,delivered,2018-08-17 12:56:21,2018-08-17 14:27:21,2018-08-17 13:54:00,2018-08-23 13:22:44,2018-08-28,carrier_before_approval
37426c9050d76817b80ce7208f081fbd,delivered,2018-04-22 19:48:14,2018-04-24 18:09:44,2018-04-24 02:07:00,2018-04-25 19:26:35,2018-05-07,carrier_before_approval
d9544a5262bc4ab34c701c37a69635c2,delivered,2017-07-30 22:21:37,2017-08-04 11:33:20,2017-08-02 18:22:28,2017-08-14 16:45:09,2017-08-22,carrier_before_approval
518f64553f1bdccfe47ed290584a60a3,delivered,2018-07-04 14:42:06,2018-07-05 16:35:08,2018-07-05 13:29:00,2018-07-07 12:42:00,2018-07-18,carrier_before_approval
d477ea450bb767cf9e8bea5fde7336d8,delivered,2017-04-26 03:54:32,2017-04-27 13:36:39,2017-04-27 10:59:36,2017-05-05 15:23:56,2017-05-15,carrier_before_approval
2a797f1dfd6274ca81b660f4c59d0269,delivered,2018-07-02 21:29:00,2018-07-05 16:09:39,2018-07-04 14:50:00,2018-07-11 20:18:31,2018-07-25,carrier_before_approval
3bef345f66e6215315fa59acd680c863,delivered,2018-07-04 10:52:31,2018-07-05 16:25:43,2018-07-05 14:03:00,2018-07-12 16:04:35,2018-07-27,carrier_before_approval
31baa0ae964c43e70c451e1928483669,delivered,2018-08-23 10:13:22,2018-08-23 10:25:32,2018-08-23 08:54:00,2018-08-25 12:28:46,2018-09-13,carrier_before_approval
666e488ce51569ca13755283bce0e7f0,delivered,2018-04-23 00:26:17,2018-04-24 19:04:44,2018-04-24 16:36:56,2018-05-17 13:47:25,2018-05-09,carrier_before_approval
38144a7c1f1d4d5bffe36063d9fc7df6,delivered,2018-05-03 15:31:48,2018-05-03 16:30:26,2018-05-03 15:34:00,2018-05-09 19:58:29,2018-06-04,carrier_before_approval
4d3fd3b2bf5c3adc542718183a646bac,delivered,2018-04-22 15:59:16,2018-04-24 19:02:04,2018-04-23 19:14:24,2018-05-15 11:28:40,2018-06-04,carrier_before_approval
b5ee9c8a7edd714067ee2db82c6da589,delivered,2018-04-23 12:38:56,2018-04-24 17:28:58,2018-04-24 17:13:05,2018-04-30 21:34:25,2018-05-22,carrier_before_approval
7be2814aa6db9f9f8652edee423f5863,delivered,2018-07-03 09:49:11,2018-07-05 16:40:36,2018-07-03 15:16:00,2018-07-06 12:44:52,2018-07-20,carrier_before_approval
4308e12e9ffac5a442e69838bb90872d,delivered,2018-06-05 13:29:29,2018-06-05 14:31:59,2018-06-05 13:41:00,2018-06-13 01:22:16,2018-07-05,carrier_before_approval
0f4ac89389a25eb2b1d923e4ed43c0a6,delivered,2018-07-04 12:11:44,2018-07-05 16:33:00,2018-07-05 13:41:00,2018-07-14 13:48:37,2018-07-26,carrier_before_approval
966d900084ff48f38516ba0a9bd50cfe,delivered,2017-12-04 09:15:59,2017-12-05 10:30:56,2017-12-04 23:28:03,2017-12-15 00:53:24,2017-12-29,carrier_before_approval
b5b79bbbc8693953906951dad6a55f07,delivered,2018-07-03 12:56:35,2018-07-05 16:31:11,2018-07-05 15:37:00,2018-07-09 23:04:42,2018-08-01,carrier_before_approval
13ccf8b8e58a45adbc06ffb651474fdf,delivered,2018-04-22 18:36:45,2018-04-24 19:17:20,2018-04-23 20:59:06,2018-04-24 21:11:03,2018-05-09,carrier_before_approval
8c603c4cd6c5340bc4892c36e662a0bb,delivered,2018-04-20 20:12:31,2018-04-24 18:16:44,2018-04-24 17:15:50,2018-05-22 14:05:39,2018-05-25,carrier_before_approval
67274e3826cb110f3d0cb45f33c2275e,delivered,2018-07-03 12:31:00,2018-07-05 16:27:40,2018-07-03 15:16:00,2018-07-05 21:58:31,2018-07-16,carrier_before_approval
a99907012a9719344a76cffd42960499,delivered,2017-04-27 21:42:23,2017-04-28 12:53:50,2017-04-28 09:12:53,2017-05-12 13:38:05,2017-06-12,carrier_before_approval
45281486033aa1a5fb951a3cb2105e29,delivered,2018-02-14 23:23:43,2018-02-16 14:30:51,2018-02-15 19:29:01,2018-02-17 17:19:06,2018-03-01,carrier_before_approval
5a45d91a6a45708d28e1f018a24a2607,delivered,2018-04-21 18:35:45,2018-04-24 19:06:34,2018-04-23 17:27:42,2018-04-26 17:58:26,2018-05-21,carrier_before_approval
fda1a539f5eb9cb47272718d3b833f79,delivered,2018-04-21 16:19:21,2018-04-24 18:34:08,2018-04-24 16:32:14,2018-05-02 16:36:53,2018-05-17,carrier_before_approval
654da57158d96035814657b5143bb11b,delivered,2017-06-11 20:03:52,2017-06-16 23:33:49,2017-06-12 14:52:53,2017-07-03 16:16:46,2017-07-10,carrier_before_approval
89db72753850524e71c11a2531aef8b8,delivered,2018-01-30 15:54:34,2018-02-04 23:31:38,2018-01-31 21:24:06,2018-02-15 22:39:46,2018-02-26,carrier_before_approval
19ac9c16a1ba1aad8f39aee10e7daef2,delivered,2018-04-20 13:27:24,2018-04-24 18:57:07,2018-04-23 23:25:30,2018-04-30 19:58:51,2018-05-16,carrier_before_approval
fcb9ec0e86e6d326a21a96c2008c8610,delivered,2018-08-16 16:28:13,2018-08-16 16:49:04,2018-08-16 16:27:00,2018-08-20 19:54:47,2018-09-03,carrier_before_approval
4ee4c7c2fa34f8e2a66accd827f53d1f,delivered,2018-07-02 16:04:03,2018-07-05 16:15:55,2018-07-03 13:35:00,2018-07-06 11:03:24,2018-07-25,carrier_before_approval
5b9075f2428968c2587dad5024af0f63,delivered,2018-06-26 11:24:48,2018-06-26 11:35:59,2018-06-26 10:58:00,2018-07-12 14:37:43,2018-07-25,carrier_before_approval
b367cc1437c9d0b2794f759930e61eba,delivered,2018-04-21 09:43:04,2018-04-24 18:42:20,2018-04-23 22:28:54,2018-04-28 15:03:18,2018-05-30,carrier_before_approval
0467205a89711e4ec8e70ef2277e3287,delivered,2018-07-03 10:30:52,2018-07-05 16:40:30,2018-07-03 13:12:00,2018-07-04 22:42:41,2018-07-16,carrier_before_approval
22648d496637318d8713a49b4e628a87,delivered,2018-07-30 13:55:11,2018-08-01 16:31:32,2018-07-31 14:07:00,2018-08-02 19:47:49,2018-08-09,carrier_before_approval
e9136cf586a5b6aecf6fcd804542772c,delivered,2018-04-21 15:00:13,2018-04-24 18:58:58,2018-04-23 22:34:49,2018-04-24 22:51:47,2018-05-04,carrier_before_approval
3f35998ab9e335d4bbce362585565265,delivered,2018-06-27 12:13:43,2018-06-28 08:50:49,2018-06-28 08:10:00,2018-07-11 14:56:38,2018-08-03,carrier_before_approval
c50c0ae5e7fcdb752cc2d1c9e357c82b,delivered,2018-04-22 21:32:09,2018-04-24 17:13:21,2018-04-24 16:10:45,2018-05-10 19:18:39,2018-05-21,carrier_before_approval
505b77e04872f9f03ae71d4f75f43af4,delivered,2018-07-03 17:32:52,2018-07-05 16:31:43,2018-07-04 08:41:00,2018-07-05 23:26:46,2018-07-16,carrier_before_approval
95811675a89b66659996da5285a021db,delivered,2018-08-09 11:07:40,2018-08-09 15:25:22,2018-08-09 13:37:00,2018-08-14 16:21:43,2018-08-23,carrier_before_approval
472ef9d922172a83923731547a53978f,delivered,2018-04-22 09:29:31,2018-04-24 19:02:00,2018-04-23 19:28:40,2018-05-14 22:08:47,2018-05-21,carrier_before_approval
b59907afa60164e884ce406116efc58d,delivered,2018-07-02 08:44:56,2018-07-05 16:13:12,2018-07-05 12:45:00,2018-07-10 22:31:55,2018-07-20,carrier_before_approval
ad0c8220f99f61bf17c26f4732bda83a,delivered,2018-07-05 14:46:33,2018-07-05 16:22:32,2018-07-05 15:50:00,2018-07-13 01:11:53,2018-08-01,carrier_before_approval
af00499b52c61ba01c141aa619499861,delivered,2018-07-01 13:48:36,2018-07-05 16:03:55,2018-07-03 15:45:00,2018-07-11 17:48:46,2018-07-17,carrier_before_approval
1046a71a57b33b4a92f9f932237f1ab0,delivered,2018-07-31 13:56:17,2018-07-31 14:05:11,2018-07-31 12:57:00,2018-08-03 17:12:13,2018-08-17,carrier_before_approval
73e85a295c3028a2283eb8182a8ac56b,delivered,2018-07-30 15:43:54,2018-08-02 13:42:54,2018-07-31 12:57:00,2018-08-27 21:54:40,2018-08-22,carrier_before_approval
f19c25c87bfad3bc229897611b142a7f,delivered,2018-06-18 16:06:06,2018-06-19 16:25:38,2018-06-19 14:12:00,2018-06-23 12:56:32,2018-07-12,carrier_before_approval
1388e91d7d43769d6bd71f89a48a2929,delivered,2018-06-18 14:04:50,2018-06-18 14:19:43,2018-06-18 12:22:00,2018-06-25 22:08:40,2018-07-16,carrier_before_approval
602a6242ac1fe2355d3e0ae1d53bf538,delivered,2018-04-23 10:12:07,2018-04-24 18:04:44,2018-04-23 20:18:31,2018-04-30 23:51:21,2018-05-14,carrier_before_approval
9f7474d5eab299f291d474286d5272ca,delivered,2018-04-21 20:34:52,2018-04-24 18:40:36,2018-04-23 23:12:34,2018-04-27 17:18:50,2018-05-22,carrier_before_approval
09a5c8d751662bfb96c5a3307619cb36,delivered,2018-07-30 15:38:45,2018-08-02 13:43:20,2018-08-02 13:23:00,2018-08-03 14:03:49,2018-08-13,carrier_before_approval
7dda251cd0ccf3b0e0ff56d62b779fdc,delivered,2017-05-21 08:00:14,2017-05-22 10:41:43,2017-05-22 10:40:10,2017-05-23 08:49:42,2017-06-02,carrier_before_approval
d8148e06f2f2b366a0c8df064103223b,delivered,2018-04-23 11:35:48,2018-04-24 19:24:14,2018-04-24 18:09:01,2018-04-30 23:12:19,2018-05-21,carrier_before_approval
b886aff8576c2f1f035c507ba7fd6a9c,delivered,2018-04-20 16:29:38,2018-04-24 19:23:55,2018-04-23 20:46:37,2018-05-03 21:45:47,2018-05-23,carrier_before_approval
ecd1661658d34312cf9ac2bf34ba3b6b,delivered,2018-06-30 18:49:36,2018-07-05 16:25:45,2018-07-03 11:46:00,2018-07-05 12:58:37,2018-07-30,carrier_before_approval
80759217e6015f8b5a0582f6f216bb09,delivered,2018-04-21 22:41:43,2018-04-24 19:17:11,2018-04-24 18:48:37,2018-04-30 15:58:56,2018-05-17,carrier_before_approval
deea565ebe3196a7408232c8bb0ddc0b,delivered,2018-07-22 13:14:45,2018-07-23 11:32:07,2018-07-23 10:29:00,2018-07-24 17:44:38,2018-08-02,carrier_before_approval
1b3b7a453b2e73b50b194401c0da944d,delivered,2018-05-09 13:33:16,2018-05-09 13:51:24,2018-05-09 13:39:00,2018-05-17 17:59:21,2018-05-29,carrier_before_approval
117db2f85d3f438fa92b5e9cb579e7a9,delivered,2018-07-03 09:22:10,2018-07-05 16:24:52,2018-07-03 13:33:00,2018-07-24 20:46:33,2018-07-25,carrier_before_approval
b571f972f69a2f91ebd89ed09a6ebf42,delivered,2018-07-03 00:08:08,2018-07-05 16:07:16,2018-07-05 15:02:00,2018-07-10 23:42:47,2018-07-30,carrier_before_approval
ff3d6fd1b0c2dff1989ae3e6841498bf,delivered,2018-06-26 11:52:13,2018-06-27 09:56:03,2018-06-27 08:59:00,2018-07-02 10:03:13,2018-07-19,carrier_before_approval
36321eba7223a1e5371a446405480aa2,delivered,2017-04-27 00:13:06,2017-04-28 11:46:31,2017-04-28 09:45:02,2017-05-01 10:42:38,2017-06-01,carrier_before_approval
312f43273284b7ab987d5bc4d880d5ef,delivered,2018-07-03 20:17:22,2018-07-05 16:27:45,2018-07-04 13:01:00,2018-07-09 15:40:50,2018-07-27,carrier_before_approval
a23316a0b0209f50c13935e4848e6b68,delivered,2018-04-22 12:30:43,2018-04-24 17:47:28,2018-04-23 19:28:50,2018-04-24 19:47:43,2018-05-07,carrier_before_approval
2a0f332fd6b3b477c16619a99313d29c,delivered,2018-07-03 15:56:18,2018-07-05 16:32:59,2018-07-04 14:06:00,2018-07-05 17:31:46,2018-07-16,carrier_before_approval
720eff52272ce75d967e9a8f382681f3,delivered,2018-07-03 23:33:31,2018-07-05 16:31:13,2018-07-04 15:11:00,2018-07-12 19:21:49,2018-07-17,carrier_before_approval
f2a150c813c1eb96fd1883c1ed8fd9e5,delivered,2018-06-19 10:14:30,2018-06-19 10:37:37,2018-06-19 10:14:00,2018-06-27 17:04:42,2018-07-24,carrier_before_approval
44ac5be3803a136ad51df67f789a2dab,delivered,2018-04-20 09:01:16,2018-04-24 18:35:57,2018-04-24 01:17:50,2018-04-25 01:30:59,2018-05-07,carrier_before_approval
9f40e393aa9198eec21f6c89f378da4c,delivered,2018-06-25 16:02:53,2018-06-27 09:11:27,2018-06-27 07:56:00,2018-06-29 15:28:52,2018-07-17,carrier_before_approval
4dcf36a6420bf67ae5326a294ef1bcc3,delivered,2018-07-03 09:36:25,2018-07-05 16:27:36,2018-07-04 06:48:00,2018-07-11 22:37:53,2018-07-20,carrier_before_approval
2ea06e4e577c7be86e2e35ab0d7e74b8,delivered,2018-05-09 13:14:53,2018-05-09 13:35:00,2018-05-09 12:52:00,2018-05-15 15:38:51,2018-05-28,carrier_before_approval
e9deefc5724bd9c035dc3727fa4ad4d0,delivered,2018-04-22 15:06:51,2018-04-24 18:12:14,2018-04-24 15:51:30,2018-05-07 11:38:37,2018-05-25,carrier_before_approval
e23c9dcc304042fa90d538be679fa68d,delivered,2018-06-13 11:41:23,2018-06-13 13:31:40,2018-06-13 09:53:00,2018-06-25 13:57:31,2018-07-11,carrier_before_approval
9065442ba82e20a8ec900872056f9b35,delivered,2018-04-23 16:45:47,2018-04-24 18:01:17,2018-04-24 17:28:58,2018-05-09 21:41:42,2018-05-17,carrier_before_approval
a4220c184ed6700f8516552b2cb3c20d,delivered,2018-04-22 14:57:48,2018-04-24 18:04:45,2018-04-23 20:30:49,2018-05-14 22:55:54,2018-05-14,carrier_before_approval
94dcbb5ca9d603177841a40f3d630483,delivered,2018-07-04 17:41:00,2018-07-05 16:32:52,2018-07-05 13:08:00,2018-07-10 18:08:35,2018-07-30,carrier_before_approval
4b2dcf714729a31ae2d3b69b1dd35629,delivered,2018-04-21 13:33:05,2018-04-24 18:54:31,2018-04-23 19:32:08,2018-04-30 17:08:38,2018-05-23,carrier_before_approval
9142e38d4f7b7cf458a1eb8ee2b52157,delivered,2018-07-03 23:00:59,2018-07-05 16:32:35,2018-07-04 11:28:00,2018-07-12 15:41:43,2018-08-01,carrier_before_approval
9dafdbeb6a7b7240bc32fd6861c42f54,delivered,2018-06-07 13:02:12,2018-06-07 13:18:07,2018-06-07 12:02:00,2018-06-13 23:12:06,2018-07-05,carrier_before_approval
4ac6cfb47c51ac043927b84975d1a62d,delivered,2018-07-03 18:19:30,2018-07-05 17:03:19,2018-07-05 12:45:00,2018-07-10 15:06:42,2018-07-27,carrier_before_approval
15b8dab55a580b5e02a06fe73862d60b,delivered,2018-04-21 13:44:11,2018-04-24 19:27:33,2018-04-23 17:32:16,2018-05-07 21:58:39,2018-05-25,carrier_before_approval
5000db43709b8a1e13f508043ff281c9,delivered,2018-04-17 17:08:56,2018-04-24 18:58:37,2018-04-23 18:16:56,2018-04-30 22:34:30,2018-05-11,carrier_before_approval
2ab340837ecacc1da5c088346b0d873b,delivered,2018-04-23 08:17:57,2018-04-24 18:59:40,2018-04-23 18:25:23,2018-04-27 20:32:17,2018-05-10,carrier_before_approval
dd38bb2616d4486d83368c43f16e04eb,delivered,2018-07-01 21:27:17,2018-07-05 16:26:52,2018-07-03 15:22:00,2018-07-09 19:22:00,2018-07-31,carrier_before_approval
db70205a4fec901db7c957ac7d335064,delivered,2018-07-03 11:26:40,2018-07-05 16:13:11,2018-07-04 15:18:00,2018-07-11 18:18:46,2018-07-26,carrier_before_approval
cf8b06e3cb532f6045a05a87af095b50,delivered,2018-04-20 16:17:12,2018-04-24 19:01:55,2018-04-23 22:41:41,2018-05-03 15:42:06,2018-05-09,carrier_before_approval
e9d2f8cb1275cfe37dd531ac43bcb2b9,delivered,2018-07-03 14:25:07,2018-07-05 16:40:25,2018-07-05 10:24:00,2018-07-10 13:23:40,2018-08-03,carrier_before_approval
f79a31ab5cdfb67808fb8e27005ffa52,delivered,2018-04-19 14:45:52,2018-04-24 18:28:09,2018-04-23 17:33:01,2018-04-30 22:08:53,2018-05-17,carrier_before_approval
e300c76076c4b56031abe6f3ff54817f,delivered,2018-08-15 10:59:22,2018-08-15 11:24:10,2018-08-15 10:27:00,2018-08-21 17:21:15,2018-08-29,carrier_before_approval
227a77cf2c1425f0207076c524b1bb5e,delivered,2018-07-04 14:48:12,2018-07-05 16:32:36,2018-07-05 14:22:00,2018-07-06 19:12:31,2018-08-02,carrier_before_approval
de0d8b8e774b3211e7e001d3e5985470,delivered,2018-05-29 14:21:11,2018-05-29 14:39:40,2018-05-29 14:26:00,2018-06-06 20:26:30,2018-07-04,carrier_before_approval
df719e82188cc47552d259703d5413f0,delivered,2018-07-28 20:25:08,2018-08-01 16:31:43,2018-07-30 14:58:00,2018-08-01 23:38:58,2018-08-15,carrier_before_approval
3c082ca49aaf1923e87b34e1375a1413,delivered,2018-07-01 09:14:54,2018-07-05 16:35:02,2018-07-04 14:19:00,2018-07-10 13:42:00,2018-07-20,carrier_before_approval
55a54184af6cdb5cbd95d124883c2dbb,delivered,2018-06-27 06:56:08,2018-06-27 11:18:24,2018-06-27 09:57:00,2018-07-05 19:03:34,2018-07-26,carrier_before_approval
441ab430a31f0c3424c85496c65bc8f2,delivered,2018-07-28 14:47:32,2018-08-01 16:31:29,2018-07-31 08:30:00,2018-08-03 18:36:45,2018-08-09,carrier_before_approval
d8fb797beb3bc5099a065c4db4a4d8fa,delivered,2018-04-23 18:33:00,2018-04-24 18:59:06,2018-04-24 16:22:37,2018-04-28 16:42:50,2018-05-15,carrier_before_approval
fe857b5ac310b06adabd0e18af932cc5,delivered,2018-04-22 23:12:46,2018-04-24 18:53:22,2018-04-23 18:37:43,2018-04-24 19:17:28,2018-05-10,carrier_before_approval
a8fee5f264541f904519912b305d0bf6,delivered,2018-04-23 09:31:12,2018-04-24 17:29:46,2018-04-24 00:16:47,2018-04-26 16:56:50,2018-05-16,carrier_before_approval
8851b8f3b3c9736081a17b2f49b4eaec,delivered,2018-07-31 11:14:07,2018-07-31 11:44:27,2018-07-31 11:31:00,2018-08-06 19:51:42,2018-08-17,carrier_before_approval
e0017093576ff7e25777c2d023eb1cd9,delivered,2018-06-26 14:57:28,2018-06-26 15:16:21,2018-06-26 14:50:00,2018-06-28 21:48:51,2018-08-01,carrier_before_approval
154029fef0e3e2f72ef09775cc9d1af1,delivered,2018-05-22 11:29:21,2018-05-22 11:53:51,2018-05-22 10:46:00,2018-06-07 20:58:39,2018-06-21,carrier_before_approval
df720130627bfe896e4eaafe2df5b721,delivered,2018-07-30 14:51:21,2018-08-02 13:42:37,2018-08-01 15:03:00,2018-08-03 19:32:38,2018-09-05,carrier_before_approval
54822c94cce4ceb64eb08bbb05fa8fea,delivered,2018-04-20 12:24:05,2018-04-24 18:39:04,2018-04-20 23:03:46,2018-05-11 13:33:06,2018-05-22,carrier_before_approval
8cbfd2b5ba048f1dd173a5309f8b5bf5,delivered,2018-04-22 15:57:59,2018-04-24 19:02:24,2018-04-23 22:58:36,2018-05-02 16:36:46,2018-05-16,carrier_before_approval
8b83251dbc9bd02530320cceb82cc03e,delivered,2018-04-20 12:33:21,2018-04-24 18:59:43,2018-04-23 18:12:48,2018-04-24 18:22:27,2018-05-02,carrier_before_approval
084ce670827e3ebb5f585818b985bc25,delivered,2018-07-03 21:05:39,2018-07-05 16:40:37,2018-07-04 11:36:00,2018-07-09 21:44:51,2018-07-27,carrier_before_approval
fa8af66ee11f929d58f95e9a0522d792,delivered,2018-04-22 12:03:21,2018-04-24 17:16:32,2018-04-23 18:32:27,2018-04-26 19:12:10,2018-05-10,carrier_before_approval
e0ac12de8c4f2398d96dd807818adaf8,delivered,2018-04-23 17:04:37,2018-04-24 18:12:14,2018-04-24 17:51:05,2018-05-04 18:58:33,2018-05-18,carrier_before_approval
d7f1fc795c94efd3a00141a5f8a2c9d7,delivered,2018-08-13 15:24:41,2018-08-20 14:12:55,2018-08-15 13:32:00,2018-08-27 15:47:37,2018-09-06,carrier_before_approval
1d1e77334238a731c494f066a6c0d500,delivered,2017-09-15 08:51:48,2017-09-20 22:36:09,2017-09-18 17:34:02,2017-10-02 15:44:10,2017-10-13,carrier_before_approval
b0018957adea4b9acded9df77514b844,delivered,2018-07-03 12:32:14,2018-07-05 16:11:47,2018-07-04 15:06:00,2018-07-10 18:58:40,2018-08-01,carrier_before_approval
a7dfc0dec96501a2f03a9d1412d8975c,delivered,2018-04-21 11:24:57,2018-04-24 17:16:41,2018-04-24 00:26:41,2018-04-26 16:50:47,2018-05-09,carrier_before_approval
e9de409fda259726830399eaf5fb4e42,delivered,2018-05-28 13:52:12,2018-05-28 14:10:46,2018-05-28 14:02:00,2018-05-30 11:21:57,2018-06-21,carrier_before_approval
d80f699fe4f9cb9ee6be99a1ff5c3944,delivered,2018-07-04 09:59:02,2018-07-05 16:27:45,2018-07-05 15:02:00,2018-07-13 22:26:34,2018-08-02,carrier_before_approval
2bf247ba0fa83d6f30b133c7dc349f3a,delivered,2018-04-20 18:27:16,2018-04-24 19:02:47,2018-04-23 19:17:30,2018-04-26 19:34:49,2018-05-16,carrier_before_approval
6d1832bd42dccbd91d1ce32da7f54492,delivered,2018-07-01 12:02:12,2018-07-05 16:19:44,2018-07-03 19:25:00,2018-07-04 22:37:38,2018-07-16,carrier_before_approval
adff109236fcf060cf7989c67c4280a5,delivered,2018-04-21 11:43:39,2018-04-24 19:06:50,2018-04-24 17:12:53,2018-04-26 17:44:23,2018-06-01,carrier_before_approval
924d24dd7c6de024d96e25d4812d65bd,delivered,2018-07-02 02:38:01,2018-07-05 16:05:43,2018-07-03 13:45:00,2018-07-11 15:32:49,2018-07-27,carrier_before_approval
544250ab4d14beef8f5e85c91ba932dd,delivered,2018-04-22 22:49:01,2018-04-24 18:30:52,2018-04-24 17:18:46,2018-05-02 19:14:48,2018-05-21,carrier_before_approval
f294439a6719ccac91b6e2f25088dd1c,delivered,2018-08-14 11:25:54,2018-08-14 11:50:51,2018-08-14 11:37:00,2018-08-21 17:21:20,2018-08-31,carrier_before_approval
ab815320404ada153a9d06f166c961dc,delivered,2018-05-17 09:48:09,2018-05-17 10:38:29,2018-05-17 09:45:00,2018-05-30 21:12:35,2018-06-13,carrier_before_approval
36870d717737ef5f4b201e7787c3ea6f,delivered,2018-07-04 23:04:01,2018-07-05 16:35:32,2018-07-05 14:43:00,2018-07-11 18:40:56,2018-08-01,carrier_before_approval
11746f9dc3d55313aadc6e6bf8464595,delivered,2018-04-23 00:23:12,2018-04-24 17:24:08,2018-04-24 17:05:50,2018-05-02 18:32:27,2018-05-16,carrier_before_approval
249cdd4e1dc4aa2c19a568ce182a7254,delivered,2018-04-21 13:32:20,2018-04-24 18:54:15,2018-04-23 21:06:39,2018-04-25 22:03:27,2018-05-10,carrier_before_approval
a727355acb88d9b3e6e41fb2e3888a0e,delivered,2018-07-23 12:58:28,2018-07-28 23:31:01,2018-07-24 15:07:00,2018-07-25 17:35:30,2018-07-31,carrier_before_approval
6b80bb20190715d71c43efff617bd659,delivered,2017-02-19 01:15:03,2017-03-01 10:51:46,2017-02-22 16:05:29,2017-02-24 14:27:26,2017-03-17,carrier_before_approval
800bb72be8df9c5372c6a4235d38de9b,delivered,2018-05-14 14:55:29,2018-05-14 15:17:28,2018-05-14 14:47:00,2018-05-20 16:08:26,2018-05-30,carrier_before_approval
9562a9a598a619a1726397eb5246e623,delivered,2018-06-11 15:41:37,2018-06-11 16:31:36,2018-06-11 16:16:00,2018-06-18 20:25:44,2018-07-05,carrier_before_approval
3660e114692157e805cdd9f04e83d9e9,delivered,2018-07-04 07:08:45,2018-07-05 16:31:51,2018-07-04 09:27:00,2018-07-10 12:18:47,2018-07-25,carrier_before_approval
9bccdd3552c2a68af6d166dfd82be6ba,delivered,2018-04-21 13:03:33,2018-04-24 18:05:57,2018-04-23 18:16:54,2018-04-24 18:16:59,2018-05-08,carrier_before_approval
6f4c8d69711bba5c237e9a353acca903,delivered,2018-04-22 23:35:47,2018-04-24 19:25:26,2018-04-24 18:02:22,2018-05-07 21:44:26,2018-05-25,carrier_before_approval
7c48bb55e8e4f7e56d412e9653db37bc,delivered,2018-07-16 18:40:53,2018-07-16 18:50:22,2018-01-26 13:35:00,2018-07-23 20:04:45,2018-08-07,carrier_before_approval
f7411b386b99ab297f888848be4198a6,delivered,2018-05-15 12:23:49,2018-05-16 09:06:45,2018-05-16 08:50:00,2018-06-01 20:08:24,2018-06-01,carrier_before_approval
1237476520c90c304e2603af9629d0e3,delivered,2018-07-03 11:39:39,2018-07-05 16:41:03,2018-07-05 14:15:00,2018-07-12 19:45:37,2018-07-30,carrier_before_approval
ddd05f07be2e7c5c7f191e06bb0fbc70,delivered,2018-07-03 23:18:04,2018-07-05 16:32:51,2018-07-04 11:09:00,2018-07-09 16:57:33,2018-07-24,carrier_before_approval
92a1a84ebae5713509b7ccdef77a89cf,delivered,2018-04-20 20:43:25,2018-04-24 19:06:49,2018-04-24 17:04:25,2018-04-25 17:41:13,2018-05-08,carrier_before_approval
994572d6e67b97ce9c9ceb7cc0f6445f,delivered,2018-07-04 09:36:54,2018-07-05 17:01:12,2018-07-05 15:35:00,2018-07-06 12:43:06,2018-07-18,carrier_before_approval
763cef494955df156986e220c7810b18,delivered,2018-07-04 19:09:55,2018-07-05 16:33:26,2018-07-05 15:02:00,2018-07-07 14:46:49,2018-07-26,carrier_before_approval
61b199f09f9de7776b875cce7c71e649,delivered,2018-04-23 13:49:33,2018-04-24 18:22:23,2018-04-23 23:37:52,2018-05-03 00:19:12,2018-05-15,carrier_before_approval
b86f93410aa7fe320e029d576bf7bb71,delivered,2018-08-09 14:08:38,2018-08-09 14:26:08,2018-08-09 14:12:00,2018-08-15 16:08:43,2018-09-11,carrier_before_approval
2e1d942dd860482d56fb7b9e9f507cc0,delivered,2018-07-03 14:23:02,2018-07-05 16:32:38,2018-07-04 10:13:00,2018-07-10 22:32:46,2018-07-27,carrier_before_approval
7bda7db3336fe81423dded5d342d4115,delivered,2018-07-03 17:57:12,2018-07-05 16:11:04,2018-07-04 12:34:00,2018-07-06 12:13:03,2018-07-20,carrier_before_approval
7bdfa70c4049e7319a3182997e27cb95,delivered,2018-04-21 16:49:56,2018-04-24 19:17:35,2018-04-23 22:33:05,2018-05-07 19:22:30,2018-06-01,carrier_before_approval
2008d42068c636c1f2dfc2679457e8c9,delivered,2018-07-04 10:40:15,2018-07-05 16:27:10,2018-07-04 13:29:00,2018-07-10 16:28:59,2018-08-08,carrier_before_approval
55a8e561e2d5d35ad18732f7d083babe,delivered,2018-02-08 17:39:49,2018-02-10 10:18:42,2018-02-09 19:33:11,2018-02-20 19:57:12,2018-03-07,carrier_before_approval
99edc58dc1d02b11403a10338c3a696c,delivered,2018-05-15 14:21:56,2018-05-15 14:35:58,2018-05-15 14:34:00,2018-05-18 16:12:14,2018-05-29,carrier_before_approval
52dad0f7bc913b9f6bee5df584adeffb,delivered,2018-06-06 14:01:53,2018-06-07 13:57:46,2018-06-07 12:41:00,2018-06-12 16:27:00,2018-07-17,carrier_before_approval
ece7b7cba1247b9ac059fc6a6528a075,delivered,2018-05-15 15:17:06,2018-05-15 15:35:12,2018-05-15 15:05:00,2018-05-25 10:18:23,2018-06-11,carrier_before_approval
673005b4d67fb096100f48d7a6cb008f,delivered,2018-07-02 15:54:12,2018-07-05 16:27:54,2018-07-04 13:45:00,2018-07-09 18:38:44,2018-07-20,carrier_before_approval
8ad43a57bb88d52531c6facae014a8ae,delivered,2018-07-04 12:37:38,2018-07-05 17:02:53,2018-07-04 14:31:00,2018-07-11 00:06:25,2018-07-23,carrier_before_approval
ca90e0247838f37e708b833b004ba84b,delivered,2018-07-04 16:07:50,2018-07-05 16:14:52,2018-07-05 14:24:00,2018-07-10 16:20:41,2018-08-03,carrier_before_approval
c3b8c17ee15e0e798c2e178b7d4c7f42,delivered,2017-09-01 20:04:47,2017-09-13 22:08:55,2017-09-05 15:43:31,2017-09-11 16:43:46,2017-09-20,carrier_before_approval
b064e7c32db081ff3c6283331d1669ce,delivered,2018-04-21 14:57:16,2018-04-24 18:59:40,2018-04-23 19:48:38,2018-04-27 21:36:38,2018-05-10,carrier_before_approval
9a1be11e9a732a340c3bec3b390debeb,delivered,2018-07-03 11:39:10,2018-07-05 16:07:17,2018-07-04 08:41:00,2018-07-09 23:16:49,2018-07-25,carrier_before_approval
5f827831438fdab57e6b6b98328b360e,delivered,2018-04-21 19:28:09,2018-04-24 18:22:30,2018-04-23 22:38:25,2018-04-24 14:40:46,2018-05-10,carrier_before_approval
267519bdbe13b2f237af57f3f1b86a9e,delivered,2018-07-03 16:37:35,2018-07-05 16:13:39,2018-07-04 06:54:00,2018-09-01 00:51:37,2018-07-31,carrier_before_approval
5506aa9cafae9629ef0a21b3ad199219,delivered,2017-12-02 11:20:41,2017-12-05 10:30:54,2017-12-04 20:58:59,2018-01-04 23:13:47,2018-01-02,carrier_before_approval
3ff3c14b693208d95c7a79ad6fe5c117,delivered,2018-07-03 20:54:31,2018-07-05 16:12:54,2018-07-04 14:30:00,2018-07-13 19:03:28,2018-07-27,carrier_before_approval
a64faadf772cdd7147ed00192cbf4ff2,delivered,2018-07-03 10:59:10,2018-07-05 16:32:09,2018-07-04 15:11:00,2018-07-09 22:41:54,2018-08-07,carrier_before_approval
e3e54348392f8105ec69356675788604,delivered,2018-04-23 22:17:39,2018-04-24 18:58:30,2018-04-24 18:19:24,2018-05-01 13:38:51,2018-05-21,carrier_before_approval
aa767f19bb0117b647c1934f348f84a8,delivered,2018-06-27 07:14:45,2018-06-27 10:52:05,2018-06-27 09:38:00,2018-07-03 15:57:08,2018-07-18,carrier_before_approval
0b2d6210fb2a3be6f54add89639740ab,delivered,2018-04-23 11:02:31,2018-04-24 18:46:37,2018-04-24 00:30:42,2018-04-26 17:38:26,2018-05-16,carrier_before_approval
0e1501cd30758f584d1fa67cc6f9493a,delivered,2018-07-02 16:16:03,2018-07-05 16:25:45,2018-07-03 14:36:00,2018-07-04 23:03:36,2018-07-17,carrier_before_approval
bb3164e0236b64b580d475215f1004d2,delivered,2018-06-19 15:12:47,2018-06-19 15:37:45,2018-06-19 13:58:00,2018-06-22 21:56:47,2018-07-11,carrier_before_approval
1452442fe3e8cc6d3a1a8d8fc92dc019,delivered,2018-04-19 00:41:11,2018-04-24 18:37:45,2018-04-23 23:17:36,2018-04-30 19:28:46,2018-05-14,carrier_before_approval
ef18166b5f1dfc60d75435c548674981,delivered,2018-07-23 20:42:29,2018-07-24 10:31:03,2018-07-24 09:34:00,2018-08-03 19:03:55,2018-08-24,carrier_before_approval
b39c24b97fedca1cb67932d9864957c6,delivered,2018-06-18 13:48:28,2018-06-18 14:19:16,2018-06-18 12:53:00,2018-07-03 16:46:44,2018-07-12,carrier_before_approval
6c9d8a503389b985fe15e2f6c3b5f7cb,delivered,2018-06-30 15:36:06,2018-07-05 16:04:15,2018-07-04 08:40:00,2018-07-07 16:42:31,2018-07-20,carrier_before_approval
438b46304b3217ea878c63aeb5b98f5d,delivered,2018-07-03 18:15:23,2018-07-05 16:40:34,2018-07-04 11:51:00,2018-07-10 18:27:47,2018-07-27,carrier_before_approval
cbdda7b3592588a17fa43ca6c7300e72,delivered,2017-04-26 00:25:26,2017-04-28 11:46:49,2017-04-28 11:25:32,2017-05-09 12:12:13,2017-05-24,carrier_before_approval
6b3c0661b32905af6722a962d2fac779,delivered,2018-07-27 13:30:05,2018-07-27 13:45:13,2018-07-27 13:44:00,2018-08-01 11:52:46,2018-08-17,carrier_before_approval
e939b415a638d648a1421b5520b3a28e,delivered,2018-07-04 22:44:55,2018-07-05 16:32:50,2018-07-05 10:43:00,2018-07-13 19:04:20,2018-07-25,carrier_before_approval
a1f5afc5fe7a4ee4bef93aab1e95772f,delivered,2017-05-06 11:09:15,2017-05-11 23:31:25,2017-05-09 08:48:36,2017-05-16 08:05:15,2017-05-29,carrier_before_approval
e2a45d61a460b659878a89fe8f88b5fc,delivered,2018-04-23 10:57:59,2018-04-24 18:42:04,2018-04-23 22:03:26,2018-05-02 22:35:03,2018-05-11,carrier_before_approval
547b3596c03dfad1b87305e9c5a554c2,delivered,2018-04-22 23:05:38,2018-04-24 19:23:54,2018-04-23 19:04:05,2018-04-24 19:18:35,2018-05-10,carrier_before_approval
51fea792e465500a842c7325adabf0ad,delivered,2018-07-01 14:43:11,2018-07-05 16:04:56,2018-07-03 14:35:00,2018-07-11 00:22:48,2018-08-08,carrier_before_approval
a5030749302e7c9a21f56e55fc391341,delivered,2018-07-04 09:52:09,2018-07-05 16:33:23,2018-07-05 08:47:00,2018-07-11 23:29:42,2018-08-01,carrier_before_approval
036c6f5c3d6a81192f4896ddb2c00c83,delivered,2018-07-22 17:08:05,2018-07-27 23:31:02,2018-07-24 14:18:00,2018-08-03 14:03:12,2018-08-16,carrier_before_approval
b7a8a6b5eb0a253e2d80e80bb3badbe2,delivered,2018-04-19 22:06:20,2018-04-24 18:03:14,2018-04-23 19:36:27,2018-05-03 13:02:56,2018-05-14,carrier_before_approval
2e55db958a20257bc57183a4e74e6b47,delivered,2018-07-30 16:04:45,2018-08-01 16:31:33,2018-07-31 10:01:00,2018-08-03 15:08:38,2018-08-29,carrier_before_approval
7a8107927fd13f239a62ba070873fe45,delivered,2018-07-30 00:04:55,2018-08-01 16:31:33,2018-07-31 11:01:00,2018-08-02 01:46:45,2018-08-03,carrier_before_approval
cfa2faba61860f34b537dc9a7e42f544,delivered,2018-01-30 20:38:58,2018-02-04 23:31:41,2018-01-31 18:14:34,2018-02-14 19:24:52,2018-03-07,carrier_before_approval
c4e4f418e16546c854c899cde06a3385,delivered,2018-05-16 11:35:34,2018-05-16 11:58:20,2018-05-16 11:41:00,2018-05-22 18:13:30,2018-06-06,carrier_before_approval
4148591d51d8741aef65abefd186887b,delivered,2018-04-20 17:09:14,2018-04-24 18:57:29,2018-04-23 21:48:43,2018-05-08 16:48:46,2018-05-22,carrier_before_approval
fff0db5573c78c1cb5a2b68a2bbd8d4a,delivered,2018-06-27 09:02:19,2018-06-27 11:05:27,2018-06-27 10:19:00,2018-06-28 17:52:43,2018-07-12,carrier_before_approval
b6ab1ce66f41dbbd8e998bfb0eab8bd5,delivered,2018-06-26 14:14:25,2018-06-26 14:34:15,2018-06-26 13:53:00,2018-06-30 18:18:32,2018-07-31,carrier_before_approval
4048feff4f2e6e394bcaf4981d27a9bd,delivered,2018-06-25 11:59:16,2018-06-25 12:13:40,2018-06-25 11:56:00,2018-06-26 20:45:42,2018-07-05,carrier_before_approval
73696c4354b75af323cf793aa474acfc,delivered,2017-05-05 07:48:46,2017-05-10 21:32:36,2017-05-10 09:47:50,2017-05-16 06:50:09,2017-05-26,carrier_before_approval
c4694142c485a1a9d1ca666ea9c00d07,delivered,2018-07-03 21:55:37,2018-07-05 16:33:19,2018-07-04 14:59:00,2018-07-05 19:36:48,2018-07-16,carrier_before_approval
7056ed3b6f11b379db7915d1f6a69ad9,delivered,2018-04-21 16:57:10,2018-04-24 19:06:41,2018-04-23 19:03:25,2018-05-02 20:08:46,2018-05-18,carrier_before_approval
d04757c9594f6b1953682f34c0b1086c,delivered,2018-04-20 15:12:39,2018-04-24 19:26:31,2018-04-23 22:03:33,2018-04-30 19:21:58,2018-05-18,carrier_before_approval
a54b9350f120bf643b010046fc8d7790,delivered,2018-07-05 00:44:25,2018-07-05 16:32:24,2018-07-05 14:43:00,2018-07-10 20:43:57,2018-07-23,carrier_before_approval
a0d0610703403a3ae85d5777c8c5897a,delivered,2018-08-09 13:11:54,2018-08-09 15:05:34,2018-08-09 14:04:00,2018-08-10 15:37:02,2018-08-14,carrier_before_approval
e01de4bb8dc46ea4d7e8c5ea3afe2f8d,delivered,2018-04-21 09:54:41,2018-04-24 19:09:57,2018-04-23 19:41:27,2018-04-24 20:03:53,2018-05-11,carrier_before_approval
16a50f1f11876372829112e48b471e3e,delivered,2018-04-20 17:19:12,2018-04-24 19:25:26,2018-04-24 18:51:04,2018-05-03 11:24:38,2018-05-15,carrier_before_approval
34ab0cb9a828372a0c1de84088b216ae,delivered,2018-07-03 17:08:07,2018-07-05 16:32:49,2018-07-04 12:09:00,2018-07-05 23:14:21,2018-07-17,carrier_before_approval
0d8bde7325af3ab269064a609e832c91,delivered,2018-07-05 09:38:50,2018-07-05 16:30:48,2018-07-05 13:10:00,2018-07-10 12:04:37,2018-08-08,carrier_before_approval
55b653f93de6e994b6dda90f615c7a8f,delivered,2018-04-30 13:05:23,2018-04-30 13:15:21,2018-04-30 13:01:00,2018-05-04 18:03:43,2018-05-21,carrier_before_approval
38fd57a781f31c3c00a012db1e52f6fa,delivered,2018-04-23 17:49:25,2018-04-24 18:42:15,2018-04-24 15:03:30,2018-05-14 17:40:30,2018-05-24,carrier_before_approval
995e90c3995e0f19a9579b90c6dcbad2,delivered,2018-07-04 14:52:16,2018-07-05 16:11:47,2018-07-04 14:51:00,2018-07-10 17:48:23,2018-08-07,carrier_before_approval
d5b8231ec694904371f3efcd3450ee94,delivered,2018-06-06 14:58:22,2018-06-06 15:13:46,2018-06-06 14:34:00,2018-06-14 01:38:35,2018-07-17,carrier_before_approval
ef3d3d6bac50c7e2e1cc25ba953e11f6,delivered,2018-07-30 11:13:19,2018-08-01 16:31:33,2018-07-31 15:21:00,2018-08-09 18:22:45,2018-08-30,carrier_before_approval
de0bf4e0a4d6dd65281279bfbbb815c9,delivered,2018-07-04 11:17:05,2018-07-05 16:40:46,2018-07-04 14:02:00,2018-07-05 17:31:56,2018-07-19,carrier_before_approval
e8a9b36dea36cc9c246000b8c7cca976,delivered,2018-04-23 12:49:27,2018-04-24 17:36:01,2018-04-24 17:32:27,2018-04-25 18:18:33,2018-05-11,carrier_before_approval
bc4854efd86d9f42140c951c595d20c1,delivered,2017-09-01 20:05:42,2017-09-13 22:00:51,2017-09-04 20:49:57,2017-09-06 22:15:45,2017-09-20,carrier_before_approval
fe4275936c291c453f09fad434e6b3d2,delivered,2018-01-29 21:46:35,2018-02-03 23:31:47,2018-01-31 20:39:40,2018-02-23 18:06:02,2018-03-05,carrier_before_approval
711446e2cbe250789dc7b3ecdfce793c,delivered,2018-07-04 21:03:18,2018-07-05 16:32:23,2018-07-05 12:04:00,2018-07-13 17:12:35,2018-08-06,carrier_before_approval
69a1da5ee773fe4d68b8e27567e2185c,delivered,2018-04-20 13:39:07,2018-04-24 18:55:46,2018-04-23 18:02:33,2018-04-30 15:44:28,2018-05-09,carrier_before_approval
647ce922555f433f94e02c2458c6e164,delivered,2018-04-23 10:39:30,2018-04-24 18:30:30,2018-04-24 14:38:40,2018-04-30 19:36:43,2018-05-09,carrier_before_approval
6a92e66b9d3bd75efeb50c6494ede745,delivered,2018-04-20 17:05:12,2018-04-24 17:27:45,2018-04-23 15:45:28,2018-05-14 18:02:20,2018-05-17,carrier_before_approval
20fa8f2f9e0e99e74b93545b01a6f24a,delivered,2018-07-30 14:54:31,2018-08-02 13:42:58,2018-07-31 14:51:00,2018-08-13 19:38:28,2018-08-28,carrier_before_approval
be000eea7b699cb1b93baa620f7ddfa0,delivered,2018-04-20 22:49:08,2018-04-24 19:28:20,2018-04-23 19:06:49,2018-05-04 19:42:29,2018-05-24,carrier_before_approval
7e44fbbef1ef258486c161d0f53f2c19,delivered,2018-07-04 19:41:16,2018-07-05 16:25:15,2018-07-05 14:45:00,2018-07-06 18:17:31,2018-07-17,carrier_before_approval
1765804f6753bf6a25ba8c9fd45977f9,delivered,2018-07-04 17:03:24,2018-07-05 16:21:52,2018-07-05 15:27:00,2018-07-11 18:34:47,2018-08-07,carrier_before_approval
ef5555014add0fdfbe3f34f85365f650,delivered,2018-07-22 10:55:26,2018-07-23 11:31:42,2018-07-23 09:34:00,2018-07-26 17:38:57,2018-08-06,carrier_before_approval
fefc60b6174117cb96cd5eeaec4188b5,delivered,2018-05-30 13:42:45,2018-05-30 14:47:43,2018-05-30 14:11:00,2018-06-12 15:10:58,2018-07-11,carrier_before_approval
12b14ff427f6ae44eaeda7943fd08eec,delivered,2018-07-03 09:58:51,2018-07-05 16:21:32,2018-07-04 14:24:00,2018-07-09 11:54:48,2018-07-24,carrier_before_approval
27cccab59c02b5c742ec003898dfabec,delivered,2018-07-23 10:31:16,2018-07-28 23:31:04,2018-07-24 14:57:00,2018-07-31 00:11:37,2018-08-09,carrier_before_approval
0bd166e72c588bcc71cf432b653c1667,delivered,2018-07-03 16:27:56,2018-07-05 16:23:33,2018-07-04 15:36:00,2018-07-06 00:42:54,2018-07-16,carrier_before_approval
26968873aef9380ae17bfc3717c8cd7d,delivered,2018-06-30 13:21:53,2018-07-05 16:17:45,2018-07-03 13:55:00,2018-07-12 13:38:42,2018-08-08,carrier_before_approval
42a212a14fd3e3b7e9c8245a00e35369,delivered,2018-07-26 13:37:11,2018-07-26 13:50:54,2018-07-26 12:52:00,2018-08-01 20:02:09,2018-08-15,carrier_before_approval
31aac8ab69f5fdbc7c0ae9b6e1beee30,delivered,2017-04-27 15:54:24,2017-04-28 11:46:43,2017-04-28 11:21:52,2017-05-05 15:24:47,2017-06-02,carrier_before_approval
e803d4e56a315a38eb3a6d339b02278d,delivered,2018-07-01 09:21:57,2018-07-05 16:14:56,2018-07-05 14:12:00,2018-07-10 19:03:07,2018-07-25,carrier_before_approval
b2f01d619b5557f295317bca57f07471,delivered,2018-04-21 11:32:59,2018-04-24 18:41:45,2018-04-23 19:34:41,2018-04-24 20:34:47,2018-05-10,carrier_before_approval
83e57ebcbcf567c776aeb9c96f9181f3,delivered,2018-08-09 15:05:05,2018-08-09 17:24:52,2018-08-09 15:24:00,2018-08-14 18:11:40,2018-08-22,carrier_before_approval
fae3a27fae556e4943abf630277a6efc,delivered,2018-04-20 16:27:50,2018-04-24 19:22:00,2018-04-23 19:31:45,2018-04-26 20:12:10,2018-05-18,carrier_before_approval
278e7730f7062014d198fbf20451b935,delivered,2018-07-30 11:57:40,2018-08-01 16:31:40,2018-07-31 13:03:00,2018-08-02 20:22:25,2018-08-02,carrier_before_approval
d04e58d009641c790ddf6b7b41790f87,delivered,2018-04-22 21:00:26,2018-04-24 19:27:39,2018-04-23 19:26:39,2018-04-25 20:08:39,2018-05-14,carrier_before_approval
13d936efcc1a197d00449039d86a442a,delivered,2018-04-20 16:33:24,2018-04-24 17:27:48,2018-04-23 23:35:30,2018-05-04 00:32:55,2018-05-16,carrier_before_approval
f70334f7397fbe35445739c793099fe6,delivered,2018-07-04 12:16:01,2018-07-05 16:40:46,2018-07-05 10:43:00,2018-07-10 21:38:35,2018-07-27,carrier_before_approval
b636037a882bd588f102f9f3fc29b2ca,delivered,2018-07-20 19:54:16,2018-07-25 23:31:59,2018-07-24 14:40:00,2018-08-07 14:27:45,2018-08-09,carrier_before_approval
4ac657f0949f8f58a10b48c192df0b4e,delivered,2018-07-05 13:15:27,2018-07-05 16:09:18,2018-07-05 14:48:00,2018-07-07 11:08:33,2018-07-18,carrier_before_approval
b7daca2d24a93ab9351485e0bdcbb7e6,delivered,2018-07-22 09:29:19,2018-07-23 11:32:10,2018-07-23 07:19:00,2018-07-30 16:38:58,2018-08-16,carrier_before_approval
6f27ae84e8f6ee63438f59c04830b28a,delivered,2018-06-19 14:58:59,2018-06-19 15:19:48,2018-06-19 14:26:00,2018-07-05 23:42:22,2018-07-16,carrier_before_approval
3f510ee6758ee5af3f189cbf3a3393a1,delivered,2018-06-07 14:00:38,2018-06-07 14:20:39,2018-06-07 14:08:00,2018-06-12 16:48:56,2018-07-24,carrier_before_approval
62ce1c9906369b2f38a1d3fb4472c306,delivered,2018-07-04 15:46:44,2018-07-05 16:22:24,2018-07-05 13:53:00,2018-07-31 19:12:05,2018-07-23,carrier_before_approval
790adedc3b5b66b16b14675e794382b3,delivered,2018-07-03 11:11:29,2018-07-05 16:27:45,2018-07-05 14:25:00,2018-07-09 17:06:38,2018-07-27,carrier_before_approval
12b1cdf04230c77662cfee01e322fbdb,delivered,2018-07-04 20:28:21,2018-07-05 16:31:02,2018-07-05 12:27:00,2018-07-12 16:48:41,2018-08-10,carrier_before_approval
308af2adf367ec45187f929522f6b9ac,delivered,2018-07-03 19:25:38,2018-07-05 16:33:01,2018-07-04 15:20:00,2018-07-09 15:51:05,2018-08-09,carrier_before_approval
e4a03aa31a44aef0f584dff623119c72,delivered,2018-08-16 00:18:25,2018-08-16 16:38:42,2018-08-16 13:17:00,2018-08-23 17:07:50,2018-09-06,carrier_before_approval
9c37d7a7de99233fd6490a1c09ba0404,delivered,2018-07-05 09:32:49,2018-07-05 16:07:20,2018-07-05 14:50:00,2018-07-13 19:07:29,2018-08-02,carrier_before_approval
e3f0b406629d8e6309d61f34a2087d71,delivered,2018-04-22 19:42:32,2018-04-24 18:05:33,2018-04-23 19:04:00,2018-04-24 19:20:53,2018-05-18,carrier_before_approval
c0f3bbb3ae2e2d74db5fcd5a0e3c84e3,delivered,2018-04-22 23:01:26,2018-04-24 19:23:54,2018-04-24 18:48:33,2018-04-30 15:50:02,2018-05-16,carrier_before_approval
6a05e48937319f63bbb0b27612473839,delivered,2018-04-22 13:50:30,2018-04-24 19:03:39,2018-04-23 22:45:40,2018-04-26 23:41:29,2018-05-24,carrier_before_approval
fd58bdbb6cc5d7519e063c3ceb7e951b,delivered,2018-04-25 13:02:26,2018-04-25 13:15:26,2018-04-25 12:36:00,2018-05-08 16:32:17,2018-05-28,carrier_before_approval
0fa2c93bbfbce2c287bb56660c3998e3,delivered,2018-06-18 14:54:21,2018-06-18 15:17:12,2018-06-18 14:06:00,2018-06-28 18:41:14,2018-07-25,carrier_before_approval
89472d2aaca9a6765521c309ef6c814a,delivered,2018-04-23 09:49:26,2018-04-24 18:15:00,2018-04-23 19:21:50,2018-05-08 22:47:50,2018-05-18,carrier_before_approval
3ff74df75d244d7b291dc5a16004b2f0,delivered,2018-07-04 12:22:03,2018-07-05 16:31:33,2018-07-05 15:51:00,2018-07-11 20:38:46,2018-08-07,carrier_before_approval
69c5ed61a7bd20a9761c8fb11d727833,delivered,2017-07-31 11:11:53,2017-08-02 08:32:11,2017-08-01 12:26:58,2017-08-07 16:12:51,2017-08-22,carrier_before_approval
920e3d44eef0b91599e027ba1592e949,delivered,2018-04-19 17:30:07,2018-04-24 17:13:19,2018-04-23 17:33:53,2018-04-27 19:38:52,2018-05-18,carrier_before_approval
cb0909932c118481a0e44396d80ab2e8,delivered,2018-04-22 21:15:32,2018-04-24 19:24:43,2018-04-23 23:21:10,2018-04-24 15:32:26,2018-05-10,carrier_before_approval
8283cb8792b84009b158a085333ee8b3,delivered,2018-04-20 08:18:07,2018-04-24 18:14:55,2018-04-23 19:21:04,2018-05-08 16:35:47,2018-05-23,carrier_before_approval
f09e36e258656850b92657ac5f67b6d5,delivered,2018-07-03 12:37:02,2018-07-05 16:25:40,2018-07-04 09:56:00,2018-07-10 10:24:34,2018-07-24,carrier_before_approval
21d83e75dc0edc8c7aa58b4370a3518a,delivered,2018-07-23 14:09:42,2018-07-28 23:31:12,2018-07-24 13:59:00,2018-07-30 16:58:37,2018-08-08,carrier_before_approval
030475e22d114f70be1a265fee326192,delivered,2018-04-23 16:06:44,2018-04-24 19:10:38,2018-04-24 16:50:50,2018-04-26 17:24:47,2018-05-16,carrier_before_approval
8612cf18484bb0bfb9d98a7e1ed2766d,delivered,2018-07-04 00:53:40,2018-07-05 16:32:47,2018-07-04 12:09:00,2018-07-10 15:57:50,2018-08-08,carrier_before_approval
3b44236022543714625fb6d8daaa0734,delivered,2018-04-20 18:47:04,2018-04-24 17:45:50,2018-04-23 21:52:07,2018-04-25 22:21:39,2018-05-09,carrier_before_approval
f5219d97208f4c6aed81985144497f1e,delivered,2018-04-20 13:37:48,2018-04-24 18:54:01,2018-04-20 23:16:34,2018-04-26 14:08:44,2018-05-15,carrier_before_approval
8f83b7fcba464b677274cb8fcf22eef8,delivered,2018-04-21 14:30:01,2018-04-24 19:19:39,2018-04-23 20:38:35,2018-04-27 22:23:41,2018-05-15,carrier_before_approval
a0f26edb69d57d6b0624f0ebef947c79,delivered,2018-07-03 21:51:45,2018-07-05 16:14:41,2018-07-04 08:51:00,2018-07-10 20:35:48,2018-07-24,carrier_before_approval
d5d94fa0d1e2f561eb38c08dd582cad8,delivered,2018-07-05 09:49:54,2018-07-05 16:25:16,2018-07-05 12:44:00,2018-07-11 14:14:41,2018-08-03,carrier_before_approval
6be0e40ad5ed600b9e6b90fb9f58ba3a,delivered,2018-04-21 14:21:53,2018-04-24 18:00:22,2018-04-23 20:18:35,2018-04-25 21:16:50,2018-05-17,carrier_before_approval
6a0633b045fa76bef36ac14dd4a3f165,delivered,2018-07-03 18:09:59,2018-07-05 16:10:39,2018-07-04 08:51:00,2018-07-11 19:13:48,2018-07-25,carrier_before_approval
cc232fbf0724fb3e0289215b02b57707,delivered,2018-07-26 16:45:22,2018-07-31 23:31:16,2018-07-28 08:56:00,2018-08-02 18:53:32,2018-08-24,carrier_before_approval
d0a75d6eda61b8a7261946b34ffb350c,delivered,2018-04-20 14:44:50,2018-04-24 19:21:47,2018-04-23 12:48:48,2018-05-18 08:18:40,2018-06-11,carrier_before_approval
73b017a765ea2600be8cf4e374de23bd,delivered,2018-07-21 17:45:54,2018-07-26 23:32:33,2018-07-23 15:13:00,2018-07-29 20:18:21,2018-08-08,carrier_before_approval
b090db406a3c2b8c132d12115b575fa8,delivered,2018-07-04 18:25:26,2018-07-05 16:41:02,2018-07-05 14:47:00,2018-07-10 21:51:05,2018-07-23,carrier_before_approval
60d1bad2dd9051ddf6155fa1965d5c72,delivered,2018-04-21 16:24:10,2018-04-24 18:59:44,2018-04-24 17:17:58,2018-04-30 21:45:43,2018-05-16,carrier_before_approval
f5234dc943e266dc8922b4870dc9d491,delivered,2018-07-02 09:29:17,2018-07-05 16:15:52,2018-07-03 16:52:00,2018-07-04 14:57:44,2018-07-16,carrier_before_approval
79fa444e8356d0ed4f75c4666db50347,delivered,2018-07-04 19:23:38,2018-07-05 16:19:09,2018-07-05 13:50:00,2018-07-11 15:41:46,2018-07-30,carrier_before_approval
6e7d56b33e25e67ee602c9bfb9a63018,delivered,2017-07-30 11:30:39,2017-08-04 11:33:04,2017-08-01 17:25:38,2017-08-04 19:57:56,2017-08-11,carrier_before_approval
48b4f1f96d5ae13b404fe7d041a8d393,delivered,2018-08-09 13:41:59,2018-08-09 14:35:22,2018-08-09 13:57:00,2018-08-24 16:44:28,2018-09-26,carrier_before_approval
7e4781e7b053db140ebba2ed6e3fde99,delivered,2018-07-02 08:36:24,2018-07-05 16:14:20,2018-07-04 16:05:00,2018-07-10 16:41:12,2018-07-25,carrier_before_approval
641879e47a518bfcd257cdedda69f029,delivered,2018-04-21 22:03:59,2018-04-24 19:25:17,2018-04-23 19:04:12,2018-04-24 19:18:51,2018-05-10,carrier_before_approval
229407b9e8b4a23ecee01a9d354fc79b,delivered,2018-07-23 08:57:55,2018-07-23 14:31:47,2018-07-23 12:36:00,2018-07-27 19:56:35,2018-08-07,carrier_before_approval
dbebf60e0907d4124719fe7a872e7694,delivered,2018-07-02 19:27:48,2018-07-05 16:27:11,2018-07-04 10:48:00,2018-07-11 20:14:33,2018-08-03,carrier_before_approval
f47250cb6ba54d6506935dc2e409b914,delivered,2018-07-03 13:52:30,2018-07-05 16:34:53,2018-07-04 15:01:00,2018-07-12 12:58:45,2018-08-02,carrier_before_approval
f85a3babb8f57542a4493f9c45523501,delivered,2018-07-04 11:13:48,2018-07-05 16:33:19,2018-07-04 16:10:00,2018-07-11 15:57:32,2018-07-31,carrier_before_approval
b8da1a3a182f9172670e36c996363708,delivered,2018-04-24 07:33:08,2018-04-24 19:08:24,2018-04-24 17:58:39,2018-04-26 02:11:07,2018-05-11,carrier_before_approval
9230c8324320aabb46dcfbc11da845aa,delivered,2018-05-07 07:17:20,2018-05-07 16:13:20,2018-05-07 15:05:00,2018-05-15 13:03:44,2018-05-28,carrier_before_approval
763ff34638f08b1e6b6135c197e3a937,delivered,2018-08-17 13:59:11,2018-08-17 14:46:52,2018-08-17 14:42:00,2018-08-21 17:37:50,2018-08-29,carrier_before_approval
8c8005895f46f6c1bdf16697c70e645a,delivered,2018-08-17 15:57:10,2018-08-17 16:10:14,2018-08-17 14:56:00,2018-08-25 16:08:37,2018-09-19,carrier_before_approval
21a8ffca665bc7a1087d31751a7b7cbc,delivered,2017-05-31 12:00:35,2017-05-31 13:07:28,2017-05-31 12:43:47,2017-06-01 10:28:24,2017-06-13,carrier_before_approval
a7b10e487b0ab6b5e6f059a7fd2e79bc,delivered,2018-01-29 17:59:45,2018-02-03 23:31:49,2018-02-01 02:32:05,2018-02-06 17:22:50,2018-02-20,carrier_before_approval
366446679f4ddbffb2d8934f1abef1f8,delivered,2018-04-22 22:38:49,2018-04-24 18:25:34,2018-04-23 20:08:28,2018-04-30 18:52:22,2018-05-17,carrier_before_approval
05ddf4cc62efcc6f34b8c693eaa2db01,delivered,2018-07-03 18:18:34,2018-07-05 16:26:57,2018-07-04 14:51:00,2018-07-09 16:34:28,2018-07-25,carrier_before_approval
133d08a542c28f4400480b9483517c32,delivered,2018-07-21 22:54:08,2018-07-26 23:31:55,2018-07-23 11:47:00,2018-08-07 14:45:31,2018-08-16,carrier_before_approval
70e534acd4ff3f46956f7b4b36418474,delivered,2018-07-03 16:51:33,2018-07-05 16:34:40,2018-07-04 12:39:00,2018-07-05 15:13:43,2018-07-16,carrier_before_approval
d9a9bc50c9da52930374f4884e3175f0,delivered,2018-07-03 17:50:54,2018-07-05 16:25:20,2018-07-05 08:16:00,2018-07-11 00:15:58,2018-07-23,carrier_before_approval
01d80471e02a3ba49c8e1d0abc2c1a64,delivered,2017-05-03 19:35:37,2017-05-08 23:32:30,2017-05-08 15:45:00,2017-05-16 13:11:49,2017-06-02,carrier_before_approval
da7d3c6c66e6838cfb5b2ec2df177a57,delivered,2018-05-18 11:16:57,2018-05-22 09:14:33,2018-05-22 09:04:00,2018-06-07 18:58:25,2018-06-08,carrier_before_approval
ba6a0a51f6852a4e562acc5feb6ca75e,delivered,2018-06-12 14:14:08,2018-06-12 14:46:10,2018-06-12 13:50:00,2018-06-19 17:46:35,2018-07-05,carrier_before_approval
c3c86ecc0f7508ffce2a4662f49d9d8b,delivered,2018-05-14 12:42:52,2018-05-14 12:55:25,2018-05-14 12:25:00,2018-05-18 14:12:20,2018-06-01,carrier_before_approval
fff8286f77788ab8b55b2e5747fa7dd8,delivered,2018-07-03 21:53:22,2018-07-05 16:22:01,2018-07-04 14:33:00,2018-07-06 14:51:40,2018-07-20,carrier_before_approval
ee81daf572c595016b038f9dcf8f6a0a,delivered,2018-07-04 20:14:04,2018-07-05 16:14:02,2018-07-05 14:17:00,2018-07-13 13:36:40,2018-08-02,carrier_before_approval
da53168e1e12e3408d193c03604f260d,delivered,2018-07-05 10:00:59,2018-07-05 16:05:29,2018-07-05 10:23:00,2018-07-10 22:03:28,2018-08-01,carrier_before_approval
8ac52bf45b719c91c665c11e5696f199,delivered,2018-04-22 14:56:35,2018-04-24 18:08:28,2018-04-23 19:38:19,2018-05-04 20:06:40,2018-05-24,carrier_before_approval
b1790ff077b7630f790bba65c012c64b,delivered,2018-06-20 15:04:55,2018-06-20 15:40:12,2018-06-20 15:39:00,2018-06-25 15:52:39,2018-07-24,carrier_before_approval
31a200fac55455bb8b28d747b21cfb83,delivered,2018-07-03 23:37:11,2018-07-05 16:20:52,2018-07-04 10:17:00,2018-07-07 10:56:21,2018-07-25,carrier_before_approval
65bf80b7cf4363113089bc022bfef891,delivered,2018-04-22 11:47:34,2018-04-24 19:05:55,2018-04-23 17:04:01,2018-05-02 19:19:20,2018-05-11,carrier_before_approval
736fa605c3ae7ebfa61d3fc8caa49b47,delivered,2018-06-30 21:39:57,2018-07-05 16:17:17,2018-07-04 08:39:00,2018-07-12 22:47:41,2018-08-06,carrier_before_approval
6d70b44b2d0742e51c0434faba7c9afe,delivered,2018-07-21 05:48:37,2018-07-26 23:31:41,2018-07-24 11:05:00,2018-07-31 02:05:04,2018-08-07,carrier_before_approval
9256fda5584ec43f6212f63bdf17b2ec,delivered,2018-06-27 11:34:34,2018-06-27 11:57:21,2018-06-27 11:56:00,2018-06-28 18:26:27,2018-07-16,carrier_before_approval
7b60439ce00c75448babbcbfb0bdb6f0,delivered,2018-05-12 10:52:23,2018-05-14 14:10:18,2018-05-14 13:11:00,2018-05-22 18:22:03,2018-06-14,carrier_before_approval
cd152c10c2b137322bd87555c0553c16,delivered,2018-07-04 15:22:38,2018-07-05 16:20:07,2018-07-05 14:05:00,2018-07-09 13:34:22,2018-07-17,carrier_before_approval
bd9629bd5c3db3606ff891c6314be67a,delivered,2018-06-15 10:07:16,2018-06-15 10:39:38,2018-06-15 10:27:00,2018-06-20 22:31:48,2018-07-11,carrier_before_approval
c85ea30e9a24abecb353caa26294c81c,delivered,2017-04-26 08:19:14,2017-04-27 13:36:17,2017-04-26 14:52:01,2017-05-08 16:07:01,2017-05-23,carrier_before_approval
8346e642eb8d376b57cddc53b6118a3a,delivered,2018-08-01 09:50:24,2018-08-01 16:31:29,2018-08-01 12:39:00,2018-08-08 17:58:34,2018-08-15,carrier_before_approval
7344c860833e7ea5b676e4575b225d6c,delivered,2018-04-22 14:09:27,2018-04-24 17:14:31,2018-04-23 23:56:52,2018-04-30 20:14:27,2018-05-21,carrier_before_approval
91be51c856a90d7efe86cf9d082d6ae3,delivered,2018-06-12 15:58:03,2018-06-12 16:32:26,2018-06-12 15:44:00,2018-06-15 15:42:07,2018-07-12,carrier_before_approval
fa40e63c3c59d4bd7858f31c33e0d882,delivered,2018-04-21 20:41:35,2018-04-24 18:41:25,2018-04-23 18:00:09,2018-05-03 18:19:36,2018-05-22,carrier_before_approval
ffcc17a2f3331d4d25cf692060921690,delivered,2018-06-29 14:41:28,2018-06-29 14:50:16,2018-06-29 14:40:00,2018-07-03 16:14:35,2018-07-13,carrier_before_approval
652ea8ea554ac0339e725a3a9c028040,delivered,2018-04-20 09:41:41,2018-04-24 18:12:56,2018-04-24 00:41:47,2018-05-01 12:41:11,2018-05-28,carrier_before_approval
4e16f71b2a5ddc0266f9ddfdfd0bcfba,delivered,2018-07-22 18:58:10,2018-07-27 23:30:54,2018-07-24 15:09:00,2018-07-27 16:46:38,2018-08-06,carrier_before_approval
ef18f5dcc7b8a44cbdb1a14de4164bd1,shipped,2018-07-04 10:52:38,2018-07-05 16:32:54,2018-07-04 14:18:00,,2018-07-20,carrier_before_approval
576e9a23f503e96fdc30b174e8c6d8be,delivered,2018-04-23 17:27:49,2018-04-24 18:29:32,2018-04-24 18:12:16,2018-04-28 18:34:04,2018-05-08,carrier_before_approval
0417b4ccdad2da3b88aa378eef45528c,delivered,2018-04-22 18:41:26,2018-04-24 19:05:58,2018-04-24 01:56:52,2018-05-08 20:52:46,2018-05-25,carrier_before_approval
dc20804f9d8ea2452990f7c41ccb34bc,delivered,2018-04-23 12:05:10,2018-04-24 19:07:37,2018-04-24 17:45:38,2018-04-27 19:33:10,2018-05-11,carrier_before_approval
66e1b657a71397245290f39ffe24031e,delivered,2018-07-22 15:09:37,2018-07-27 23:31:10,2018-07-24 19:07:00,2018-07-25 14:58:47,2018-08-01,carrier_before_approval
dbd49fd0ab245be1d63d2e47ac959016,delivered,2018-04-22 19:55:11,2018-04-24 19:21:42,2018-04-24 16:06:52,2018-05-02 17:41:36,2018-05-18,carrier_before_approval
9baa5b4e68d86c9f1694e1598b543a93,delivered,2018-07-02 23:13:07,2018-07-05 16:20:18,2018-07-05 11:55:00,2018-07-10 19:05:23,2018-07-25,carrier_before_approval
53aef74d5e95ede5ab3a78d696eafb6f,delivered,2018-07-02 19:00:59,2018-07-05 16:19:08,2018-07-04 11:28:00,2018-07-12 15:24:33,2018-08-13,carrier_before_approval
5b9983c12367a47fae641c25ac8877f4,delivered,2018-01-30 13:18:05,2018-02-04 23:31:36,2018-02-01 01:28:01,2018-02-07 13:26:48,2018-02-22,carrier_before_approval
fe206005e41f89f9759ece7fe7acc9c3,delivered,2018-06-25 15:05:27,2018-06-25 15:18:59,2018-06-25 14:08:00,2018-07-03 20:10:15,2018-07-23,carrier_before_approval
d60ecff4cf9ca74d078b9a105d138eed,delivered,2018-02-06 23:00:53,2018-02-10 10:18:39,2018-02-08 14:21:59,2018-02-19 22:24:51,2018-03-06,carrier_before_approval
4e88622fff810dd27f43c1663684bcf7,delivered,2018-07-04 19:49:40,2018-07-05 16:22:00,2018-07-05 15:26:00,2018-07-14 14:37:28,2018-07-26,carrier_before_approval
06f69fec6e098f6350cefea19ca51ff4,delivered,2018-07-05 11:52:08,2018-07-05 16:11:09,2018-07-05 15:26:00,2018-07-10 18:06:35,2018-07-26,carrier_before_approval
b7d794a0d512566c47d3ffb585bb3805,delivered,2018-08-15 12:20:55,2018-08-15 12:35:25,2018-08-15 12:34:00,2018-08-18 01:44:44,2018-08-28,carrier_before_approval
388c070ce42d3ccaedfd15662e09631d,shipped,2018-04-21 03:25:21,2018-04-24 18:58:14,2018-04-23 17:31:51,,2018-05-30,carrier_before_approval
819c0a8de9efdc8a6886525a06dc7967,delivered,2018-07-04 16:10:42,2018-07-05 16:21:06,2018-07-04 15:30:00,2018-07-12 15:08:34,2018-07-26,carrier_before_approval
f02c97921d050822b79ace5646299e12,delivered,2018-07-02 20:15:38,2018-07-05 16:25:21,2018-07-04 10:48:00,2018-07-11 19:27:48,2018-08-06,carrier_before_approval
af3afcbdb956d1e158a0cb3ebd336d84,delivered,2018-04-22 14:40:52,2018-04-24 19:18:09,2018-04-23 18:33:37,2018-04-30 22:52:31,2018-05-18,carrier_before_approval
27f7d43a44061f79fa0e259a3b9a7922,delivered,2018-04-22 21:26:51,2018-04-24 17:16:31,2018-04-23 23:41:42,2018-04-27 16:32:41,2018-05-15,carrier_before_approval
1bab77281b20f4719d0a9f87f2282fde,delivered,2017-04-24 22:25:28,2017-04-27 10:33:13,2017-04-27 07:42:03,2017-05-08 16:07:05,2017-05-11,carrier_before_approval
dbf6633516ca4df83ac9e96e2100846d,delivered,2018-04-21 16:36:03,2018-04-24 18:57:06,2018-04-24 17:32:16,2018-05-07 20:57:38,2018-05-28,carrier_before_approval
f32b1e3320d65b3c94140ffe559dda4f,delivered,2018-07-18 14:07:03,2018-07-18 14:22:13,2018-07-18 14:08:00,2018-07-27 22:53:41,2018-08-07,carrier_before_approval
627bcc1ede93534cd39bf82a8357f0a8,delivered,2018-02-14 23:23:30,2018-02-16 14:31:33,2018-02-15 20:37:43,2018-02-22 16:42:53,2018-03-08,carrier_before_approval
4d15992eecccff8ef3bf6d2adece1b0a,delivered,2018-04-20 13:17:55,2018-04-24 19:26:30,2018-04-20 23:16:43,2018-04-26 21:34:02,2018-05-15,carrier_before_approval
1676852853bb81a2a74bceb23c87ea44,delivered,2018-04-21 17:56:07,2018-04-24 19:23:51,2018-04-23 19:32:56,2018-05-03 20:19:18,2018-05-22,carrier_before_approval
9ac6f439f70af60a204c7d47285fa099,delivered,2018-08-16 15:46:02,2018-08-16 15:55:24,2018-08-16 14:20:00,2018-08-21 19:55:34,2018-08-28,carrier_before_approval
8554cb37f7158cb0b082a841d24a4589,delivered,2017-09-01 18:40:44,2017-09-13 21:58:04,2017-09-04 19:12:19,2017-09-08 20:07:45,2017-10-02,carrier_before_approval
bf3aac7b998a34f5bc14f646652e7bed,delivered,2018-07-03 22:31:17,2018-07-05 16:22:47,2018-07-04 14:05:00,2018-07-07 12:54:50,2018-08-08,carrier_before_approval
1d54af1bf3179b54f046212de28f8bc7,delivered,2018-08-09 08:37:26,2018-08-09 08:50:35,2018-08-09 08:33:00,2018-08-17 21:03:54,2018-09-05,carrier_before_approval
f8a3dc81761d2783626d9deb2dc55088,delivered,2018-04-20 21:44:04,2018-04-24 19:00:41,2018-04-24 17:07:44,2018-04-27 18:42:00,2018-05-11,carrier_before_approval
48300f948ed1d70ff6e5f733e30e5816,delivered,2018-06-21 14:37:50,2018-06-21 14:59:59,2018-06-21 13:09:00,2018-07-06 14:51:09,2018-07-24,carrier_before_approval
1b5e2881604b415e9f8ac15e575dfbf2,delivered,2018-04-21 09:35:31,2018-04-24 18:48:58,2018-04-23 18:27:55,2018-04-27 20:32:41,2018-05-11,carrier_before_approval
f40af969fcf3d71db248ca5459f0b7ca,delivered,2018-06-27 08:43:53,2018-06-27 11:03:45,2018-06-27 09:54:00,2018-06-28 17:55:43,2018-07-16,carrier_before_approval
f0755c7d99a4a7f0bfa967f87d657855,delivered,2018-07-05 12:26:16,2018-07-05 16:32:14,2018-07-05 12:23:00,2018-07-13 21:27:50,2018-08-02,carrier_before_approval
e93510a1b0e70c6f717c60f67ad314f2,delivered,2018-07-03 22:26:39,2018-07-05 16:33:10,2018-07-04 12:59:00,2018-07-13 20:41:27,2018-07-24,carrier_before_approval
083fa2fb9d3de18eabbb3427045a1a1f,delivered,2018-07-03 10:24:56,2018-07-05 16:25:48,2018-07-05 15:18:00,2018-07-12 22:02:48,2018-08-10,carrier_before_approval
a7dff9f82589bed9661867f1d3e5673e,delivered,2018-07-04 14:49:16,2018-07-05 16:32:49,2018-07-05 11:48:00,2018-07-11 16:07:41,2018-07-23,carrier_before_approval
eab659d04f2bba5abfe11a2e6ef92bd0,delivered,2018-06-05 13:24:11,2018-06-05 14:31:11,2018-06-05 12:34:00,2018-06-08 20:34:21,2018-07-11,carrier_before_approval
294a3f0960f3588f7b1597da079f590e,delivered,2017-04-25 22:15:42,2017-04-27 13:33:23,2017-04-27 07:18:06,2017-05-08 13:13:20,2017-05-16,carrier_before_approval
d4646c4ab91c910a48e894192d0c5a97,delivered,2018-03-05 00:23:16,2018-03-06 15:00:59,2018-03-05 18:39:11,2018-03-07 12:57:26,2018-04-06,carrier_before_approval
e6905b52f294e4e2acc73bbb588038b3,delivered,2018-04-22 16:08:41,2018-04-24 19:06:33,2018-04-23 20:46:38,2018-05-03 13:13:02,2018-05-18,carrier_before_approval
35cab29a44850e454b675c0160b34a45,delivered,2018-07-31 14:27:01,2018-07-31 15:31:39,2018-07-31 15:08:00,2018-08-02 19:58:26,2018-08-10,carrier_before_approval
07d395244b58ce72bbecdafbb1b60ace,delivered,2018-07-02 19:41:29,2018-07-05 16:26:51,2018-07-03 13:45:00,2018-07-20 15:36:53,2018-07-25,carrier_before_approval
261a70322fb6e56501d54f81cf525f15,delivered,2018-04-20 14:12:42,2018-04-24 18:56:07,2018-04-23 15:22:30,2018-04-26 16:54:41,2018-05-10,carrier_before_approval
59e2aa6cada46ead4c4520d965785640,delivered,2018-07-05 11:39:19,2018-07-05 16:31:07,2018-07-05 14:13:00,2018-07-09 13:41:00,2018-07-24,carrier_before_approval
4669128c3280c4b2c99e4de410143681,delivered,2018-07-04 08:08:35,2018-07-05 16:27:27,2018-07-05 16:08:00,2018-07-13 18:08:44,2018-07-30,carrier_before_approval
aa61e95f95f3ec74b8a3b7c5c174c0c5,delivered,2018-07-04 15:29:33,2018-07-05 16:32:10,2018-07-05 09:08:00,2018-07-10 20:50:44,2018-08-08,carrier_before_approval
64a22766d8a3975ba61edc4943501e24,delivered,2018-07-03 15:45:08,2018-07-05 16:19:00,2018-07-05 14:45:00,2018-07-10 20:18:45,2018-07-31,carrier_before_approval
eb9c386367b06468eb9334ad5a9f28bc,delivered,2018-04-22 01:27:23,2018-04-24 19:08:47,2018-04-24 16:10:04,2018-04-25 17:06:35,2018-05-10,carrier_before_approval
5e981569f5835c96e4b288363b3b8f63,delivered,2018-07-30 16:25:37,2018-08-02 13:43:13,2018-07-31 13:42:00,2018-08-01 15:17:54,2018-08-02,carrier_before_approval
43f0d057f0850582f4045651805ef133,delivered,2018-07-04 16:37:48,2018-07-05 16:16:58,2018-07-05 14:11:00,2018-07-06 16:55:52,2018-07-23,carrier_before_approval
3fce76a41d913dedb8f211a38fa0a8b8,delivered,2017-05-01 16:51:20,2017-05-06 21:33:35,2017-05-03 16:10:14,2017-05-09 08:50:07,2017-05-25,carrier_before_approval
7c6146547d5509c612ec26867d1cd47b,delivered,2018-07-03 20:59:44,2018-07-05 16:13:03,2018-07-04 16:17:00,2018-07-13 19:32:31,2018-08-01,carrier_before_approval
3ed559dec69ab96d9074fedaf18650eb,delivered,2018-06-15 13:20:09,2018-06-15 13:44:37,2018-06-15 11:22:00,2018-06-26 15:53:25,2018-07-23,carrier_before_approval
8895673f81ae9b1b7ecd868bd707b243,delivered,2018-07-22 13:13:57,2018-07-27 23:31:15,2018-07-24 14:27:00,2018-07-31 20:49:38,2018-08-16,carrier_before_approval
f32ac9e04d057c043017dc54d5fcd9da,delivered,2018-04-23 12:03:31,2018-04-24 19:24:34,2018-04-24 18:41:36,2018-04-30 14:48:28,2018-05-23,carrier_before_approval
387c2cbba26c5cfe21c60a8f2208a78d,delivered,2017-05-04 08:01:35,2017-05-09 22:32:39,2017-05-09 08:18:12,2017-05-16 11:53:08,2017-05-31,carrier_before_approval
f8d0d96aa37dec6d5889d28cf88574b5,delivered,2018-06-30 14:40:41,2018-07-05 16:14:44,2018-07-04 14:19:00,2018-07-10 14:44:06,2018-07-20,carrier_before_approval
0fb2036805020445edceb236ebe847c8,delivered,2018-04-23 02:22:13,2018-04-24 19:04:29,2018-04-23 19:04:00,2018-04-24 19:54:53,2018-05-10,carrier_before_approval
bec3652605143e5f7e0265d993793eba,delivered,2018-08-23 12:49:42,2018-08-23 13:24:57,2018-08-23 13:05:00,2018-08-28 17:36:54,2018-09-04,carrier_before_approval
16a10c94dc005b8e19195327eb853b21,delivered,2018-04-20 19:47:03,2018-04-24 19:06:49,2018-04-23 22:11:37,2018-05-16 14:20:42,2018-05-10,carrier_before_approval
40ec3ad4f08944421d76ad879ca56b64,delivered,2018-07-02 11:33:57,2018-07-05 16:02:49,2018-07-04 14:31:00,2018-07-11 20:21:49,2018-07-27,carrier_before_approval
bafb684404bd59635ed1f02e09058779,delivered,2018-07-04 11:56:27,2018-07-05 16:33:22,2018-07-05 13:56:00,2018-07-06 13:18:40,2018-07-19,carrier_before_approval
e9b5a2375e8f252aaba047d5d20e4f84,delivered,2018-07-22 16:55:39,2018-07-23 12:31:38,2018-07-23 10:15:00,2018-07-24 19:02:38,2018-07-31,carrier_before_approval
4b38f9d30c069b6ec0c1da7d03c0ea21,delivered,2018-04-23 15:05:11,2018-04-24 19:03:58,2018-04-24 17:04:21,2018-04-27 18:28:46,2018-05-16,carrier_before_approval
85d142633f7411ccb6c6af60c196b8c5,delivered,2018-07-03 13:41:36,2018-07-05 16:27:16,2018-07-04 14:30:00,2018-07-10 22:38:28,2018-07-25,carrier_before_approval
c52d58426aab3759ad2cf6fcb69e4add,delivered,2017-07-30 21:04:22,2017-08-02 08:33:31,2017-08-01 15:54:30,2017-08-21 19:43:48,2017-09-01,carrier_before_approval
ae213a9f84c777fb7a31e8c0f09fd30c,delivered,2018-07-03 22:13:48,2018-07-05 16:15:23,2018-07-04 16:17:00,2018-09-19 15:46:39,2018-07-31,carrier_before_approval
acfd4e73993d49708599a826d48978dd,delivered,2018-06-26 10:36:34,2018-06-27 11:06:50,2018-06-27 09:51:00,2018-06-30 15:33:24,2018-07-18,carrier_before_approval
d1c3e5942668c790cea34c89fd33f05f,delivered,2018-04-19 17:24:28,2018-04-24 18:26:31,2018-04-24 16:38:58,2018-04-30 13:06:31,2018-05-14,carrier_before_approval
7a240ceeef4e675b85598c68d9aed65f,delivered,2018-04-22 16:06:21,2018-04-24 19:28:11,2018-04-23 23:21:37,2018-04-30 21:04:35,2018-05-16,carrier_before_approval
3cb2ba0f933044d545dcce9bb8dbbed8,delivered,2018-04-21 11:42:17,2018-04-24 18:13:35,2018-04-23 18:42:19,2018-04-26 11:19:15,2018-05-07,carrier_before_approval
9c3ec2b1090ff630e2ff9ef49f962734,delivered,2018-06-29 11:02:18,2018-06-29 11:15:13,2018-06-29 11:05:00,2018-07-03 19:25:44,2018-07-23,carrier_before_approval
730c83933acab283b21bae7b3fcc91d1,delivered,2018-07-05 08:54:50,2018-07-05 16:07:03,2018-07-05 14:24:00,2018-07-11 16:16:48,2018-08-03,carrier_before_approval
b8f1d12f21b83fdb91d157f357617d90,delivered,2018-07-03 21:50:06,2018-07-05 16:40:42,2018-07-04 14:06:00,2018-07-10 19:16:33,2018-07-20,carrier_before_approval
1bc159c29e3f54a9f2d4d2bdaa45b5df,delivered,2018-07-04 22:19:15,2018-07-05 16:13:52,2018-07-05 14:05:00,2018-07-12 16:26:53,2018-07-27,carrier_before_approval
ff8fa4002efe1dc72ea0343487e7b6c6,delivered,2018-01-29 20:17:19,2018-02-03 23:32:07,2018-01-31 15:08:46,2018-02-05 23:08:09,2018-02-20,carrier_before_approval
87e7ff710ee02d1ee56ad8d47834fb89,delivered,2018-07-21 20:47:47,2018-07-26 23:32:51,2018-07-24 14:40:00,2018-07-31 15:41:43,2018-08-13,carrier_before_approval
add6fca600991376414a6352a0bf85dc,delivered,2018-04-20 19:05:57,2018-04-24 19:04:58,2018-04-23 22:38:37,2018-05-14 16:18:48,2018-05-24,carrier_before_approval
3d85885db63d8328e4dbaa59804ad1ee,delivered,2018-07-22 11:51:42,2018-07-27 23:31:16,2018-07-24 14:21:00,2018-08-03 18:24:50,2018-08-15,carrier_before_approval
22d03f81f36cfd05e90af56d5dc63e74,delivered,2018-07-31 13:22:30,2018-08-01 16:31:37,2018-08-01 11:19:00,2018-08-16 16:07:46,2018-08-27,carrier_before_approval
cc8778d76e567b45082b7f52bce23095,delivered,2018-04-21 16:45:16,2018-04-24 19:24:18,2018-04-23 18:22:46,2018-04-30 22:16:47,2018-05-29,carrier_before_approval
ae93587d71bc1659fcc7614e6f4dddfa,delivered,2018-04-20 15:15:29,2018-04-24 19:25:38,2018-04-24 18:11:43,2018-04-25 18:51:23,2018-05-11,carrier_before_approval
638913622370c1dfea90659077bd5375,delivered,2018-07-31 11:33:56,2018-08-01 16:31:34,2018-07-31 14:56:00,2018-08-01 20:24:36,2018-08-03,carrier_before_approval
0474da9403011efc4abd2bf594e9b68b,delivered,2018-08-08 13:18:36,2018-08-08 13:30:15,2018-08-08 12:19:00,2018-08-13 22:10:52,2018-08-29,carrier_before_approval
1cb3c680ddf904752646028ee22073a4,delivered,2018-07-27 14:08:38,2018-07-27 14:24:04,2018-07-27 14:08:00,2018-08-02 18:56:47,2018-08-07,carrier_before_approval
d429103c6be912be69781fae58d4a76c,delivered,2018-04-23 09:22:26,2018-04-24 17:24:07,2018-04-23 21:32:25,2018-04-25 22:13:52,2018-05-07,carrier_before_approval
ab6d00347b9055691972ac20f00df77b,delivered,2018-07-04 11:11:58,2018-07-05 16:32:56,2018-07-04 14:08:00,2018-07-06 15:34:33,2018-07-23,carrier_before_approval
98b4d7416936a07ca82851907fb3c63b,delivered,2018-07-04 21:19:15,2018-07-05 16:19:56,2018-07-05 14:41:00,2018-07-06 20:38:43,2018-07-17,carrier_before_approval
d3fa993cd95accac6c3d0b7e51dffcda,delivered,2018-07-03 14:51:19,2018-07-05 16:32:09,2018-07-05 12:05:00,2018-07-10 19:41:31,2018-08-15,carrier_before_approval
0d1141bc7e92a45b00c06ed12c5c4eb2,delivered,2018-04-22 14:49:00,2018-04-24 17:53:29,2018-04-23 19:18:50,2018-05-03 20:03:38,2018-05-18,carrier_before_approval
caec6ec3266608cf43f2abc14334a25f,delivered,2018-04-20 11:57:52,2018-04-24 18:05:40,2018-04-23 19:17:26,2018-04-24 19:21:50,2018-05-09,carrier_before_approval
2e62dadd571541842fefc7c3b4bf4527,delivered,2017-06-04 13:03:43,2017-06-06 13:10:53,2017-06-06 13:03:59,2017-08-18 15:52:19,2017-07-07,carrier_before_approval
0184d4ddb259e1a4cfc2871888cf97b8,delivered,2017-09-01 20:04:28,2017-09-13 22:17:15,2017-09-04 14:05:50,2017-09-09 15:12:44,2017-09-20,carrier_before_approval
47f127d696dedbcc985921e3304db01e,delivered,2018-06-30 16:01:43,2018-07-05 16:25:26,2018-07-04 14:24:00,2018-07-05 17:09:41,2018-07-16,carrier_before_approval
9a6327d5a077984fa3e3c659a24e7915,delivered,2018-04-20 15:30:13,2018-04-24 18:59:19,2018-04-23 17:56:55,2018-04-24 18:17:07,2018-05-08,carrier_before_approval
9e85367165bb242141b1f2638d6fc239,delivered,2018-07-05 13:40:19,2018-07-05 16:31:55,2018-07-05 12:45:00,2018-07-12 23:12:12,2018-08-03,carrier_before_approval
7046baacfed62d117699e43e9cc8ee7c,delivered,2018-07-02 21:48:39,2018-07-05 16:06:14,2018-07-04 15:17:00,2018-07-10 15:22:07,2018-07-27,carrier_before_approval
c4fe6f6fb6b226089906913cd4ab8a20,delivered,2018-07-04 12:34:13,2018-07-05 16:04:37,2018-07-05 14:24:00,2018-07-12 22:48:23,2018-08-03,carrier_before_approval
6f01b35ce046bc721e6d87e5a073c620,delivered,2017-07-29 11:00:33,2017-08-02 08:32:59,2017-08-01 13:44:56,2017-08-15 17:58:56,2017-08-28,carrier_before_approval
66460ca7e4dff034a9ac0ec80c7fdea8,delivered,2018-05-16 16:16:03,2018-05-17 10:43:13,2018-05-17 08:40:00,2018-06-01 21:34:31,2018-06-06,carrier_before_approval
0e490dd9ff8d1bf7259c4265f49bd577,delivered,2018-04-19 21:25:22,2018-04-24 18:06:04,2018-04-24 00:18:41,2018-04-30 21:33:34,2018-05-16,carrier_before_approval
874315445af6a82710d4b4bc4ed0dd4e,delivered,2018-04-21 20:27:54,2018-04-24 17:25:11,2018-04-23 19:03:47,2018-04-24 19:52:06,2018-05-10,carrier_before_approval
e9aabb11af0ed0b77743b1d0ddd7591c,delivered,2018-07-03 19:19:20,2018-07-05 16:11:07,2018-07-05 14:44:00,2018-07-06 13:03:48,2018-07-19,carrier_before_approval
941638a41a3674d12166261747988666,delivered,2018-07-05 10:28:04,2018-07-05 16:30:45,2018-07-05 11:13:00,2018-07-10 17:26:08,2018-07-24,carrier_before_approval
6f09086a54ed13a7f152d6339e2ee5a3,delivered,2018-06-26 09:51:04,2018-06-26 10:18:00,2018-06-26 09:08:00,2018-06-28 16:32:10,2018-07-20,carrier_before_approval
9cc8a145d8be894ab07cdbd8503c4887,delivered,2017-11-28 10:44:35,2017-12-03 23:36:19,2017-11-28 22:15:58,2017-12-18 19:44:08,2017-12-21,carrier_before_approval
6898d4e2dad0e7d07e74cbbff0a796e3,delivered,2018-07-03 18:41:20,2018-07-05 16:10:30,2018-07-04 08:41:00,2018-07-11 18:18:38,2018-07-30,carrier_before_approval
b4545b4fc2de8025a8a42fb23125cc54,delivered,2017-04-26 17:00:43,2017-04-28 11:41:42,2017-04-28 10:31:05,2017-05-22 09:55:50,2017-05-17,carrier_before_approval
f43e5eafabf8b91d5bf98e478fe28cff,delivered,2018-04-23 23:02:02,2018-04-24 19:07:34,2018-04-24 18:12:20,2018-05-08 20:46:39,2018-05-15,carrier_before_approval
dadc329b35c6c0dcbe7c3ddb1923f51a,delivered,2018-06-29 16:01:12,2018-06-29 16:11:43,2018-06-29 15:47:00,2018-07-05 20:54:44,2018-07-31,carrier_before_approval
000576fe39319847cbb9d288c5617fa6,delivered,2018-07-04 12:08:27,2018-07-05 16:35:48,2018-07-05 12:15:00,2018-07-09 14:04:07,2018-07-25,carrier_before_approval
a31e3f43f9ed2f1d94b0748bc723b899,delivered,2018-07-03 16:04:38,2018-07-05 16:34:56,2018-07-04 10:43:00,2018-07-06 01:31:26,2018-07-16,carrier_before_approval
5c19e256f5972c1dc427a1a1f9940a3d,delivered,2018-04-20 16:09:42,2018-04-24 17:47:43,2018-04-23 21:52:07,2018-05-12 13:28:52,2018-05-21,carrier_before_approval
a3a43dd512f51c100ca62a18f50076b6,delivered,2018-02-14 22:32:54,2018-02-16 14:30:38,2018-02-15 16:52:01,2018-02-20 19:04:37,2018-03-15,carrier_before_approval
2143f0dfdbb1c47ab7c75c9c097e0173,delivered,2018-05-30 14:11:28,2018-05-30 14:31:48,2018-05-30 14:15:00,2018-06-03 17:40:51,2018-06-25,carrier_before_approval
cf5c8d9f52807cb2d2f0a0ff54c478da,delivered,2018-08-24 13:04:05,2018-08-24 13:24:27,2018-08-24 12:00:00,2018-08-30 19:11:50,2018-10-05,carrier_before_approval
05e6d57ea1f64b4e9a0b37c669515cfc,delivered,2018-07-03 23:29:36,2018-07-05 16:03:39,2018-07-04 12:35:00,2018-07-07 11:38:46,2018-07-24,carrier_before_approval
77fbc4cdd3be2594cbb02bac5e3ce914,delivered,2018-07-03 08:21:19,2018-07-05 16:32:23,2018-07-03 12:28:00,2018-07-11 00:16:41,2018-08-03,carrier_before_approval
0a84606bdb8331708400882d2e921524,delivered,2018-06-29 16:28:41,2018-06-29 16:51:20,2018-06-29 14:47:00,2018-07-03 14:44:33,2018-07-17,carrier_before_approval
23c8185c60bb06f217a2437ffc73e45f,delivered,2018-07-01 15:33:02,2018-07-05 16:09:05,2018-07-05 14:50:00,2018-07-06 17:38:41,2018-07-18,carrier_before_approval
5115750c51f268f7427daf3657d1a699,delivered,2018-04-20 20:53:39,2018-04-24 19:21:39,2018-04-24 18:18:42,2018-05-02 19:42:46,2018-05-15,carrier_before_approval
3f3f8127c7e0537f9f74550f3504f93d,delivered,2018-06-30 09:51:07,2018-07-05 16:17:17,2018-07-03 14:51:00,2018-07-09 11:36:54,2018-07-20,carrier_before_approval
a5bc76cff5020a123d1fdbbf26e06774,delivered,2018-07-04 13:05:20,2018-07-05 16:24:48,2018-07-05 12:42:00,2018-07-10 23:24:44,2018-07-31,carrier_before_approval
5914b571e2efd1eca2e2d5dc0a50f155,delivered,2018-04-23 21:17:41,2018-04-24 18:22:56,2018-04-24 16:36:40,2018-05-15 16:17:33,2018-05-22,carrier_before_approval
f07589f27657a39d2d7cba90c38cd654,delivered,2018-07-03 13:37:03,2018-07-05 16:17:03,2018-07-04 15:28:00,2018-07-12 20:46:53,2018-08-13,carrier_before_approval
7e64c6b0a855acecee3ad0225a0e1da0,delivered,2018-06-30 23:57:59,2018-07-05 16:27:48,2018-07-03 14:35:00,2018-07-06 18:18:34,2018-07-25,carrier_before_approval
ced9d48cd170ccf0a762bf379b4723fc,delivered,2018-04-20 15:52:59,2018-04-24 18:40:04,2018-04-23 23:12:34,2018-04-24 15:24:38,2018-05-10,carrier_before_approval
979c4326cc15330dd0b1e4547e25e81c,delivered,2018-04-23 21:16:12,2018-04-24 18:21:35,2018-04-24 18:19:23,2018-05-03 19:46:56,2018-05-15,carrier_before_approval
5b9e437b9b8c217c1e35158aeafc2102,delivered,2018-04-20 00:23:34,2018-04-24 19:06:45,2018-04-23 15:06:33,2018-04-24 15:32:18,2018-05-07,carrier_before_approval
e317f41180b8a6fa3ce86b6fba6ac3fa,delivered,2018-06-25 20:52:04,2018-06-27 08:54:31,2018-06-27 07:37:00,2018-07-05 18:32:09,2018-08-03,carrier_before_approval
eedc6468311e8bd6f486d10ceef187f9,delivered,2018-04-22 16:03:02,2018-04-24 19:22:41,2018-04-24 19:11:44,2018-05-17 15:12:51,2018-05-24,carrier_before_approval
1c958182f10d6fcbac7728c8d3a151f1,delivered,2018-07-23 15:09:44,2018-07-23 16:05:15,2018-07-23 14:52:00,2018-08-01 21:05:05,2018-08-14,carrier_before_approval
e758dcd9bd08272ffb2f985926579539,delivered,2018-07-28 13:11:22,2018-07-30 16:05:25,2018-07-30 15:39:00,2018-08-01 14:52:54,2018-08-07,carrier_before_approval
396af24f9fbfbbb946c61236fa1cf895,delivered,2018-07-22 17:27:47,2018-07-23 12:31:38,2018-07-23 11:17:00,2018-07-26 17:37:50,2018-08-09,carrier_before_approval
076f1fe978468db6b826f40f714da65f,delivered,2018-06-05 11:41:02,2018-06-05 14:31:31,2018-06-05 13:59:00,2018-06-11 15:26:48,2018-07-19,carrier_before_approval
476a432306780038e2403c30235817e7,delivered,2018-04-22 17:04:00,2018-04-24 17:48:13,2018-04-24 14:14:32,2018-05-03 23:51:38,2018-05-11,carrier_before_approval
b5cded175dda03c8360eb5d652b931e1,delivered,2018-04-21 10:31:08,2018-04-24 19:17:52,2018-04-24 16:54:51,2018-04-30 13:18:51,2018-05-17,carrier_before_approval
14a915a594225cec76a7c3628517a64a,delivered,2018-07-05 09:50:56,2018-07-05 16:26:27,2018-07-05 15:34:00,2018-07-12 23:38:24,2018-07-27,carrier_before_approval
00d2559e61b9a0744a0552c35c5ecccb,delivered,2018-06-11 12:24:48,2018-06-11 13:32:18,2018-06-11 12:05:00,2018-06-18 16:51:52,2018-06-28,carrier_before_approval
2c313debfbfb2b44f91ae0431823ccb4,delivered,2018-07-18 14:08:03,2018-07-18 14:22:13,2018-07-18 14:16:00,2018-07-23 12:18:55,2018-08-01,carrier_before_approval
98c8ce34fb87be20f449264f5ff6fb35,delivered,2018-04-22 22:00:48,2018-04-24 17:44:15,2018-04-23 20:41:59,2018-04-26 21:05:31,2018-05-21,carrier_before_approval
bfa6db3b1ea85796d80dabdfd83b9d40,delivered,2018-07-03 14:01:13,2018-07-05 16:20:09,2018-07-05 14:59:00,2018-07-09 21:11:58,2018-07-25,carrier_before_approval
0782e07a7692b86e29c3fcec805b3bfc,delivered,2018-07-03 21:25:43,2018-07-05 16:32:28,2018-07-05 09:50:00,2018-07-06 20:32:34,2018-07-23,carrier_before_approval
872b07190c0c9c0f13475d2141c4036a,delivered,2018-07-03 10:10:12,2018-07-05 16:22:38,2018-07-03 12:00:00,2018-07-10 17:18:49,2018-08-02,carrier_before_approval
0ea5fe49c67efb820d76f32ac29817c8,delivered,2018-04-22 15:37:00,2018-04-24 18:42:29,2018-04-23 19:03:14,2018-05-01 00:08:49,2018-05-18,carrier_before_approval
38e0cb80c67af61efd491a83aed8c8be,delivered,2018-07-20 09:55:09,2018-07-25 23:32:02,2018-07-25 14:06:00,2018-07-30 18:03:12,2018-08-08,carrier_before_approval
afce0ce9c7f274fe0f46591b25e9d438,delivered,2018-02-08 17:41:15,2018-02-10 10:18:48,2018-02-10 01:17:51,2018-03-02 20:46:46,2018-03-09,carrier_before_approval
8299066c13f491b4cf9bdb486d2058c2,delivered,2018-05-14 12:53:23,2018-05-14 13:17:03,2018-05-14 12:43:00,2018-05-23 21:21:54,2018-06-06,carrier_before_approval
1c723386781fca8d1e45ac747914962a,delivered,2018-08-06 15:47:47,2018-08-06 15:55:15,2018-08-06 15:06:00,2018-08-14 18:53:24,2018-08-23,carrier_before_approval
febbb5a06ba3e1a76d7074adb56ff587,delivered,2018-06-07 17:47:13,2018-06-12 23:31:02,2018-06-11 09:52:00,2018-06-28 15:49:38,2018-07-11,carrier_before_approval
5322755defeb2e8863500740172a082b,delivered,2018-07-03 11:14:42,2018-07-05 16:25:46,2018-07-03 14:38:00,2018-07-11 22:26:43,2018-08-03,carrier_before_approval
8358045db0b940a1fcaa47dadb2b79c9,delivered,2018-04-22 23:01:47,2018-04-24 18:38:39,2018-04-23 18:54:34,2018-05-08 20:44:50,2018-05-09,carrier_before_approval
9ec8fd6e5988089dadaa2c8ebdc15a0f,delivered,2018-04-23 18:29:35,2018-04-24 18:59:08,2018-04-24 18:09:08,2018-05-03 18:54:46,2018-05-16,carrier_before_approval
002834535f7a609a5c68266f173fa59e,delivered,2018-07-23 17:26:00,2018-07-28 23:30:59,2018-07-24 15:53:00,2018-08-11 01:48:33,2018-08-14,carrier_before_approval
c45408df26d1ce2b64518a9a9d65fd04,delivered,2018-08-16 17:11:46,2018-08-16 17:29:05,2018-08-16 16:13:00,2018-08-22 14:33:43,2018-09-05,carrier_before_approval
e73fe43cdcd166f7f0c6e3c2bf11a917,delivered,2018-08-09 18:06:43,2018-08-20 15:57:28,2018-08-14 14:48:00,2018-08-15 15:46:38,2018-08-16,carrier_before_approval
292d3c40e87d260ea28e83b76b5e352c,delivered,2018-05-17 10:06:16,2018-05-19 11:31:31,2018-05-17 13:47:00,2018-06-01 13:38:53,2018-06-04,carrier_before_approval
834545a0dc30bbf519e4d9c697eca0a1,delivered,2018-07-04 18:50:37,2018-07-05 16:23:33,2018-07-05 09:36:00,2018-07-10 20:42:26,2018-07-26,carrier_before_approval
131c6bd0b11c3fc93c3c8dbe45f317e6,delivered,2018-04-20 16:08:48,2018-04-24 17:37:23,2018-04-23 19:51:22,2018-05-14 20:08:52,2018-05-22,carrier_before_approval
ac17f36b9ec35c47dc44e96558d33dc7,delivered,2018-07-03 10:00:13,2018-07-05 16:27:11,2018-07-04 08:00:00,2018-07-11 01:29:34,2018-08-06,carrier_before_approval
049fa9a29ba386943ccbd0954fe8b8a0,delivered,2018-07-03 08:35:57,2018-07-05 16:33:02,2018-07-03 17:14:00,2018-07-09 19:28:54,2018-08-06,carrier_before_approval
48ddd457f76f31a99e60ac8007bc8b28,delivered,2018-01-30 10:24:25,2018-02-04 23:31:38,2018-01-31 17:59:31,2018-02-08 14:18:48,2018-03-02,carrier_before_approval
e17ed9c20d79f29256a4a514e8d07230,delivered,2018-04-21 19:02:39,2018-04-24 18:59:40,2018-04-23 19:03:19,2018-04-24 19:34:31,2018-05-08,carrier_before_approval
51ee9ef5d831b5f76f97d2819e7f94a9,delivered,2018-07-04 20:00:12,2018-07-05 16:27:36,2018-07-05 14:07:00,2018-07-09 17:12:01,2018-07-25,carrier_before_approval
e65f1eeee1f52024ad1dcd03447f7482,delivered,2018-05-18 15:03:19,2018-05-18 15:15:37,2018-05-18 15:00:00,2018-05-19 12:28:30,2018-05-29,carrier_before_approval
f707ff2a9514dce20b267136b60af042,delivered,2018-07-04 01:20:01,2018-07-05 16:33:26,2018-07-05 14:51:00,2018-07-06 19:19:44,2018-07-19,carrier_before_approval
d54bea5ba90238aa83323565749538a1,delivered,2018-04-22 17:45:57,2018-04-24 18:33:58,2018-04-24 17:16:31,2018-05-12 18:20:56,2018-05-23,carrier_before_approval
7ce4e38f4eadd993bb5b2e60bb7f7bec,delivered,2018-08-08 14:46:45,2018-08-08 15:05:01,2018-08-08 13:29:00,2018-08-15 18:55:45,2018-08-28,carrier_before_approval
e0656680044e57cdeb0d3ec00c152a39,delivered,2018-04-20 13:04:18,2018-04-24 18:28:09,2018-04-23 23:52:43,2018-05-08 18:41:36,2018-05-14,carrier_before_approval
69aca49c98f05af05bec6fa1f87a3059,delivered,2018-07-20 13:19:19,2018-07-20 13:30:13,2018-07-20 12:01:00,2018-07-25 17:03:35,2018-08-14,carrier_before_approval
52839320a287fc82e97026f99434d425,delivered,2018-04-21 13:06:22,2018-04-24 18:04:56,2018-04-24 02:18:28,2018-05-02 19:22:22,2018-06-04,carrier_before_approval
082e1d9362de402518ac4c47b4d82dd0,delivered,2017-07-28 22:34:21,2017-08-02 08:33:52,2017-08-01 13:59:59,2017-08-02 16:13:08,2017-08-10,carrier_before_approval
7fb538147fab748faf726e6706589b74,delivered,2018-08-16 14:26:06,2018-08-16 15:24:46,2018-08-16 14:19:00,2018-08-21 19:14:28,2018-09-03,carrier_before_approval
05d657dbf5a4b2e7a685903cc8bb03f0,delivered,2018-01-30 09:37:46,2018-02-04 23:31:34,2018-02-02 09:15:37,2018-02-08 19:56:46,2018-02-21,carrier_before_approval
fd6490ff0d0a47338582b893c79863fe,delivered,2018-07-04 21:15:39,2018-07-05 16:15:50,2018-07-05 12:24:00,2018-07-11 20:06:32,2018-07-31,carrier_before_approval
de1b85f04c5fe5b727293a8133502cb1,delivered,2018-04-19 10:20:15,2018-04-24 18:58:16,2018-04-23 23:39:47,2018-04-27 00:08:54,2018-05-09,carrier_before_approval
e669e95aa5f8eea105055ad8829ef533,delivered,2018-04-22 09:05:32,2018-04-24 19:23:46,2018-04-24 12:48:55,2018-04-25 22:05:59,2018-05-24,carrier_before_approval
dbc94ce4ff22c2daba89640dacc43949,delivered,2018-04-20 20:24:56,2018-04-24 18:56:51,2018-04-23 19:38:20,2018-05-02 20:48:28,2018-05-09,carrier_before_approval
5ced629739c2b3247b4fcd4f0498c3bb,delivered,2018-04-20 18:41:27,2018-04-24 19:24:50,2018-04-24 17:18:00,2018-05-08 17:47:43,2018-06-04,carrier_before_approval
44dd8e3e7650c35a1973a42498626ded,delivered,2018-07-13 15:08:43,2018-07-13 15:24:01,2018-07-13 14:36:00,2018-07-16 11:14:27,2018-07-23,carrier_before_approval
a52c52c656d3b3ef3ec72fcdc13c714f,delivered,2018-04-20 07:59:18,2018-04-24 17:08:47,2018-04-23 18:51:59,2018-05-02 14:03:14,2018-05-18,carrier_before_approval
cbec458163d85abfb23e8838fd9196e6,delivered,2018-04-22 22:52:39,2018-04-24 18:32:50,2018-04-23 19:16:42,2018-04-27 20:52:02,2018-05-17,carrier_before_approval
8b5e19adc5101e4b002ed7c4dfd0ecb3,delivered,2018-07-04 12:42:02,2018-07-05 16:19:58,2018-07-04 13:44:00,2018-07-07 15:51:04,2018-07-23,carrier_before_approval
7f0bbbb8c4fac9e12d3e931d8060da12,delivered,2018-04-23 22:54:01,2018-04-24 19:07:27,2018-04-24 18:50:52,2018-04-25 19:17:53,2018-05-07,carrier_before_approval
f09e65822983a5488ca34c053ed555ac,delivered,2018-07-05 08:54:10,2018-07-05 16:10:18,2018-07-05 14:19:00,2018-07-06 17:41:51,2018-07-18,carrier_before_approval
3ccd24b53560c0fe294750d98a057584,delivered,2018-07-03 16:19:41,2018-07-05 16:27:08,2018-07-05 12:52:00,2018-07-09 19:04:36,2018-07-18,carrier_before_approval
82ffe097d8ddbf319a523b9bbe7725d5,delivered,2018-04-23 01:41:29,2018-04-24 18:29:30,2018-04-23 16:52:42,2018-04-24 17:34:30,2018-05-08,carrier_before_approval
56b58249ffb3737fd1083df765e0838d,delivered,2018-04-21 14:21:14,2018-04-24 19:05:57,2018-04-23 23:44:49,2018-05-04 16:07:30,2018-05-22,carrier_before_approval
0f6f05d4fb3a94f1cf6cca2700c259d3,delivered,2018-04-22 21:26:48,2018-04-24 18:39:29,2018-04-24 00:03:30,2018-05-14 18:56:47,2018-05-22,carrier_before_approval
f4f81d9284f8b6894f76d2a8fa524467,delivered,2018-07-04 16:17:34,2018-07-05 16:27:49,2018-07-05 07:51:00,2018-07-09 16:48:33,2018-08-14,carrier_before_approval
7a0f0934c14eafa4b5afc9a590b9386f,delivered,2018-07-04 11:56:22,2018-07-05 16:15:43,2018-07-05 12:15:00,2018-07-10 21:48:36,2018-07-24,carrier_before_approval
1d4f81fabfc6dadb18f166298fc6aaad,delivered,2018-07-01 13:08:05,2018-07-05 16:27:24,2018-07-04 15:11:00,2018-07-06 01:03:55,2018-07-16,carrier_before_approval
697dd6059b52ae362ff66b900faebc21,delivered,2018-07-02 11:31:09,2018-07-05 16:35:21,2018-07-04 11:59:00,2018-07-12 18:41:37,2018-07-27,carrier_before_approval
6c996c013efca89d881f5717239cf3b0,delivered,2018-04-22 15:04:45,2018-04-24 18:10:51,2018-04-23 17:12:43,2018-04-27 19:06:55,2018-05-22,carrier_before_approval
2e2c60b99754ae1e4d8b18846cfec9f2,delivered,2018-04-22 20:13:45,2018-04-24 18:33:53,2018-04-23 20:46:36,2018-04-26 21:41:40,2018-05-11,carrier_before_approval
e9ce8d3f379bf3d70e4af85174e1841f,shipped,2017-07-29 14:44:04,2017-08-02 08:34:47,2017-08-01 18:12:05,,2017-08-24,carrier_before_approval
c27714731c13899240db6b32949a7d70,delivered,2018-04-22 23:23:36,2018-04-24 18:57:17,2018-04-23 23:35:31,2018-04-28 01:03:10,2018-05-11,carrier_before_approval
eca1c60d914e6b6b936a63727aaffe7f,delivered,2018-07-04 22:37:56,2018-07-05 16:32:34,2018-07-05 10:17:00,2018-07-10 23:58:23,2018-07-26,carrier_before_approval
f8d1bd3e890e8a6792efb7acfc9a4853,delivered,2018-07-02 20:37:52,2018-07-05 16:09:15,2018-07-05 15:56:00,2018-07-12 17:38:46,2018-08-15,carrier_before_approval
2833a1c17a4948451b9931c440440fc5,delivered,2018-04-23 18:55:51,2018-04-24 19:07:39,2018-04-24 16:58:46,2018-05-05 15:03:53,2018-05-18,carrier_before_approval
64ff09b60c2714ff11ebcf304ed21fb6,delivered,2018-07-31 14:04:37,2018-07-31 14:31:37,2018-07-31 13:34:00,2018-08-07 14:41:43,2018-08-10,carrier_before_approval
404d71e18721243380c994069a7f411a,delivered,2018-07-24 13:06:23,2018-07-24 13:44:29,2018-07-24 13:43:00,2018-07-26 20:41:13,2018-08-07,carrier_before_approval
30f1c325f7c1c138e27a82ba984ee5bc,delivered,2018-07-02 23:55:31,2018-07-05 16:09:29,2018-07-04 15:09:00,2018-07-11 18:31:46,2018-07-26,carrier_before_approval
3d366c0511565a8ddf3cbeaaba174193,delivered,2018-04-20 15:36:52,2018-04-24 18:05:15,2018-04-23 20:52:28,2018-04-27 14:15:00,2018-05-15,carrier_before_approval
d744f890bf27c2aa635c5d82b2ca0c8a,delivered,2018-04-22 10:53:11,2018-04-24 18:20:52,2018-04-23 17:47:32,2018-04-26 19:04:32,2018-05-21,carrier_before_approval
c2100d40d4b85ba8fc3633a85df8af87,delivered,2018-06-05 11:49:18,2018-06-05 14:31:35,2018-06-05 13:45:00,2018-06-12 16:09:54,2018-07-17,carrier_before_approval
b30659f06b33fcd3ffad36f031b503e4,delivered,2018-04-22 15:17:49,2018-04-24 18:26:05,2018-04-23 21:51:59,2018-05-08 23:18:39,2018-05-18,carrier_before_approval
22f4dea7b1810fd75107dad133794113,delivered,2018-05-30 14:34:06,2018-05-30 14:57:36,2018-05-30 14:50:00,2018-06-01 21:16:31,2018-06-25,carrier_before_approval
86f5f7fe2f0e743fa54095370a545033,delivered,2017-07-26 20:12:49,2017-07-31 23:33:41,2017-07-27 17:29:49,2017-08-07 20:55:48,2017-08-21,carrier_before_approval
b2385a6b96543064201c7f066a2b9b56,delivered,2018-04-22 18:02:00,2018-04-24 18:53:53,2018-04-23 23:41:42,2018-04-27 16:59:45,2018-05-11,carrier_before_approval
71fecd3061e596fd59e65e9d62886535,delivered,2018-05-08 14:17:52,2018-05-08 14:30:18,2018-05-08 13:43:00,2018-05-22 19:08:28,2018-06-12,carrier_before_approval
43db2bc49fcbe07b3ee17f03949557f4,delivered,2018-07-03 16:22:23,2018-07-05 16:23:42,2018-07-04 14:06:00,2018-07-10 20:50:52,2018-07-20,carrier_before_approval
fc94803f2f890e115923357e5ef2d347,delivered,2018-07-04 13:50:25,2018-07-05 16:21:19,2018-07-05 13:33:00,2018-07-13 15:59:31,2018-07-31,carrier_before_approval
06eb87385425e5797a1a5c2cdb1b6559,delivered,2017-09-01 18:53:08,2017-09-13 22:10:37,2017-09-06 21:10:11,2017-09-15 18:53:50,2017-09-26,carrier_before_approval
cdf7511b632d2a9b53d70b1e24a45e70,delivered,2018-07-04 16:35:27,2018-07-05 16:15:56,2018-07-05 13:30:00,2018-07-07 17:37:36,2018-07-30,carrier_before_approval
615915458e5cdf8939ae422e043ca879,delivered,2018-04-21 17:05:02,2018-04-24 17:17:08,2018-04-23 17:27:43,2018-05-29 16:36:41,2018-05-28,carrier_before_approval
12052ac6aa067434388199224c0f11bc,delivered,2018-07-31 13:16:33,2018-07-31 13:25:25,2018-07-31 12:51:00,2018-08-09 21:15:51,2018-08-28,carrier_before_approval
77ca435b03fbf991e5027e3776e37885,delivered,2017-09-01 18:49:54,2017-09-13 21:56:08,2017-09-04 20:50:00,2017-09-30 17:33:43,2017-09-26,carrier_before_approval
c9e7721790d06c21ff6fcd2dee7a2f73,delivered,2018-07-04 20:23:40,2018-07-05 16:24:41,2018-07-05 08:39:00,2018-07-06 14:36:52,2018-07-17,carrier_before_approval
60f7dee462ea29c73d75c9dcccf5d870,delivered,2018-06-15 07:32:22,2018-06-15 08:00:16,2018-06-15 07:00:00,2018-06-21 17:56:54,2018-07-19,carrier_before_approval
79847bdf9821dfcc7a036271d0c6044b,delivered,2018-07-05 09:14:52,2018-07-05 16:31:21,2018-07-05 14:19:00,2018-07-06 17:41:50,2018-07-18,carrier_before_approval
6445a8b97a5e66d5c72eec0cb6650141,delivered,2018-07-03 16:15:05,2018-07-05 16:32:46,2018-07-04 15:11:00,2018-07-10 16:32:10,2018-08-01,carrier_before_approval
5adea766ca8f3521f957b27154b09761,delivered,2018-07-28 20:32:43,2018-08-02 23:30:35,2018-07-31 11:12:00,2018-08-09 14:16:41,2018-08-15,carrier_before_approval
045eff272f42f0ae0191149686f193e1,delivered,2018-04-23 09:07:47,2018-04-24 17:13:48,2018-04-23 23:56:47,2018-04-26 15:41:05,2018-05-10,carrier_before_approval
10251da35626072605d693e816f297ca,delivered,2018-08-13 15:27:36,2018-08-13 15:49:00,2018-08-13 14:45:00,2018-08-16 18:41:34,2018-08-21,carrier_before_approval
15e76da51e30092973501aec21769ee2,delivered,2018-07-04 20:41:03,2018-07-05 16:06:59,2018-07-05 14:19:00,2018-07-11 16:51:35,2018-07-25,carrier_before_approval
cb9a6504c8ba700db40dcf1442725189,delivered,2018-06-05 13:18:08,2018-06-05 14:31:42,2018-06-05 13:25:00,2018-06-18 19:04:24,2018-07-13,carrier_before_approval
7643003db706885af24736e3a12e76bd,delivered,2018-04-20 14:48:42,2018-04-24 19:09:38,2018-04-23 19:28:49,2018-05-03 20:09:48,2018-05-18,carrier_before_approval
31827c49aa741fe6dc05ad3f63fef4e6,delivered,2018-07-05 11:28:27,2018-07-05 16:19:40,2018-07-05 15:26:00,2018-07-12 21:45:31,2018-07-24,carrier_before_approval
497ce9c1558c455c54cdc09e3f5e961a,delivered,2018-04-21 11:52:23,2018-04-24 18:33:23,2018-04-23 22:39:29,2018-04-30 18:44:30,2018-05-16,carrier_before_approval
17d465c931e7173971bb5f553a9b7750,delivered,2018-04-23 15:16:45,2018-04-24 19:07:50,2018-04-24 18:28:48,2018-04-25 19:22:29,2018-05-09,carrier_before_approval
4eee637d6e745237adf560dec7ae412e,delivered,2018-07-27 10:30:54,2018-07-28 10:25:11,2018-07-28 09:05:00,2018-08-01 23:16:48,2018-08-21,carrier_before_approval
6cdd8e55d732c4757465f8eb53d4a8a0,delivered,2018-07-04 09:54:58,2018-07-05 16:32:22,2018-07-04 15:11:00,2018-07-06 15:34:50,2018-07-17,carrier_before_approval
14acf0ab4732322f187e0fd6871a6cbe,delivered,2018-04-21 12:02:33,2018-04-24 18:48:58,2018-04-24 17:18:38,2018-05-02 18:23:52,2018-05-23,carrier_before_approval
af79819a5f90540c8d9a0eb9a4ed589c,delivered,2018-07-03 21:32:49,2018-07-05 16:33:00,2018-07-05 14:09:00,2018-07-10 18:31:45,2018-07-30,carrier_before_approval
d64dc080a9163c5e593b591e6c8e32b8,delivered,2017-07-31 18:29:24,2017-08-02 08:34:30,2017-08-01 21:56:40,2017-08-03 22:07:48,2017-08-11,carrier_before_approval
97d3870e43e40f4dcac70eec95a6b146,delivered,2018-08-10 12:23:32,2018-08-10 12:35:24,2018-08-10 12:11:00,2018-08-23 22:48:34,2018-09-18,carrier_before_approval
b1b1b0b5750f064412720744d890eaf0,delivered,2018-06-11 14:00:46,2018-06-12 09:31:55,2018-06-11 14:20:00,2018-06-19 19:04:21,2018-07-19,carrier_before_approval
935337c314d75668fe94f2a51ade79a3,delivered,2018-07-04 23:08:12,2018-07-05 16:34:56,2018-07-05 14:13:00,2018-07-11 18:09:33,2018-07-25,carrier_before_approval
f91129f9c042c85dbc000f46b36492a5,delivered,2018-07-30 15:33:14,2018-08-02 13:43:18,2018-07-31 13:36:00,2018-08-08 15:12:31,2018-08-20,carrier_before_approval
e884177a9732255a4b37042acf760c06,delivered,2018-04-22 20:05:44,2018-04-24 19:22:40,2018-04-24 18:03:05,2018-05-08 14:22:36,2018-05-16,carrier_before_approval
d10768b753caf92effee124437f14321,delivered,2018-07-04 09:52:41,2018-07-05 16:32:41,2018-07-04 11:25:00,2018-07-05 18:03:41,2018-07-18,carrier_before_approval
ee00fa5093eb96d8573403b382fb60a8,delivered,2018-06-30 21:54:34,2018-07-05 16:08:58,2018-07-04 11:30:00,2018-07-10 20:37:34,2018-07-25,carrier_before_approval
853bcc471d6ed0eb620a497023eb9fa6,delivered,2018-05-24 14:10:03,2018-05-24 14:33:22,2018-05-24 14:19:00,2018-06-04 22:52:34,2018-06-20,carrier_before_approval
394d17c2b71a726e205caaeee3d2aa3d,delivered,2018-08-03 14:56:26,2018-08-08 23:31:22,2018-08-06 11:51:00,2018-08-07 19:28:25,2018-08-08,carrier_before_approval
2055a5d587514fc2e59552e6bc6e0a5e,delivered,2018-04-22 23:15:51,2018-04-24 18:58:24,2018-04-23 21:04:53,2018-04-25 12:58:39,2018-05-10,carrier_before_approval
f15eda4eee582fbfebc330748f24e208,delivered,2018-07-04 15:40:08,2018-07-05 16:32:52,2018-07-05 15:30:00,2018-07-12 19:06:46,2018-08-01,carrier_before_approval
b83c1be0cbe93a1aea7c3a77e4ae37ee,delivered,2017-12-02 20:43:14,2017-12-05 10:30:54,2017-12-04 22:18:55,2017-12-15 15:12:27,2017-12-20,carrier_before_approval
4036f899610ca6b249129cf1b59ae8f5,delivered,2018-07-31 13:29:34,2018-07-31 14:04:26,2018-07-31 13:42:00,2018-08-10 15:21:33,2018-09-12,carrier_before_approval
49c534c4015249b8c5faf61de763c6e8,delivered,2017-07-30 13:17:00,2017-08-02 08:33:32,2017-08-01 22:12:50,2017-08-07 17:03:31,2017-08-31,carrier_before_approval
c651217322b400d1c7f2fb8230870721,delivered,2018-04-20 08:31:40,2018-04-24 18:14:49,2018-04-24 17:04:24,2018-04-28 16:46:49,2018-05-14,carrier_before_approval
77eebc56e710b7d5e02097984981cd76,delivered,2018-05-29 18:10:24,2018-05-30 14:17:00,2018-05-30 14:05:00,2018-06-04 15:24:56,2018-07-17,carrier_before_approval
374fcc5350e3372ce0d7cab981d7de90,delivered,2018-04-23 10:53:41,2018-04-24 18:34:56,2018-04-24 00:14:49,2018-05-02 17:44:27,2018-05-21,carrier_before_approval
9ce03263783d6de468ef6a6debdbe92a,delivered,2018-06-07 10:57:37,2018-06-07 11:37:01,2018-06-07 11:26:00,2018-06-16 12:26:21,2018-07-27,carrier_before_approval
b1e786caeddece12e5efd30580eaaabc,delivered,2018-04-20 08:04:26,2018-04-24 17:46:25,2018-04-23 12:34:51,2018-05-02 21:38:37,2018-05-21,carrier_before_approval
a2dbd93b24fc7f52962452e1920d2ec4,delivered,2018-07-23 17:01:07,2018-07-24 08:31:37,2018-07-24 07:03:00,2018-07-27 18:31:43,2018-08-22,carrier_before_approval
7948985f993a3dba42989d5ffef9435d,delivered,2018-04-23 17:56:07,2018-04-24 18:45:12,2018-04-24 18:41:14,2018-05-07 23:05:11,2018-05-22,carrier_before_approval
3b67413a225423c7c571ac1f07bda044,delivered,2018-07-21 22:35:28,2018-07-26 23:32:14,2018-07-24 15:09:00,2018-08-02 21:18:40,2018-08-10,carrier_before_approval
c5c1bc50dd24bd493ca543401aa6d592,delivered,2018-04-20 20:33:06,2018-04-24 19:25:49,2018-04-23 22:11:38,2018-04-26 22:14:48,2018-05-14,carrier_before_approval
2d26e963bdb342dbdae1fad7ad2ea511,delivered,2018-08-14 12:35:00,2018-08-14 12:50:18,2018-08-14 12:23:00,2018-08-21 19:18:51,2018-08-27,carrier_before_approval
fa98b69fc0f7e0d07b0f1a54cd42ebfb,delivered,2018-07-04 09:21:08,2018-07-05 16:13:19,2018-07-04 12:19:00,2018-07-07 14:03:57,2018-07-26,carrier_before_approval
3464107c541f0583d599cc7d335cb9c7,delivered,2017-04-25 23:34:07,2017-04-27 13:33:18,2017-04-27 11:53:10,2017-05-12 15:24:45,2017-05-12,carrier_before_approval
22a0f64560b6a90eb7175a87387a1aa1,delivered,2018-04-21 14:36:39,2018-04-24 18:04:42,2018-04-23 18:03:44,2018-05-03 19:36:32,2018-05-24,carrier_before_approval
d5ed14d56a32bdc31d25faabc33e7b7a,delivered,2018-04-23 09:19:20,2018-04-24 17:25:07,2018-04-23 21:42:47,2018-05-02 15:17:04,2018-05-24,carrier_before_approval
0bcf4c7784f314d5c92bcfc30b7813e2,delivered,2018-04-21 07:48:49,2018-04-24 18:40:40,2018-04-24 00:16:49,2018-05-08 19:44:55,2018-05-21,carrier_before_approval
4381b4b79d51e72e0eb56a2fd1aea7b9,delivered,2018-05-18 14:39:06,2018-05-18 14:57:40,2018-05-18 13:51:00,2018-06-07 15:21:25,2018-06-08,carrier_before_approval
f9acbb9c41a974fa5fdd57e6bf85846a,delivered,2018-07-03 09:03:34,2018-07-05 16:40:33,2018-07-04 11:28:00,2018-07-10 17:07:33,2018-08-07,carrier_before_approval
04ac671da9c58d9111811d06df6d2513,delivered,2018-04-22 19:30:11,2018-04-24 17:51:00,2018-04-24 00:03:29,2018-04-28 15:41:49,2018-05-16,carrier_before_approval
69cc55eb653cc27eea935e7a0d26b83a,delivered,2018-04-21 08:00:56,2018-04-24 18:25:47,2018-04-23 23:28:33,2018-04-28 01:54:46,2018-05-28,carrier_before_approval
4bdb3af7b8d5db206e5ea7b4f964ba4c,delivered,2018-06-30 22:25:00,2018-07-05 16:05:22,2018-07-03 13:56:00,2018-07-06 19:08:10,2018-07-25,carrier_before_approval
47273c48a7c7bb72eefff6de63be0b9b,delivered,2017-07-28 23:20:34,2017-08-02 08:33:52,2017-08-01 14:00:00,2017-08-09 18:46:03,2017-08-23,carrier_before_approval
85f900f229f817bf7e71ed0c9fdb4fa3,delivered,2018-04-23 17:22:26,2018-04-24 18:23:50,2018-04-24 16:47:49,2018-04-25 18:31:51,2018-05-10,carrier_before_approval
8b5512b2679b86761e6aadc28ed91762,delivered,2018-08-03 14:39:54,2018-08-03 14:50:14,2018-08-03 13:57:00,2018-08-22 18:03:43,2018-10-01,carrier_before_approval
7fd6cd7e778c71e9b3721599948c104c,delivered,2017-05-01 21:16:52,2017-05-06 21:32:39,2017-05-05 11:22:24,2017-05-16 08:34:32,2017-05-25,carrier_before_approval
bd47f29a1a6ede24f9dd4d5ca6027dd4,delivered,2018-07-16 15:34:37,2018-07-16 15:45:19,2018-07-16 14:29:00,2018-07-24 09:41:51,2018-08-08,carrier_before_approval
392abee0f881388ab93e4b6b5fd60177,delivered,2018-07-04 23:48:36,2018-07-05 16:11:04,2018-07-05 13:56:00,2018-07-13 12:06:28,2018-07-19,carrier_before_approval
2ffc1bd0212c5ba712e1da786b4328c2,delivered,2017-07-28 21:14:50,2017-08-02 08:32:33,2017-08-01 18:39:25,2017-08-15 22:09:41,2017-08-23,carrier_before_approval
a7708ffa8966514c098d15e1abfa6417,delivered,2018-04-23 19:03:35,2018-04-24 19:17:45,2018-04-24 16:22:36,2018-04-25 23:02:39,2018-05-15,carrier_before_approval
ccf1f49fad1e7cc6c926b067a0cfea00,delivered,2018-04-23 18:03:27,2018-04-24 18:38:35,2018-04-24 18:18:50,2018-04-26 02:46:51,2018-05-03,carrier_before_approval
fdbe86571218c28f0e4259b726b1bd0b,delivered,2018-04-22 14:04:10,2018-04-24 17:13:10,2018-04-23 19:17:32,2018-04-28 19:34:58,2018-05-17,carrier_before_approval
692f4207d359fbf24d641b1470721130,delivered,2018-06-04 12:10:06,2018-06-04 12:31:17,2018-06-04 11:04:00,2018-06-21 21:56:34,2018-07-17,carrier_before_approval
129b63bc323d7b5b2965a143b2e72cc7,delivered,2018-05-30 14:33:24,2018-05-30 14:57:24,2018-05-30 14:33:00,2018-06-08 13:58:41,2018-07-05,carrier_before_approval
12582224cebac18145db6690144db314,delivered,2018-07-30 14:57:33,2018-08-01 16:31:30,2018-07-31 19:02:00,2018-08-01 23:12:46,2018-08-08,carrier_before_approval
12f0d35d150a1645900980264e766cc6,delivered,2018-07-03 19:44:29,2018-07-05 16:32:47,2018-07-04 14:59:00,2018-07-07 17:28:48,2018-07-24,carrier_before_approval
fcca6c3fefb03709360cbcc79f2ff73d,delivered,2018-06-27 07:09:47,2018-06-27 10:51:56,2018-06-27 10:18:00,2018-06-28 16:22:29,2018-07-12,carrier_before_approval
c8fa48f1b2af19f06cd1ca3b5533bd0e,delivered,2018-07-03 09:10:24,2018-07-05 16:30:49,2018-07-05 13:59:00,2018-07-13 19:06:45,2018-07-27,carrier_before_approval
656dbb4c6b66cb06a7ffd47823b6345a,delivered,2018-06-08 11:15:40,2018-06-13 23:32:29,2018-06-08 14:40:00,2018-06-18 21:40:48,2018-07-04,carrier_before_approval
44f9bb85e9dfb3f106dd017fbd8b8006,delivered,2018-04-20 22:20:00,2018-04-24 18:10:37,2018-04-23 20:08:23,2018-05-01 16:02:34,2018-06-01,carrier_before_approval
ad716a0d2ae795dfccfb3afc5d40a6e9,delivered,2018-07-04 20:46:18,2018-07-05 16:18:56,2018-07-05 13:15:00,2018-07-10 18:38:43,2018-07-23,carrier_before_approval
d699c734a0b1c8111f2272a3f36d398c,delivered,2018-04-22 13:17:43,2018-04-24 18:35:56,2018-04-23 20:46:40,2018-04-26 21:47:45,2018-05-11,carrier_before_approval
a771d79ec4b8d059bfb6e773f290cc1d,delivered,2018-07-21 08:57:30,2018-07-26 23:32:34,2018-07-24 15:52:00,2018-08-02 19:37:52,2018-08-16,carrier_before_approval
f9682c67b4be66779d1ccdb17aee33f1,delivered,2018-07-03 22:53:10,2018-07-05 16:40:50,2018-07-04 15:12:00,2018-07-10 01:22:24,2018-07-25,carrier_before_approval
7a43439d03078dce6fa291258b5d9796,delivered,2018-07-03 20:46:02,2018-07-05 16:40:38,2018-07-04 14:02:00,2018-07-05 23:59:48,2018-07-18,carrier_before_approval
61f6ae0e872b9606ece03b676b113436,delivered,2018-04-21 19:18:32,2018-04-24 18:13:59,2018-04-23 19:18:00,2018-04-27 20:48:39,2018-05-17,carrier_before_approval
d17cd10dbb5981e9a2ba4739a202da55,delivered,2018-02-14 22:21:40,2018-02-16 14:30:18,2018-02-16 02:09:01,2018-02-26 23:06:32,2018-03-09,carrier_before_approval
6dcf0aeb8b1eb4021c26e1d0e9394979,delivered,2018-08-09 20:37:34,2018-08-20 15:59:18,2018-08-14 13:05:00,2018-08-15 19:06:29,2018-08-15,carrier_before_approval
b27ffd98b450ba9120b7ebd8d6bb75db,delivered,2018-07-03 12:18:23,2018-07-05 16:18:41,2018-07-03 14:55:00,2018-07-06 19:12:04,2018-07-17,carrier_before_approval
4e790ef1ee5dca2f0de38704d806e45d,delivered,2018-06-30 01:23:27,2018-07-05 16:05:22,2018-07-04 16:03:00,2018-07-11 20:40:27,2018-08-08,carrier_before_approval
be68a2bd0ec703cf10253c611bfda5d4,delivered,2018-07-03 09:23:56,2018-07-05 16:30:42,2018-07-04 10:46:00,2018-07-05 17:18:41,2018-07-17,carrier_before_approval
de5b9ed8a33e27633d1c4a31445dddd1,delivered,2018-04-20 13:50:27,2018-04-24 18:40:05,2018-04-23 23:10:35,2018-04-30 20:28:28,2018-05-14,carrier_before_approval
d3e737e1eef1aa87ad5c92bcbf7396dc,delivered,2018-04-23 11:41:51,2018-04-24 19:05:26,2018-04-23 21:48:57,2018-04-25 23:25:28,2018-05-10,carrier_before_approval
8a0d96f5670fea64635b9fc54650c414,delivered,2018-04-20 11:53:46,2018-04-24 17:25:40,2018-04-23 23:17:35,2018-05-04 16:11:50,2018-05-18,carrier_before_approval
e57c5c4eb04e271f8cb3de347b910287,delivered,2018-07-31 15:42:30,2018-07-31 17:00:17,2018-07-31 15:50:00,2018-08-08 00:08:45,2018-08-17,carrier_before_approval
c6f11a51ee3384a11e50cc55dc685c24,delivered,2018-08-15 14:02:44,2018-08-15 14:24:18,2018-08-15 13:56:00,2018-08-21 10:15:44,2018-08-28,carrier_before_approval
e7d1cbc138189b71137ee7031026b62e,delivered,2018-04-21 18:11:49,2018-04-24 18:59:35,2018-04-24 17:04:18,2018-04-30 22:05:24,2018-05-15,carrier_before_approval
c952071f38138a067c714cf653f34aa6,delivered,2018-07-22 21:32:38,2018-07-23 12:31:57,2018-07-23 10:52:00,2018-07-26 17:26:30,2018-08-09,carrier_before_approval
3263e5243c28ebe706f7500cf88054ad,delivered,2018-04-22 18:16:11,2018-04-24 19:04:58,2018-04-23 19:31:49,2018-04-26 19:48:45,2018-05-16,carrier_before_approval
23a9867e2ef4c3cd636e7e275edb0252,delivered,2018-04-20 20:35:54,2018-04-24 19:27:38,2018-04-23 20:46:36,2018-04-26 12:56:38,2018-05-11,carrier_before_approval
07f770114a6de1a65f865bf22d8bb20a,delivered,2018-08-06 09:17:53,2018-08-06 09:30:16,2018-08-06 08:44:00,2018-08-09 16:40:37,2018-08-16,carrier_before_approval
c0064eb733991511a78ddc2fdba0effe,delivered,2018-07-03 10:47:11,2018-07-05 16:40:44,2018-07-04 13:12:00,2018-07-07 19:41:48,2018-07-17,carrier_before_approval
0133a47b53fee66218790a8d7dcab993,delivered,2018-04-20 19:05:03,2018-04-24 18:59:19,2018-04-23 17:33:54,2018-05-02 18:07:55,2018-05-22,carrier_before_approval
e8a8221d81dec1257a582b21f3db43fd,delivered,2018-07-30 13:01:12,2018-08-01 16:31:32,2018-08-01 11:34:00,2018-08-06 15:26:57,2018-08-06,carrier_before_approval
ed274ecbd297951203b23b1e071eb593,delivered,2018-05-15 15:33:44,2018-05-15 15:56:03,2018-05-15 14:13:00,2018-05-18 16:48:50,2018-05-30,carrier_before_approval
aca0056ddf17f45b8d03364ba389f4fb,delivered,2018-04-20 08:36:48,2018-04-24 17:29:50,2018-04-23 17:56:50,2018-04-24 18:31:06,2018-05-09,carrier_before_approval
d561072d49eab548e70aab56a180616e,delivered,2018-07-01 21:20:41,2018-07-05 16:04:53,2018-07-04 10:53:00,2018-07-11 00:28:38,2018-07-24,carrier_before_approval
7323d8e601f88123554e4d9bdb617b79,delivered,2018-04-23 20:15:41,2018-04-24 18:39:01,2018-04-24 18:19:25,2018-05-01 13:40:29,2018-05-23,carrier_before_approval
ef42ca96b36e758b3da05888aa8ad723,delivered,2018-04-22 22:00:53,2018-04-24 17:44:29,2018-04-23 23:04:02,2018-04-24 23:42:47,2018-05-02,carrier_before_approval
b82cf5fe4911adae1a6d2c4b171ec237,delivered,2018-06-29 21:56:38,2018-07-05 16:04:23,2018-07-04 12:24:00,2018-07-05 22:56:41,2018-07-19,carrier_before_approval
771e9bbd641d86a4ee75fe80bdf61d7b,delivered,2018-06-13 13:00:21,2018-06-13 13:17:05,2018-06-13 12:00:00,2018-06-21 22:56:45,2018-07-17,carrier_before_approval
a62edb6b5312cdc742089aa7c336718c,delivered,2018-07-02 18:35:06,2018-07-05 16:14:55,2018-07-05 12:42:00,2018-07-13 19:26:49,2018-08-07,carrier_before_approval
047ea1a58aad923c2c108eafa2c28192,delivered,2018-07-01 09:19:30,2018-07-05 16:05:43,2018-07-03 13:34:00,2018-07-11 21:32:28,2018-08-01,carrier_before_approval
1f46960aa3ffd141df0ca069e617b4a2,delivered,2018-07-20 18:36:59,2018-07-25 23:31:43,2018-07-24 12:56:00,2018-07-26 00:16:44,2018-07-30,carrier_before_approval
ebb181b4dfa0aa047045c086da0802b7,delivered,2018-04-20 01:25:30,2018-04-24 17:52:57,2018-04-23 19:07:34,2018-04-27 03:34:41,2018-05-23,carrier_before_approval
744bade1fcf9ff3f31d860ace076d422,delivered,2018-04-22 11:34:42,2018-04-24 19:04:46,2018-04-24 03:14:34,2018-04-27 20:55:28,2018-05-16,carrier_before_approval
f16e3a8c0140ade96be78de15312125b,delivered,2018-04-22 17:22:04,2018-04-24 18:20:56,2018-04-23 19:12:51,2018-05-02 12:47:39,2018-05-25,carrier_before_approval
d8c03aab0fec0814864f1ddfb5135698,delivered,2018-07-04 18:45:58,2018-07-05 16:13:12,2018-07-05 15:43:00,2018-07-13 21:37:44,2018-08-06,carrier_before_approval
a60d571514c73cfc7655d67c75ed82c7,delivered,2017-04-25 09:50:01,2017-04-27 10:32:03,2017-04-27 07:18:06,2017-05-05 18:58:07,2017-05-26,carrier_before_approval
7c14826dc2064f880f7652f2b1da73e4,delivered,2018-07-30 09:37:39,2018-08-01 16:31:38,2018-07-31 11:19:00,2018-08-03 19:47:31,2018-08-08,carrier_before_approval
f6f0b540e89f9b3f6f256e9c5c739f6f,delivered,2018-07-01 11:24:10,2018-07-05 16:03:22,2018-07-05 14:58:00,2018-07-10 18:04:51,2018-07-18,carrier_before_approval
5409caeb5a9baefa9e8316e7854e532f,delivered,2018-06-30 12:16:02,2018-07-05 16:04:21,2018-07-03 14:54:00,2018-07-06 10:48:39,2018-07-26,carrier_before_approval
3a41d0e227b4c6fff055561af5eaca13,delivered,2018-07-03 15:00:40,2018-07-05 16:11:06,2018-07-04 15:11:00,2018-07-05 14:16:41,2018-07-16,carrier_before_approval
59c51bdf0c3270d962625e5ebbe22fb1,delivered,2018-06-29 05:26:29,2018-07-05 16:08:11,2018-07-03 19:29:00,2018-07-04 15:32:20,2018-07-13,carrier_before_approval
70f814478ea3019fff8677f0aca6a54b,delivered,2018-08-23 15:58:16,2018-08-23 16:10:22,2018-08-23 15:31:00,2018-08-27 18:54:37,2018-08-28,carrier_before_approval
89d89c06d4e340f4aab76ee09311062e,delivered,2018-04-22 08:29:09,2018-04-24 18:05:50,2018-04-23 21:11:27,2018-05-02 23:50:41,2018-05-18,carrier_before_approval
85b1e09d7a230790544ffb86902bf77b,delivered,2018-06-05 11:35:51,2018-06-05 14:31:34,2018-06-05 14:25:00,2018-06-06 13:46:01,2018-07-19,carrier_before_approval
be7d02ed4f9ec9a43ac0f6adade17ade,delivered,2018-07-03 01:55:39,2018-07-05 16:23:22,2018-07-03 19:26:00,2018-07-04 15:33:58,2018-07-20,carrier_before_approval
59bcef0c3287abc23a5807748b62b7ad,delivered,2018-07-30 16:31:56,2018-08-02 13:43:21,2018-07-31 14:56:00,2018-08-02 18:52:31,2018-08-09,carrier_before_approval
9711d975b961355b4b5d636857e48498,delivered,2018-06-13 15:23:50,2018-06-13 15:38:18,2018-06-13 13:15:00,2018-06-26 00:33:48,2018-06-29,carrier_before_approval
1280f995f41bf95106134b4d116a5f01,delivered,2017-05-03 13:31:27,2017-05-08 23:33:06,2017-05-03 16:35:47,2017-05-11 12:41:58,2017-05-26,carrier_before_approval
a138c0644d38ab9a92ab77dfdd294584,delivered,2018-07-04 12:47:34,2018-07-05 16:27:10,2018-07-05 14:43:00,2018-07-06 16:24:42,2018-07-17,carrier_before_approval
db2ab2d67b7e072882b87621025cc8d6,delivered,2017-07-30 17:48:59,2017-08-02 08:32:15,2017-08-01 15:22:11,2017-08-02 22:11:54,2017-08-11,carrier_before_approval
33c1911ef3652a03c6cb098b9399b1d3,delivered,2018-07-03 15:14:01,2018-07-05 16:32:54,2018-07-04 12:14:00,2018-07-09 20:26:43,2018-07-27,carrier_before_approval
7dbcbb9165bf085d77a814bbbea38c6b,delivered,2018-04-23 09:30:16,2018-04-24 18:39:19,2018-04-24 18:33:10,2018-04-25 19:14:39,2018-05-11,carrier_before_approval
6c28cf68e8389e5024135b3d33d8a987,delivered,2018-05-09 12:23:00,2018-05-09 12:35:53,2018-05-09 11:09:00,2018-05-21 19:31:32,2018-05-28,carrier_before_approval
dba025e9db06809a86eb497cbdf12dca,delivered,2018-04-23 19:27:59,2018-04-24 17:16:24,2018-04-24 16:17:10,2018-04-27 17:58:51,2018-05-11,carrier_before_approval
cc460ac4435835dfdda5526dfe84f01f,delivered,2017-04-25 10:10:12,2017-04-27 10:32:44,2017-04-26 09:16:59,2017-04-27 22:23:09,2017-05-12,carrier_before_approval
1dcb629bf4ae95dddc7ec77ff8fcdd4a,delivered,2018-01-30 11:17:47,2018-02-04 23:31:46,2018-01-31 18:04:50,2018-02-15 18:22:41,2018-02-21,carrier_before_approval
fb3d9e762ad9fb92971864a84c619fec,delivered,2018-07-03 14:55:43,2018-07-05 16:32:38,2018-07-03 15:16:00,2018-07-06 20:03:28,2018-07-25,carrier_before_approval
e0dbf52e0c78f9be2caeaa5d799a83ea,delivered,2018-05-21 10:32:52,2018-05-24 17:35:37,2018-05-22 14:33:00,2018-06-01 17:25:46,2018-06-08,carrier_before_approval
8883dd20e652369652c1abd7a411788f,delivered,2018-08-14 14:24:51,2018-08-20 14:36:32,2018-08-17 14:44:00,2018-08-20 17:37:56,2018-08-23,carrier_before_approval
f32c0e06190ba6756bf5532cae9f07c1,delivered,2018-04-20 16:08:56,2018-04-24 19:06:28,2018-04-23 09:57:00,2018-04-30 20:38:51,2018-05-16,carrier_before_approval
8dbf95d9c5478e672a3de4e316ab4d9a,delivered,2018-07-04 19:46:29,2018-07-05 16:22:46,2018-07-05 10:45:00,2018-07-14 18:52:39,2018-07-30,carrier_before_approval
c042c97fd633f5e705a44361fb468828,delivered,2018-07-04 15:27:15,2018-07-05 16:21:52,2018-07-05 13:08:00,2018-07-11 17:18:27,2018-07-31,carrier_before_approval
24c7fef753636c54b5290c9047a82432,delivered,2018-04-21 18:32:13,2018-04-24 19:28:11,2018-04-24 16:31:57,2018-04-25 17:54:35,2018-05-10,carrier_before_approval
4d5e865e4b64c8b33f8a81fd14731344,delivered,2018-04-20 14:54:15,2018-04-24 19:20:25,2018-04-21 00:28:54,2018-04-23 14:35:02,2018-04-30,carrier_before_approval
17536c16762f9a7287c3bbf5f2262008,delivered,2018-04-21 02:26:31,2018-04-24 18:58:59,2018-04-23 19:22:55,2018-04-27 20:46:37,2018-05-16,carrier_before_approval
604eaa08ecca86f614fb23ab44999543,delivered,2018-07-04 13:08:16,2018-07-05 16:24:41,2018-07-05 14:41:00,2018-07-06 13:41:30,2018-07-20,carrier_before_approval
ee482a8248d67e42aa1105d14a941a47,delivered,2018-04-23 08:49:06,2018-04-24 19:10:07,2018-04-24 16:12:04,2018-05-31 00:04:29,2018-05-28,carrier_before_approval
1166c0cee90e165a1b3cf275339be6cc,delivered,2018-07-21 19:29:35,2018-07-26 23:31:24,2018-07-24 14:27:00,2018-07-30 21:38:00,2018-08-13,carrier_before_approval
a8a2f97bc403ceb2bc6c142b4b4add3e,delivered,2018-07-03 09:54:45,2018-07-05 16:20:20,2018-07-03 12:16:00,2018-07-11 23:12:06,2018-07-30,carrier_before_approval
f6f0b2497c5a4ca89670186757ab2684,delivered,2017-06-26 12:23:32,2017-07-05 17:09:11,2017-06-27 17:03:09,2017-07-03 17:53:29,2017-07-18,carrier_before_approval
002175704e8b209f61b9ad5cfd92b60e,delivered,2018-04-22 12:13:25,2018-04-24 17:24:48,2018-04-23 19:03:19,2018-05-02 20:38:44,2018-05-14,carrier_before_approval
33155e3c770d0aeb3c0e7d431e6b420d,delivered,2018-07-04 10:14:33,2018-07-05 16:32:50,2018-07-04 16:13:00,2018-07-11 21:56:26,2018-08-07,carrier_before_approval
fbaeee85e7af535eb8087a3caea19cb4,delivered,2018-04-20 11:21:20,2018-04-24 18:58:26,2018-04-24 00:44:31,2018-05-03 19:26:51,2018-05-22,carrier_before_approval
1190543041e25468b0370ddae215f01d,delivered,2018-04-21 22:29:49,2018-04-24 19:18:16,2018-04-23 19:14:29,2018-04-25 11:42:41,2018-05-10,carrier_before_approval
53a24a678d0e83d0d3c718528aa0aece,delivered,2018-04-20 22:26:26,2018-04-24 18:13:57,2018-04-23 19:51:15,2018-04-24 20:57:25,2018-05-09,carrier_before_approval
9dcef670d743a0deba5b2598d7121679,delivered,2018-01-30 11:10:42,2018-02-04 23:31:46,2018-01-31 18:25:16,2018-02-07 22:17:37,2018-02-21,carrier_before_approval
421bc5d68665463cbb939db50847894d,delivered,2018-07-01 11:05:08,2018-07-05 16:26:38,2018-07-05 15:03:00,2018-07-14 00:08:23,2018-08-01,carrier_before_approval
9d007ac7c623e7e78d49d44d67152788,delivered,2018-04-22 15:51:11,2018-04-24 19:08:41,2018-04-24 17:44:57,2018-05-07 23:03:33,2018-05-11,carrier_before_approval
46919c41f3e2b0e06e6fe85383250e9a,delivered,2018-07-04 17:40:58,2018-07-05 16:33:01,2018-07-05 14:40:00,2018-07-11 13:20:45,2018-07-27,carrier_before_approval
fa01cb3e41fcdf8cf3c55e01a5477d46,delivered,2018-07-04 21:28:04,2018-07-05 16:35:04,2018-07-05 14:02:00,2018-07-10 12:11:07,2018-07-23,carrier_before_approval
db090a16182b263b1e896bb26c6f66cf,delivered,2018-07-13 16:14:08,2018-07-13 16:44:09,2018-07-13 13:59:00,2018-07-27 11:34:31,2018-08-06,carrier_before_approval
8fb7d40ee1093b202dec8c0e06e2d21b,delivered,2018-07-03 22:11:32,2018-07-05 16:27:08,2018-07-05 14:47:00,2018-07-06 15:51:58,2018-07-18,carrier_before_approval
890e7120b669f8e79df87610b80b3b91,delivered,2018-07-03 14:22:35,2018-07-05 16:32:45,2018-07-04 14:55:00,2018-07-05 21:08:58,2018-07-16,carrier_before_approval
b3298cf726e74882e77238c731e53f30,delivered,2018-07-05 11:10:10,2018-07-05 16:40:33,2018-07-05 13:30:00,2018-07-25 20:26:37,2018-08-08,carrier_before_approval
8c3ef96e828b5894ec632ba10985867d,delivered,2018-08-23 15:50:07,2018-08-23 16:05:38,2018-08-23 15:31:00,2018-08-27 19:11:17,2018-09-06,carrier_before_approval
1809078b655469f11b429102fb296998,delivered,2018-04-20 20:22:34,2018-04-24 19:10:37,2018-04-23 18:18:27,2018-04-24 18:47:46,2018-05-10,carrier_before_approval
42d23fff3eee93c6c3b0ac65d3ca1e93,delivered,2018-06-30 09:11:46,2018-06-30 09:30:32,2018-06-30 08:58:00,2018-07-05 22:51:46,2018-07-27,carrier_before_approval
98dbf8445c584d2354afd1a0ad55c033,delivered,2018-07-05 10:42:33,2018-07-05 16:09:14,2018-07-05 15:49:00,2018-07-10 15:36:32,2018-08-09,carrier_before_approval
0749c820395dd586556efd230c9d1bb9,shipped,2018-07-04 13:12:48,2018-07-05 16:25:09,2018-07-05 12:01:00,,2018-07-19,carrier_before_approval
9e0ce3f44bcfc81171be7c5362887b80,delivered,2018-07-05 08:49:10,2018-07-05 16:33:19,2018-07-05 15:03:00,2018-07-09 19:14:33,2018-07-25,carrier_before_approval
580f3268bc2075c5961b2d2929c7a35b,delivered,2017-09-01 20:17:09,2017-09-13 22:03:42,2017-09-05 11:58:18,2017-09-18 17:52:20,2017-09-25,carrier_before_approval
b843ecf0468cd0f373c436effbd6f37f,delivered,2018-07-02 10:21:35,2018-07-05 16:22:37,2018-07-04 10:11:00,2018-07-07 22:22:26,2018-07-25,carrier_before_approval
70f357cca87c1162357bf3c0a993cbe5,delivered,2017-09-01 18:40:11,2017-09-13 22:04:49,2017-09-05 12:33:19,2017-09-12 16:53:41,2017-09-22,carrier_before_approval
104cf29a266be8f412ca30ec4cdab145,delivered,2017-04-25 22:50:48,2017-04-27 13:36:40,2017-04-26 09:47:10,2017-05-08 07:46:56,2017-05-12,carrier_before_approval
a0ddb810bd79dc15910dcc56a1c7f3cb,delivered,2018-04-22 13:16:34,2018-04-24 18:44:28,2018-04-23 19:51:36,2018-04-28 12:06:45,2018-05-25,carrier_before_approval
a36a7f2219c828e52cb094ddc8d89b84,delivered,2018-07-03 16:01:57,2018-07-05 16:31:01,2018-07-04 13:38:00,2018-07-09 20:02:59,2018-07-23,carrier_before_approval
3290506deecf9d593a1e7a295fa13dbe,delivered,2018-07-21 13:49:03,2018-07-26 23:32:53,2018-07-24 10:20:00,2018-07-30 17:17:06,2018-08-21,carrier_before_approval
95807754346c1a01b8040f29f42f74d7,delivered,2018-07-03 20:23:05,2018-07-05 16:31:46,2018-07-04 12:31:00,2018-07-10 16:52:26,2018-07-24,carrier_before_approval
fe1a5360c2abc136a4ff63ddb09a33b4,delivered,2018-07-29 16:19:32,2018-08-01 16:31:44,2018-07-30 15:34:00,2018-08-08 00:42:42,2018-08-08,carrier_before_approval
1362f8eb7b8f4e07b852a57afc251381,delivered,2018-07-23 14:22:06,2018-07-28 23:31:12,2018-07-24 13:17:00,2018-08-03 18:26:48,2018-08-10,carrier_before_approval
f53b2ca622ef467612d1f38ba5e6f86f,delivered,2018-04-21 14:43:26,2018-04-24 18:25:22,2018-04-23 20:07:56,2018-05-03 21:08:38,2018-05-28,carrier_before_approval
5fbb36c2e55d34d7799cb74e65d73a62,delivered,2018-07-03 09:09:36,2018-07-05 16:04:47,2018-07-04 10:54:00,2018-07-09 17:12:26,2018-07-20,carrier_before_approval
7fa75bfce88c324530041cb08a3ea734,delivered,2018-04-23 01:35:32,2018-04-24 18:27:33,2018-04-23 22:51:51,2018-05-08 18:42:04,2018-05-17,carrier_before_approval
77ff811b9df5550b4691cc8b4bb4902a,delivered,2018-07-03 13:21:12,2018-07-05 16:08:45,2018-07-05 13:03:00,2018-07-12 11:41:27,2018-08-03,carrier_before_approval
c01b52b26b2be81e5712a958631d858e,delivered,2018-04-21 13:54:24,2018-04-24 19:24:56,2018-04-23 17:37:47,2018-05-07 21:34:51,2018-05-16,carrier_before_approval
6e28c34a895e831db6c3bca247819453,delivered,2018-02-02 18:03:57,2018-02-06 11:31:23,2018-02-05 23:34:20,2018-02-19 16:17:16,2018-03-07,carrier_before_approval
d26e5113b124c2bf24274139cf339a8b,delivered,2018-07-03 22:27:31,2018-07-05 16:11:40,2018-07-04 10:44:00,2018-07-13 17:12:44,2018-07-26,carrier_before_approval
d0444c65949d9cea920374debbfbd723,delivered,2018-07-03 15:08:20,2018-07-05 16:32:37,2018-07-04 13:30:00,2018-07-10 14:18:53,2018-08-03,carrier_before_approval
3478b113b28e0c77c5b870f927de40cc,delivered,2018-07-05 13:49:49,2018-07-05 16:09:05,2018-07-05 13:55:00,2018-07-10 18:21:24,2018-08-03,carrier_before_approval
ddc904ea8bd4313e136beae61948c20d,delivered,2018-07-03 14:37:25,2018-07-05 16:33:01,2018-07-04 14:39:00,2018-07-12 00:08:40,2018-07-26,carrier_before_approval
77c514940a145ab624fa7ec202ef6dae,delivered,2018-06-25 21:31:05,2018-06-27 08:30:42,2018-06-27 06:37:00,2018-07-03 19:48:43,2018-07-19,carrier_before_approval
9292a5004e4adeb999700abae47eb13b,delivered,2018-05-30 14:32:46,2018-05-30 14:57:32,2018-05-30 13:40:00,2018-06-11 18:32:29,2018-07-13,carrier_before_approval
29bf861fea8df0d2df2b141d46aea6a5,delivered,2018-04-21 17:06:23,2018-04-24 17:22:30,2018-04-23 18:33:02,2018-04-27 21:48:44,2018-05-11,carrier_before_approval
627a881a7d2543a80dc59460ab08eaab,delivered,2018-02-08 17:36:30,2018-02-10 10:18:37,2018-02-09 22:11:55,2018-02-19 23:19:34,2018-03-08,carrier_before_approval
6e8ff76e6abbdfadc22d6569bf5b1ae8,delivered,2017-07-26 10:51:20,2017-08-02 11:25:48,2017-08-01 13:29:53,2017-08-11 22:06:21,2017-08-22,carrier_before_approval
52a547866cd2082c600fb72eced19331,delivered,2018-05-16 15:02:31,2018-05-16 15:19:36,2018-05-16 14:29:00,2018-05-21 16:53:46,2018-06-05,carrier_before_approval
3fe0e2ede93f661b59fb83477ac2695b,delivered,2018-07-10 18:10:30,2018-07-13 16:07:22,2018-07-12 10:45:00,2018-07-14 02:10:27,2018-07-25,carrier_before_approval
787bfd3b90a91fda23d2e58665f5e1ac,delivered,2018-06-21 13:48:11,2018-06-21 14:22:02,2018-06-21 14:01:00,2018-06-28 22:21:51,2018-07-20,carrier_before_approval
b360e877916b9d6b03877df56551e4dc,delivered,2018-07-03 12:52:33,2018-07-05 16:27:53,2018-07-03 15:44:00,2018-07-11 15:58:43,2018-08-03,carrier_before_approval
cea25ef7695cbbf27888da010e3ddd2a,delivered,2018-06-29 14:24:39,2018-07-05 16:06:14,2018-07-03 13:22:00,2018-07-11 23:55:34,2018-07-25,carrier_before_approval
514988a3e142461049264d74b768b365,delivered,2018-07-31 16:20:05,2018-07-31 17:31:07,2018-07-31 16:18:00,2018-08-06 17:31:56,2018-08-16,carrier_before_approval
d4a72eff3bfdb6ff7667bef4119283e9,delivered,2018-07-04 00:22:00,2018-07-05 16:24:48,2018-07-04 13:09:00,2018-07-11 19:48:05,2018-07-26,carrier_before_approval
df9a83542974f3a48afb63552d2f4bc5,delivered,2018-08-21 15:19:04,2018-08-21 15:30:38,2018-08-21 14:36:00,2018-08-24 12:03:31,2018-09-06,carrier_before_approval
f29bcfc9110dfb7b1fc0f77b31b749b8,delivered,2018-04-22 12:45:00,2018-04-24 18:09:42,2018-04-23 17:33:11,2018-05-02 19:07:20,2018-05-18,carrier_before_approval
dbcf58228a08ba02230fb4a888fb988d,delivered,2018-04-22 13:14:33,2018-04-24 18:34:08,2018-04-23 19:21:01,2018-04-26 20:26:37,2018-05-11,carrier_before_approval
452659f1bbc22357a8b75386eb2beb34,delivered,2018-04-23 22:57:12,2018-04-24 19:07:37,2018-04-24 16:52:28,2018-05-04 15:20:51,2018-05-17,carrier_before_approval
b681b75880c64cf34a01e503b6c2aafc,delivered,2018-07-04 16:35:07,2018-07-05 16:15:52,2018-07-05 12:03:00,2018-07-11 19:20:47,2018-07-23,carrier_before_approval
92fe083783a81f62019d6dcce018a85f,delivered,2018-07-22 01:27:12,2018-07-27 23:31:15,2018-07-24 14:42:00,2018-07-28 00:51:54,2018-08-07,carrier_before_approval
448a4837b41e7f24ad7dabafe574c842,delivered,2018-06-14 14:28:01,2018-06-14 14:58:51,2018-06-14 14:20:00,2018-06-25 16:18:43,2018-07-17,carrier_before_approval
a3270f2613a807c71433dada7bf3876a,delivered,2018-07-03 17:05:33,2018-07-05 16:16:37,2018-07-04 12:06:00,2018-07-06 17:36:45,2018-07-30,carrier_before_approval
f2af7540e2b81731609d138b17191794,delivered,2018-07-03 12:39:04,2018-07-05 16:32:46,2018-07-04 12:15:00,2018-07-07 12:44:36,2018-07-17,carrier_before_approval
737c93fc3e93b56ba3055202da5b219a,delivered,2018-06-29 00:02:57,2018-07-05 16:08:15,2018-07-04 14:15:00,2018-07-10 17:56:43,2018-07-27,carrier_before_approval
85bdbf544abea637f0ed3c856bd0a0ca,delivered,2018-06-29 19:15:06,2018-07-05 16:02:57,2018-07-03 15:14:00,2018-07-06 11:17:46,2018-08-03,carrier_before_approval
af2adc7e31b52bdfe068cf60426b54b2,delivered,2017-04-24 09:14:06,2017-04-27 10:32:39,2017-04-26 18:47:58,2017-05-02 17:24:56,2017-05-11,carrier_before_approval
f672640d8f525e7ee9e9662776f4ed0f,delivered,2018-04-20 21:24:30,2018-04-24 18:27:33,2018-04-24 00:06:34,2018-04-30 22:33:16,2018-05-22,carrier_before_approval
adad66be45caa015d25e03ed17610197,delivered,2017-12-03 21:03:58,2017-12-05 10:30:54,2017-12-04 22:53:02,2017-12-10 11:56:50,2017-12-27,carrier_before_approval
5394df5f572a529d916abd5272d0bb13,delivered,2018-07-04 17:33:01,2018-07-05 16:24:48,2018-07-05 14:37:00,2018-07-06 12:51:11,2018-07-17,carrier_before_approval
3b2639c14a48df0a716ce3bb0c9c6735,delivered,2018-08-13 12:04:39,2018-08-14 12:24:01,2018-08-14 11:51:00,2018-08-24 17:11:58,2018-09-04,carrier_before_approval
9ab8b682f4ecc3c07216e7376007829e,delivered,2018-04-21 13:35:57,2018-04-24 18:56:00,2018-04-24 16:46:51,2018-04-27 18:06:34,2018-05-16,carrier_before_approval
123bf681d8f2bbf410339ccef14d9c42,delivered,2018-07-04 13:31:42,2018-07-05 16:35:32,2018-07-05 14:01:00,2018-07-24 13:12:38,2018-07-30,carrier_before_approval
37cacebebb14aa6cdc982d4eb40b9441,delivered,2018-04-21 12:37:03,2018-04-24 19:24:11,2018-04-24 15:49:39,2018-04-25 16:25:48,2018-05-08,carrier_before_approval
2bec039adcca39ad3a2d76a949e6c99d,delivered,2018-07-26 13:03:46,2018-07-27 13:04:27,2018-07-27 11:55:00,2018-08-03 15:18:37,2018-08-16,carrier_before_approval
97823d6731e59cd6b4f9d3ea113a976e,delivered,2018-07-23 11:26:36,2018-07-28 23:30:58,2018-07-24 07:14:00,2018-07-27 12:03:15,2018-08-09,carrier_before_approval
795b392abe9e445552c226621cf9638d,delivered,2018-04-20 16:08:37,2018-04-24 18:33:53,2018-04-23 20:12:55,2018-04-26 21:29:42,2018-05-16,carrier_before_approval
d62a17b3c34827259aa27647123f551e,delivered,2018-04-20 16:31:21,2018-04-24 19:23:56,2018-04-23 19:34:54,2018-04-26 12:29:50,2018-05-16,carrier_before_approval
d897077d0836ffdc2178d70b3f680baa,delivered,2018-07-03 14:22:53,2018-07-05 16:33:07,2018-07-05 07:40:00,2018-07-10 20:38:49,2018-07-20,carrier_before_approval
a4680fb98fd4f2ef703c815a43e4811f,delivered,2018-07-03 09:38:53,2018-07-05 16:40:16,2018-07-03 15:01:00,2018-07-09 12:28:44,2018-07-24,carrier_before_approval
2ca1f43a3b966324bcd1fee4818d01e3,delivered,2018-04-21 15:11:16,2018-04-24 19:02:32,2018-04-23 18:03:45,2018-04-25 19:15:00,2018-05-02,carrier_before_approval
5fc25db83662b2660bd61440ba3ec9b8,delivered,2018-07-31 14:50:52,2018-07-31 15:44:29,2018-07-31 13:43:00,2018-08-06 16:41:40,2018-08-15,carrier_before_approval
c4b40afc3b677501f34190204aea02f1,delivered,2018-05-10 13:12:46,2018-05-10 13:35:50,2018-05-10 13:19:00,2018-05-15 21:21:27,2018-05-29,carrier_before_approval
876c93b0a50c1fd2ad77f265d32de95e,delivered,2018-07-04 17:45:29,2018-07-05 16:11:30,2018-07-05 13:06:00,2018-07-13 20:38:59,2018-08-06,carrier_before_approval
8e2180a4fcb4cc57d8e0737c95cd4d28,delivered,2018-07-03 14:21:21,2018-07-05 16:33:00,2018-07-03 13:32:00,2018-07-06 19:06:36,2018-07-27,carrier_before_approval
8d3cd96a636e59a3a47b52cedd6e9bbd,delivered,2018-06-20 14:48:16,2018-06-20 15:19:11,2018-06-20 15:18:00,2018-06-26 23:51:00,2018-07-18,carrier_before_approval
36e4e23cd12bdb0504acb89751e85bc8,delivered,2018-07-25 13:18:32,2018-07-26 09:15:15,2018-07-26 07:20:00,2018-08-17 19:29:36,2018-08-20,carrier_before_approval
3586033d33df96014cf815491f3e287a,delivered,2018-04-20 11:51:49,2018-04-24 17:22:33,2018-04-20 23:03:53,2018-04-26 13:10:54,2018-05-21,carrier_before_approval
537716eaf03b0a1904be0663cbcdafa9,delivered,2018-08-03 14:16:35,2018-08-03 14:30:19,2018-08-03 14:18:00,2018-08-14 21:51:45,2018-08-20,carrier_before_approval
7c03bf6cda48e5312a9e4cfb0002f3b6,delivered,2018-07-05 09:43:06,2018-07-05 16:21:12,2018-07-05 12:45:00,2018-07-12 17:22:35,2018-07-30,carrier_before_approval
63271c4f926901533f34d374c4126952,delivered,2018-07-22 09:18:49,2018-07-23 11:31:35,2018-07-23 11:27:00,2018-07-27 17:38:44,2018-08-09,carrier_before_approval
66d737f81143e3724207d2f2fb457ad9,delivered,2018-07-22 14:23:36,2018-07-27 23:31:18,2018-07-24 13:34:00,2018-08-01 18:13:00,2018-08-20,carrier_before_approval
2d3b451fae025eca7a05641e05e452bb,delivered,2018-07-23 12:35:34,2018-07-28 23:31:07,2018-07-24 14:47:00,2018-07-31 00:41:32,2018-08-08,carrier_before_approval
ead00e0026023c03ce71d6d072050bf6,delivered,2018-04-20 14:37:08,2018-04-24 19:18:42,2018-04-21 00:12:08,2018-05-01 02:13:35,2018-05-16,carrier_before_approval
8fde182213914d24ed0bb9d4b02371a0,delivered,2018-05-17 17:56:25,2018-05-18 14:34:53,2018-05-18 14:26:00,2018-06-03 12:58:45,2018-06-01,carrier_before_approval
ebc45391c3d191ea75a52f6e2201d311,delivered,2018-07-04 13:51:48,2018-07-05 16:25:43,2018-07-05 14:11:00,2018-07-10 17:58:45,2018-07-24,carrier_before_approval
4fe46529fed4601ccb07ba71cc357567,delivered,2018-07-10 18:55:39,2018-07-13 16:06:57,2018-07-11 12:26:00,2018-07-30 14:07:57,2018-08-07,carrier_before_approval
c700b407cfb9699e423866878835f42b,delivered,2018-07-03 18:30:09,2018-07-05 16:12:51,2018-07-04 08:51:00,2018-07-10 18:49:52,2018-07-24,carrier_before_approval
27bb9f8cf03a1e189a4047a05621074c,delivered,2018-04-23 09:32:25,2018-04-24 17:41:57,2018-04-24 00:14:49,2018-04-28 01:17:57,2018-05-15,carrier_before_approval
3a026b1e98a953d5e0e675d1593ad4af,delivered,2018-04-23 01:40:58,2018-04-24 18:29:12,2018-04-23 21:33:24,2018-05-02 21:51:27,2018-05-15,carrier_before_approval
7a23cfcc5fcb50ed8cfd257506a5e84b,delivered,2018-05-04 15:07:26,2018-05-04 15:15:23,2018-05-04 13:50:00,2018-05-09 17:58:47,2018-05-25,carrier_before_approval
dad0bbde895c4becabe332fcdfd47893,delivered,2018-04-22 12:48:56,2018-04-24 18:07:47,2018-04-24 15:54:40,2018-04-28 01:22:38,2018-05-16,carrier_before_approval
be555543375e799bd0f439ffc16134ab,delivered,2018-07-03 10:11:40,2018-07-05 16:06:58,2018-07-04 14:44:00,2018-07-05 19:06:43,2018-07-23,carrier_before_approval
2cfc3681e512e0d12b6fe84b396e3907,delivered,2018-04-22 20:15:52,2018-04-24 18:46:28,2018-04-24 00:58:19,2018-04-30 20:51:45,2018-05-18,carrier_before_approval
d6e3732aea036f7d71b44db75163e2f4,delivered,2018-07-03 09:45:53,2018-07-05 16:27:57,2018-07-04 14:03:00,2018-07-05 15:21:52,2018-07-20,carrier_before_approval
f54b0f9fdbe3e0a69bcc611b4f3de1f4,delivered,2018-01-06 14:50:23,2018-01-10 10:06:32,2018-01-08 22:58:46,2018-01-17 19:26:27,2018-02-07,carrier_before_approval
f5eda04cf77ec4fc17a1c7a4e8984afb,delivered,2018-07-02 09:14:07,2018-07-05 16:25:39,2018-07-04 15:16:00,2018-07-14 09:34:39,2018-07-25,carrier_before_approval
d15a4c4d1426b7275d538063d8fe4c6a,delivered,2018-04-20 15:45:31,2018-04-24 18:44:29,2018-04-23 16:48:48,2018-04-24 17:24:50,2018-04-30,carrier_before_approval
0700a8e0947d76a90800538ff87da453,delivered,2018-04-22 11:26:58,2018-04-24 19:10:19,2018-04-24 18:58:03,2018-05-02 21:28:46,2018-05-22,carrier_before_approval
753a3deab4eed64bb300591cb01874b3,delivered,2018-04-21 19:58:09,2018-04-24 18:58:32,2018-04-23 17:08:51,2018-05-24 21:16:35,2018-05-29,carrier_before_approval
7f01243bfbb619e73796571192245fce,delivered,2018-08-23 14:14:37,2018-08-23 14:25:56,2018-08-23 14:10:00,2018-08-24 15:58:33,2018-09-04,carrier_before_approval
71435a06cf53842e055368f881a38b61,delivered,2018-07-25 15:40:26,2018-07-25 15:55:10,2018-07-25 14:38:00,2018-07-28 18:46:39,2018-08-10,carrier_before_approval
6d1f16f4ed292206fbeedf3b44e0ceb3,delivered,2018-07-01 14:15:20,2018-07-05 16:07:28,2018-07-03 19:26:00,2018-07-04 22:12:51,2018-07-16,carrier_before_approval
119060af27b04f5fae8b2b0e27eef7f9,delivered,2018-06-11 14:34:47,2018-06-12 09:31:54,2018-06-11 12:45:00,2018-06-14 22:18:58,2018-07-05,carrier_before_approval
4cdbb26aa0dc8e7179f33edf59722fa8,delivered,2018-07-03 19:29:11,2018-07-05 16:32:16,2018-07-04 14:52:00,2018-07-05 18:21:48,2018-07-20,carrier_before_approval
8a9c9e6f36131fb108495efe07936f02,delivered,2018-04-21 13:06:48,2018-04-24 18:06:13,2018-04-23 20:12:56,2018-04-24 20:42:03,2018-05-10,carrier_before_approval
21df2b96ea32eb3b985c7c87a398b8d0,delivered,2018-07-03 18:26:24,2018-07-05 16:32:46,2018-07-04 14:44:00,2018-07-12 22:06:55,2018-08-01,carrier_before_approval
719beedd6c2193b3e1e1ea1d2706eaf1,delivered,2018-06-20 14:02:25,2018-06-20 14:18:42,2018-06-20 13:32:00,2018-06-21 15:04:21,2018-07-05,carrier_before_approval
986dfd5411cb5a65f3fe024bdb0d0745,shipped,2018-07-03 19:59:42,2018-07-05 16:05:58,2018-07-04 14:15:00,,2018-08-20,carrier_before_approval
ac05f13680c4e4da78427313ecbe0a6e,delivered,2018-07-05 11:34:09,2018-07-05 16:30:33,2018-07-05 13:10:00,2018-07-12 21:28:58,2018-07-27,carrier_before_approval
a4396e55c140360b67296ee34f56752c,delivered,2018-07-23 14:13:23,2018-07-28 23:31:03,2018-07-26 10:17:00,2018-07-30 20:43:33,2018-08-17,carrier_before_approval
ceb435f46d86d2fb2890334c4862315a,delivered,2018-07-03 20:17:01,2018-07-05 16:27:04,2018-07-04 12:19:00,2018-07-12 16:58:36,2018-08-02,carrier_before_approval
06b709d62777971bc95e6c32886f3ddc,delivered,2018-04-20 20:36:31,2018-04-24 19:28:15,2018-04-23 17:49:42,2018-05-04 19:41:48,2018-05-24,carrier_before_approval
dbaabdb0be80480bf6306b5e3c953017,delivered,2018-06-04 13:11:37,2018-06-05 14:31:37,2018-06-05 11:48:00,2018-06-13 16:03:04,2018-07-13,carrier_before_approval
a49dc0169f9bb6d3ac9829bdebd12299,delivered,2018-07-21 11:46:28,2018-07-26 23:31:27,2018-07-24 14:55:00,2018-07-25 18:24:31,2018-07-31,carrier_before_approval
4b6e439f8ebc7348898173190aec97e0,delivered,2018-07-03 13:44:02,2018-07-05 16:33:04,2018-07-04 15:09:00,2018-07-06 12:41:20,2018-07-23,carrier_before_approval
5bda85803d5b100f4a2c1aea2f89c40d,delivered,2018-07-03 14:45:18,2018-07-05 16:23:41,2018-07-05 15:07:00,2018-07-06 20:58:48,2018-07-19,carrier_before_approval
210cf7d3028086f57d41f03d2a240390,delivered,2018-04-20 17:03:32,2018-04-24 19:28:54,2018-04-24 17:04:19,2018-05-10 20:52:14,2018-06-01,carrier_before_approval
c809b7fce9716f7f28909c7d5aca9eab,delivered,2018-07-03 11:47:53,2018-07-05 16:33:19,2018-07-03 15:23:00,2018-07-09 19:36:31,2018-07-30,carrier_before_approval
36ca3c87ca7562cf9be42d80a0abe097,delivered,2018-02-08 06:19:23,2018-02-10 09:31:27,2018-02-09 22:14:36,2018-02-20 23:25:32,2018-03-07,carrier_before_approval
379d35a7f738e53131a68c79b97b005c,delivered,2018-04-19 10:01:01,2018-04-24 18:12:38,2018-04-24 15:51:27,2018-05-07 20:18:36,2018-05-16,carrier_before_approval
3c93a4cc9ca8a3e1148b82d0425be9c4,delivered,2018-08-09 11:20:25,2018-08-09 14:30:16,2018-08-09 13:37:00,2018-08-13 15:36:49,2018-08-17,carrier_before_approval
9fa4fbddf06979761ad62c2cb6fcd315,delivered,2018-06-29 18:27:05,2018-07-05 16:11:45,2018-07-03 19:01:00,2018-07-06 11:46:45,2018-07-13,carrier_before_approval
f7f3e95cf456d7a1ebede3e7c3cce324,delivered,2018-07-02 20:11:18,2018-07-05 16:04:38,2018-07-04 08:02:00,2018-07-05 19:30:53,2018-07-18,carrier_before_approval
b038f6ae89bdd1fddd3b51ace3ff8b30,delivered,2018-07-03 15:48:48,2018-07-05 16:13:40,2018-07-04 11:19:00,2018-07-05 14:12:01,2018-07-16,carrier_before_approval
c88226c0be178bf303537e6ffddc8dc3,delivered,2018-04-20 12:49:21,2018-04-24 19:21:59,2018-04-23 18:36:56,2018-04-26 20:05:10,2018-05-10,carrier_before_approval
fd52bb09b1cce1fa4ecbb721e934727f,delivered,2018-07-03 12:42:04,2018-07-05 16:32:45,2018-07-05 14:18:00,2018-07-07 17:32:53,2018-07-23,carrier_before_approval
35c66e9b12fe72dbb0b8d34af424c3cf,delivered,2018-08-01 14:19:23,2018-08-01 14:30:19,2018-08-01 14:09:00,2018-08-02 19:58:20,2018-08-06,carrier_before_approval
a6b52290e2cab59e8e7c8382eef9e523,delivered,2018-04-22 13:59:28,2018-04-24 19:04:50,2018-04-23 19:48:19,2018-04-30 17:33:08,2018-06-04,carrier_before_approval
9546aa638d07ac340a91c59b0b2dee96,delivered,2018-08-10 16:05:40,2018-08-10 16:15:17,2018-08-10 15:18:00,2018-08-15 19:04:02,2018-08-27,carrier_before_approval
78b7833f56f2ac54efd0e617ef4d4673,delivered,2018-04-20 07:37:25,2018-04-24 18:05:15,2018-04-23 19:24:45,2018-05-25 22:38:38,2018-05-25,carrier_before_approval
c0d68ca2e27d53c566c02dc89021ee76,delivered,2018-08-03 14:43:51,2018-08-03 15:23:56,2018-08-03 15:04:00,2018-08-10 03:50:46,2018-08-15,carrier_before_approval
8007ea147c63f8912e750ada3665086d,delivered,2018-04-23 10:59:50,2018-04-24 18:42:05,2018-04-24 16:08:34,2018-04-27 18:02:19,2018-05-16,carrier_before_approval
f08dc1531373f63ea0779a333ae40275,delivered,2018-07-04 12:45:07,2018-07-05 16:27:00,2018-07-04 14:07:00,2018-07-09 18:03:27,2018-08-06,carrier_before_approval
e15c9f222bbdc4bf1d94606407787134,delivered,2018-04-21 14:12:11,2018-04-24 17:42:29,2018-04-24 16:06:54,2018-05-02 17:43:45,2018-05-25,carrier_before_approval
04b2afb6447774881079872788d97883,delivered,2018-04-21 19:29:14,2018-04-24 18:27:19,2018-04-23 19:11:29,2018-04-26 11:31:45,2018-05-16,carrier_before_approval
c43428e158013a24ec4a18007fd99082,delivered,2017-07-31 15:37:43,2017-08-02 08:33:11,2017-08-01 20:52:26,2017-08-04 19:09:40,2017-08-18,carrier_before_approval
244e8c98d54a7a388245e6b5b85d37ee,delivered,2018-07-04 21:32:55,2018-07-05 16:35:20,2018-07-05 14:36:00,2018-07-06 18:33:36,2018-07-20,carrier_before_approval
5fbe0933118a1dec4ac5424ef0ed0686,delivered,2018-07-06 08:48:19,2018-07-06 09:11:19,2018-07-06 08:22:00,2018-07-10 23:31:44,2018-07-27,carrier_before_approval
c7a7c97d430f40628efc0f1e41f723b1,delivered,2018-07-05 09:39:44,2018-07-05 16:15:56,2018-07-05 14:58:00,2018-07-11 19:12:24,2018-08-01,carrier_before_approval
44da5f6639e6db4190b643017e264022,delivered,2018-06-19 10:52:28,2018-06-19 11:18:45,2018-06-19 10:53:00,2018-06-26 19:21:37,2018-07-18,carrier_before_approval
0668d086b3ae41adde3aed3dacbc8fae,delivered,2018-07-03 17:39:14,2018-07-05 16:25:40,2018-07-04 10:59:00,2018-07-26 20:18:53,2018-08-01,carrier_before_approval
e9cec3364270c67c922b8891465148db,delivered,2018-04-21 00:43:22,2018-04-24 19:26:12,2018-04-24 02:52:11,2018-05-03 20:08:36,2018-05-17,carrier_before_approval
d02d64a92b368e50d9d1dd6093514a5d,delivered,2018-06-19 13:38:23,2018-06-19 13:57:45,2018-06-19 13:48:00,2018-06-22 20:08:38,2018-07-11,carrier_before_approval
08b9d47b3be61595c61eddc50b42ee02,delivered,2017-07-28 10:24:45,2017-08-02 08:35:26,2017-08-01 18:48:48,2017-08-07 13:14:01,2017-08-23,carrier_before_approval
f4f6ca3a1a95c3f5db08489c2ec2ef1c,delivered,2018-07-04 10:38:10,2018-07-05 16:40:42,2018-07-05 15:28:00,2018-07-09 09:31:24,2018-08-01,carrier_before_approval
82d2162edf841b38e563dbf4380daead,delivered,2018-07-02 20:03:31,2018-07-05 16:25:13,2018-07-03 12:59:00,2018-07-06 18:26:43,2018-07-24,carrier_before_approval
9b0f1e1427db19a11c3ab29e6ebf4846,delivered,2018-07-29 13:31:50,2018-08-01 16:31:37,2018-07-31 15:04:00,2018-08-01 19:28:56,2018-08-02,carrier_before_approval
1bd5cd406d71988a9ea81d022fc161ba,delivered,2018-04-21 05:31:57,2018-04-24 19:20:55,2018-04-24 16:54:35,2018-05-03 19:22:51,2018-05-22,carrier_before_approval
3f4cc91bbcf1a05dbef15d8f976588bf,delivered,2018-07-04 15:17:33,2018-07-05 16:14:24,2018-07-05 14:32:00,2018-07-06 13:24:33,2018-07-17,carrier_before_approval
9e6928e55ec6948338048d72ebdf2305,delivered,2018-04-27 15:12:36,2018-04-27 15:32:59,2018-04-27 15:08:00,2018-05-07 19:03:52,2018-05-29,carrier_before_approval
fc395bfc7bc0ca54d0fa3e4cc90d055f,delivered,2018-04-21 10:58:18,2018-04-24 19:02:32,2018-04-23 20:52:45,2018-05-10 13:09:44,2018-05-24,carrier_before_approval
7443eeca92daa9ca934f515628610510,delivered,2018-08-04 16:50:40,2018-08-06 15:04:51,2018-08-06 14:13:00,2018-08-18 20:54:44,2018-09-13,carrier_before_approval
2ac520de90670f0cb695af6630a00c4a,delivered,2018-05-30 15:41:11,2018-05-30 15:55:22,2018-05-30 14:55:00,2018-06-14 17:28:41,2018-07-03,carrier_before_approval
385de16f1457125fdef85002bdc4f7d4,delivered,2018-08-16 16:45:08,2018-08-16 16:55:29,2018-08-16 15:17:00,2018-08-20 20:42:42,2018-08-23,carrier_before_approval
fea37071a9fe1444fc1ed7f316b68478,delivered,2018-07-04 00:19:09,2018-07-05 16:09:17,2018-07-05 11:08:00,2018-07-06 14:54:46,2018-07-17,carrier_before_approval
89d32b64af005178b318f76cd60f2c3c,delivered,2018-07-06 11:54:40,2018-07-06 12:11:05,2018-07-06 09:48:00,2018-07-10 11:44:45,2018-07-27,carrier_before_approval
df87f618719ef397d4681011b2e2e934,delivered,2018-04-19 18:02:15,2018-04-24 18:14:27,2018-04-23 18:42:12,2018-05-01 00:12:47,2018-05-22,carrier_before_approval
b7e1823a1a3137ba666bef3dfbca19dd,delivered,2018-04-23 07:28:21,2018-04-24 18:48:20,2018-04-24 15:48:39,2018-04-27 16:42:21,2018-05-16,carrier_before_approval
86509c09dbafbcba748558e5f36d1e7c,delivered,2018-04-22 15:34:12,2018-04-24 18:34:54,2018-04-24 00:12:13,2018-05-02 17:22:15,2018-05-28,carrier_before_approval
8332829ddb8a92e5e730111419b90bc2,delivered,2018-07-03 22:19:03,2018-07-05 16:27:04,2018-07-04 11:28:00,2018-07-09 22:51:18,2018-07-23,carrier_before_approval
0872f22df707596feed1639609f6eba7,delivered,2018-01-30 09:00:45,2018-02-04 23:31:47,2018-02-01 23:37:21,2018-02-15 22:05:15,2018-02-22,carrier_before_approval
2f64f730b534c45e97b887c36a0ea0fd,delivered,2018-06-29 18:52:27,2018-07-05 16:01:00,2018-07-04 06:49:00,2018-07-10 11:31:55,2018-07-25,carrier_before_approval
421deffec215845f8632fb3543789f86,delivered,2018-08-24 14:05:59,2018-08-24 14:24:29,2018-08-24 13:46:00,2018-08-30 20:32:08,2018-09-11,carrier_before_approval
d29a401d12ff3433597a0aa1d17d37ba,shipped,2018-04-20 20:14:41,2018-04-24 18:38:45,2018-04-24 16:42:36,,2018-05-16,carrier_before_approval
304e8cf62306a897106fd54ccfcc88bc,shipped,2018-04-20 11:58:38,2018-04-24 17:33:43,2018-04-20 22:28:26,,2018-05-15,carrier_before_approval
ed1d4b46f3903db668554c9c5b5a1d16,delivered,2018-04-21 08:14:07,2018-04-24 19:01:18,2018-04-23 20:12:54,2018-04-27 12:57:20,2018-05-15,carrier_before_approval
62f30b2a0b0347a3859e2125b6f504ac,delivered,2018-04-22 23:37:08,2018-04-24 18:59:51,2018-04-24 18:03:02,2018-05-02 19:48:45,2018-05-22,carrier_before_approval
339063a819f93e6e25102c3bb66ab667,delivered,2018-04-20 13:46:38,2018-04-24 19:18:43,2018-04-23 19:26:40,2018-04-24 19:51:47,2018-05-09,carrier_before_approval
71ccac4998b863217b4480c50294b465,delivered,2017-07-31 16:38:56,2017-08-02 08:32:55,2017-08-01 19:45:56,2017-08-04 17:32:12,2017-08-18,carrier_before_approval
34eb84795617859f326a6615f0fff940,delivered,2018-07-02 20:21:20,2018-07-05 16:26:38,2018-07-04 12:25:00,2018-07-10 20:42:26,2018-07-25,carrier_before_approval
3af06414a3acfc16eadcc64c0b6a8f7c,delivered,2018-04-20 04:04:50,2018-04-24 18:59:13,2018-04-23 18:08:42,2018-04-30 22:17:32,2018-05-14,carrier_before_approval
b7d6c506d31d5537a7abea4378a1a7fb,delivered,2018-04-22 14:01:37,2018-04-24 19:24:18,2018-04-23 19:36:27,2018-04-27 21:21:25,2018-05-11,carrier_before_approval
5de443f7adc75b72230b61e63ce5007a,delivered,2018-06-29 08:12:42,2018-07-05 16:02:24,2018-07-04 12:57:00,2018-07-12 18:16:44,2018-08-08,carrier_before_approval
a9850ce15ae344ed38a260105a67e118,delivered,2018-04-22 20:43:00,2018-04-24 18:58:44,2018-04-24 18:47:49,2018-04-30 14:41:40,2018-05-18,carrier_before_approval
559f0bbfa2518e102877dcb7f65735ef,delivered,2018-07-04 11:27:47,2018-07-05 16:22:11,2018-07-05 10:46:00,2018-07-06 19:53:44,2018-07-17,carrier_before_approval
f0fc730a1254996668db8e9161446323,delivered,2018-04-22 17:08:49,2018-04-24 18:07:30,2018-04-23 18:21:06,2018-04-30 15:48:34,2018-05-16,carrier_before_approval
a602aea3a8a3551032ed0214a2006707,delivered,2018-07-03 23:31:48,2018-07-05 16:32:40,2018-07-05 14:47:00,2018-07-10 22:09:49,2018-07-25,carrier_before_approval
972976cb62fb977bfbc253219799e486,delivered,2018-07-20 11:15:51,2018-07-20 11:25:13,2018-07-20 10:27:00,2018-08-08 20:46:24,2018-08-07,carrier_before_approval
6fa0c125ee7d870f6602c97e33d87bc5,delivered,2018-08-09 19:32:42,2018-08-20 15:59:54,2018-08-14 15:43:00,2018-08-17 20:51:25,2018-08-23,carrier_before_approval
6423db30ee1e8cbd5d066f414bde1a0e,delivered,2018-04-21 22:47:17,2018-04-24 18:06:56,2018-04-24 01:17:48,2018-04-26 09:08:40,2018-05-17,carrier_before_approval
9ddadedc86122b4be334ddb751017997,delivered,2018-07-05 16:06:25,2018-07-05 16:35:55,2018-07-05 15:29:00,2018-07-09 15:52:25,2018-07-30,carrier_before_approval
c0a8ef94e050fd7fb74a3757be5b3da0,delivered,2018-07-03 19:00:14,2018-07-05 16:27:53,2018-07-04 15:16:00,2018-07-06 15:27:43,2018-07-25,carrier_before_approval
3f2dd0e27853384475d6ead696ff3fbb,delivered,2017-04-27 21:21:51,2017-04-28 12:53:52,2017-04-28 10:56:52,2017-05-08 09:37:53,2017-05-29,carrier_before_approval
9c808eeed3e79336f8e007a7922cf8bc,delivered,2018-04-21 15:08:29,2018-04-24 19:00:46,2018-04-24 00:38:37,2018-04-27 18:13:44,2018-05-16,carrier_before_approval
15f29653eecf60489d5e04389f448526,delivered,2018-04-20 17:54:03,2018-04-24 18:58:58,2018-04-23 23:56:46,2018-04-27 18:24:42,2018-05-10,carrier_before_approval
978314826289d9ec86d6d6a627eaf810,delivered,2018-05-05 10:58:56,2018-05-05 11:15:10,2018-05-05 09:38:00,2018-05-10 16:14:39,2018-05-25,carrier_before_approval
b600d406784f1f3c7f6129e10cae215b,delivered,2018-04-20 17:21:55,2018-04-24 19:23:20,2018-04-24 02:04:21,2018-04-26 18:18:29,2018-05-15,carrier_before_approval
f1947038bdbb0dc6cfbb332abcd60221,delivered,2018-07-22 08:51:17,2018-07-23 11:31:52,2018-07-23 11:23:00,2018-08-03 16:47:37,2018-08-14,carrier_before_approval
d5178e0be8a5c76644351dfc6eaddfb2,delivered,2018-04-20 13:29:14,2018-04-24 18:39:38,2018-04-23 19:34:51,2018-04-30 17:22:43,2018-05-18,carrier_before_approval
66b7e4ff35d62613a10899d4eb442216,delivered,2018-07-23 00:39:48,2018-07-28 23:31:04,2018-07-24 14:38:00,2018-07-31 23:38:35,2018-08-09,carrier_before_approval
4e3cc1c522e0aef1e726d2f9eaeb8807,delivered,2018-07-04 14:47:12,2018-07-05 16:32:54,2018-07-04 14:40:00,2018-07-09 19:46:43,2018-07-25,carrier_before_approval
95e418ea130a24742051eb864d986af5,delivered,2018-04-21 12:11:02,2018-04-24 18:34:12,2018-04-23 18:46:51,2018-04-26 19:25:45,2018-06-06,carrier_before_approval
41fe5122a99e994da33095efeb38f8a6,delivered,2018-07-04 00:38:14,2018-07-05 16:26:43,2018-07-04 15:09:00,2018-07-06 01:48:33,2018-07-17,carrier_before_approval
0f375a22986f5561dd6c2a22c86c6b25,delivered,2018-07-24 14:23:37,2018-07-25 14:24:32,2018-07-25 14:07:00,2018-07-27 21:36:41,2018-08-07,carrier_before_approval
d21711f4bfc26162d5a8e471d7edb25f,delivered,2018-07-22 19:37:18,2018-07-27 23:30:58,2018-07-25 15:09:00,2018-07-31 17:07:39,2018-08-20,carrier_before_approval
7ca78299e5ac08885988b1cc259d16a9,delivered,2017-07-28 14:33:15,2017-08-02 08:34:02,2017-08-01 13:25:56,2017-08-16 22:29:40,2017-08-23,carrier_before_approval
666ede5bf7b6eebd0d2f61795ee14149,delivered,2018-07-04 10:06:56,2018-07-05 16:31:46,2018-07-05 14:02:00,2018-07-07 12:38:26,2018-07-31,carrier_before_approval
8dd925f0031d0e5f405cb0f3ed25edd9,delivered,2018-04-21 17:34:58,2018-04-24 18:05:40,2018-04-23 18:44:27,2018-04-24 19:24:19,2018-05-02,carrier_before_approval
f62d2e0e462fb59c81df0b389e883027,delivered,2018-04-20 12:59:47,2018-04-24 19:06:19,2018-04-20 22:48:39,2018-04-25 14:34:52,2018-05-17,carrier_before_approval
0fcebef7529661e5353748c86a31d90e,delivered,2018-05-21 10:14:31,2018-05-24 17:35:05,2018-05-22 06:53:00,2018-05-25 17:45:44,2018-06-05,carrier_before_approval
56989126486c2d5a8797256f0011753f,delivered,2018-07-04 18:13:28,2018-07-05 16:33:01,2018-07-05 14:47:00,2018-07-06 15:46:29,2018-07-18,carrier_before_approval
4021cd7611d6d9ce5ffcd24817fc374f,delivered,2018-08-18 11:49:40,2018-08-18 12:10:30,2018-08-14 06:22:00,2018-08-29 04:41:53,2018-08-30,carrier_before_approval
3ae7f9146be3fb4fed651a66c7650b19,delivered,2018-07-03 21:56:54,2018-07-05 16:33:16,2018-07-05 16:13:00,2018-07-12 14:18:30,2018-07-18,carrier_before_approval
8bfa83be33530ae82398716e67a2943f,delivered,2018-04-20 15:41:54,2018-04-24 18:44:54,2018-04-23 18:00:19,2018-05-08 13:08:24,2018-05-21,carrier_before_approval
948d4a2cd33aa0d29d03495de3b86f9f,delivered,2018-07-04 20:23:36,2018-07-05 16:23:34,2018-07-05 14:11:00,2018-07-11 00:21:06,2018-07-24,carrier_before_approval
2e404f3ac4dd39d7054b4cbb88ce2c35,delivered,2018-05-04 09:49:02,2018-05-04 10:11:27,2018-05-04 09:41:00,2018-05-09 12:08:37,2018-05-24,carrier_before_approval
bcd3f0c10ca729cd572b499317d287d8,delivered,2018-04-21 20:54:40,2018-04-24 18:06:13,2018-04-23 21:57:48,2018-04-25 23:04:31,2018-05-17,carrier_before_approval
5d30afe97f086b0a5cd532422514c3b1,delivered,2018-07-04 14:20:40,2018-07-05 16:31:20,2018-07-05 13:14:00,2018-07-06 17:04:12,2018-07-18,carrier_before_approval
9d1780c1dba60f1e3fc99e1072979110,delivered,2018-03-17 16:04:08,2018-03-26 09:10:13,2018-03-19 23:31:20,2018-03-28 19:21:54,2018-03-29,carrier_before_approval
6260b8b7e35f7b2163df6a9eb133a072,delivered,2018-07-04 13:44:57,2018-07-05 16:01:39,2018-07-05 13:46:00,2018-07-13 18:42:49,2018-08-09,carrier_before_approval
eae696a5d4f36a048c3c1e78d611253d,delivered,2018-07-03 15:23:01,2018-07-05 16:30:42,2018-07-05 12:30:00,2018-07-12 17:33:40,2018-07-31,carrier_before_approval
ba992a67b91b76a97c227e1ad48658f5,delivered,2018-08-03 14:48:15,2018-08-03 15:04:13,2018-08-03 13:58:00,2018-08-14 20:32:31,2018-08-30,carrier_before_approval
15e67a6eec264915cd81f8f57dbacd81,delivered,2018-08-07 14:05:50,2018-08-07 14:15:17,2018-08-07 12:39:00,2018-08-13 13:58:45,2018-08-21,carrier_before_approval
9a0ea28810c690ef91b1a70c0ed9703e,delivered,2018-07-03 07:07:56,2018-07-05 16:21:59,2018-07-04 14:02:00,2018-07-10 11:28:34,2018-07-26,carrier_before_approval
e4c540c341b9a50b1a1b28e71867eb5b,delivered,2018-04-26 15:55:42,2018-04-26 16:11:01,2018-04-26 14:55:00,2018-04-27 17:24:52,2018-05-09,carrier_before_approval
3be02448faefd4cf9a63648ccf10c1e1,delivered,2018-07-29 14:41:38,2018-07-30 16:25:26,2018-07-30 14:38:00,2018-08-10 15:15:02,2018-08-17,carrier_before_approval
f7cb1a22366eb2e46a22d3626871d1d5,delivered,2018-05-02 15:14:09,2018-05-03 15:10:27,2018-05-03 13:02:00,2018-05-30 20:41:15,2018-05-23,carrier_before_approval
649fbfef8ead059794ca4dff975904d0,delivered,2018-04-23 16:20:13,2018-04-24 17:43:52,2018-04-24 02:17:23,2018-05-03 19:51:27,2018-05-11,carrier_before_approval
40de47dfa620d667117e4a6067b6e1ec,delivered,2017-09-01 20:05:55,2017-09-13 21:58:38,2017-09-04 20:36:58,2017-09-08 20:41:16,2017-09-22,carrier_before_approval
cab5ff5f1347330a7576a8aa80bd1774,delivered,2018-06-27 11:57:41,2018-06-27 12:10:12,2018-06-27 11:10:00,2018-07-02 15:03:45,2018-07-18,carrier_before_approval
acc128e9293460781736208a647dd87c,delivered,2018-01-30 01:00:05,2018-02-04 23:31:38,2018-02-02 00:42:59,2018-02-14 16:23:34,2018-03-01,carrier_before_approval
44997fe5448fcd26b6c093cd6efda36b,delivered,2018-07-30 16:24:44,2018-08-02 13:43:29,2018-07-31 12:50:00,2018-08-03 19:31:55,2018-08-08,carrier_before_approval
60e8b42fc95ec83d1e3bc2c7f7b4350d,delivered,2017-07-28 18:33:50,2017-08-02 08:33:20,2017-08-01 19:19:44,2017-08-07 18:23:53,2017-08-21,carrier_before_approval
23b1eb268049c1d2a04b22784867e75b,delivered,2018-07-01 21:19:33,2018-07-05 16:15:48,2018-07-03 12:06:00,2018-07-05 21:04:11,2018-07-30,carrier_before_approval
9c595e16a30ed3d4190c5d512eb1ad17,delivered,2018-04-21 15:50:54,2018-04-24 18:04:02,2018-04-23 22:51:11,2018-05-19 00:56:43,2018-05-17,carrier_before_approval
839b7051ec3965f51479de677b695b59,delivered,2018-04-21 16:00:29,2018-04-24 17:56:09,2018-04-23 23:32:59,2018-04-24 23:48:51,2018-05-10,carrier_before_approval
ba7517020cc8cdda51bffbd30bb1b781,delivered,2018-07-03 12:58:14,2018-07-05 16:21:27,2018-07-04 14:50:00,2018-07-07 14:51:01,2018-07-25,carrier_before_approval
12e4fbad3ebed6412967a3fd5818c456,delivered,2018-06-13 11:43:43,2018-06-13 12:32:39,2018-06-13 11:43:00,2018-06-22 21:32:34,2018-07-18,carrier_before_approval
f79be098ac7bd8ee0c272aa8f6b61d50,delivered,2018-07-10 15:33:31,2018-07-10 15:46:42,2018-07-10 14:35:00,2018-07-13 18:57:41,2018-07-25,carrier_before_approval
004345d16a1ab2c21962992c721c8643,delivered,2018-07-04 06:45:05,2018-07-05 16:09:18,2018-07-05 14:08:00,2018-07-11 17:26:37,2018-07-30,carrier_before_approval
9ac6af8b99d3bac9717dfb60bfdaed60,delivered,2018-07-22 13:04:52,2018-07-23 11:31:23,2018-07-23 08:46:00,2018-07-26 17:21:37,2018-08-09,carrier_before_approval
a7cc09fb58107d971a9b1f94e176a910,delivered,2018-04-21 20:55:09,2018-04-24 18:09:42,2018-04-23 20:30:52,2018-05-03 21:46:26,2018-05-15,carrier_before_approval
ac284fb15053d666dfb6128354f0e662,delivered,2018-08-22 14:14:50,2018-08-22 14:25:19,2018-08-22 13:46:00,2018-08-28 21:32:27,2018-09-14,carrier_before_approval
faa068942b581bc31538abdea52e6f35,delivered,2018-04-23 12:19:15,2018-04-24 17:19:16,2018-04-24 17:06:55,2018-05-07 21:47:29,2018-05-17,carrier_before_approval
d836abb4444d8594455e9766104e958c,delivered,2018-07-22 17:23:48,2018-07-27 23:31:14,2018-07-24 15:11:00,2018-07-25 18:09:23,2018-07-31,carrier_before_approval
0b2e6b4673da2264a5318ef4abe1fd44,delivered,2018-07-03 18:09:03,2018-07-05 16:18:53,2018-07-04 11:07:00,2018-07-06 19:59:49,2018-07-23,carrier_before_approval
ce387eba3b0e5a8145a79db39394f728,delivered,2018-06-27 07:11:00,2018-06-27 10:51:45,2018-06-27 10:16:00,2018-07-03 08:45:54,2018-08-01,carrier_before_approval
8f1a2266f747c7d0e62d992a6b411c60,delivered,2018-06-19 13:00:38,2018-06-20 14:38:47,2018-06-20 13:43:00,2018-06-28 20:08:52,2018-07-16,carrier_before_approval
a0c98bdda8405aeaa4b87bdcdd25da22,delivered,2018-08-17 12:39:50,2018-08-17 12:55:22,2018-08-17 12:37:00,2018-08-27 23:08:26,2018-08-30,carrier_before_approval
852d591ac66808ba170d243164600420,delivered,2018-06-01 13:48:45,2018-06-01 14:11:51,2018-06-01 13:28:00,2018-06-06 17:26:41,2018-06-26,carrier_before_approval
e8d5ac327490a6d1580be779a264c2fb,delivered,2018-04-23 09:02:49,2018-04-24 17:13:21,2018-04-23 23:51:12,2018-04-27 00:21:48,2018-05-11,carrier_before_approval
191fad9a46d531249b20f63ff199efe2,delivered,2018-07-05 00:46:29,2018-07-05 16:33:12,2018-07-05 15:19:00,2018-07-09 19:40:54,2018-07-27,carrier_before_approval
c8e75378d45ac6daae73b7ff2d236798,delivered,2018-07-04 16:57:26,2018-07-05 16:10:05,2018-07-05 14:58:00,2018-07-06 15:22:02,2018-07-17,carrier_before_approval
746e0019b6fc6170534f81e45e8d55ec,delivered,2018-04-22 22:48:12,2018-04-24 18:30:09,2018-04-24 01:06:34,2018-04-24 17:06:38,2018-05-10,carrier_before_approval
ce82f937c1c716589386a8d4d0cb6747,delivered,2018-07-23 14:29:11,2018-07-28 23:31:03,2018-07-24 13:19:00,2018-08-02 18:20:22,2018-08-13,carrier_before_approval
52a96c4082dfe660d01acfdc740c4f61,delivered,2018-04-24 01:00:28,2018-04-24 18:11:13,2018-04-24 17:51:06,2018-05-09 20:56:37,2018-05-23,carrier_before_approval
9e1b037882254a396408181e76546b01,delivered,2018-07-23 17:26:47,2018-07-28 23:31:07,2018-07-24 15:55:00,2018-07-30 17:11:31,2018-08-13,carrier_before_approval
112b993827414a482ef6534e251fad3a,delivered,2018-01-29 17:26:51,2018-02-03 23:31:58,2018-02-01 18:48:38,2018-02-02 19:52:43,2018-02-14,carrier_before_approval
45060534aef780077c10103b60fe71c4,delivered,2018-07-03 15:40:07,2018-07-05 16:12:38,2018-07-05 14:12:00,2018-07-10 20:08:37,2018-08-03,carrier_before_approval
3f6bb104a95e5d4476c4f49d96951475,delivered,2018-04-21 16:29:44,2018-04-24 18:46:53,2018-04-23 22:12:55,2018-05-03 23:41:58,2018-05-10,carrier_before_approval
d46dac528dbfb09fdfc6a62c82d18694,delivered,2018-07-04 12:27:07,2018-07-05 16:21:24,2018-07-05 13:27:00,2018-07-10 21:23:38,2018-07-25,carrier_before_approval
bc1b85147b5edbb7cbefcf5c1bd5ded9,delivered,2018-07-24 11:50:06,2018-07-29 23:30:54,2018-07-24 15:16:00,2018-07-25 20:56:35,2018-08-01,carrier_before_approval
a87d8e4358ec8697c2eb5dbcc42f8330,delivered,2018-08-01 18:27:35,2018-08-06 23:31:34,2018-08-02 11:54:00,2018-08-07 17:41:32,2018-08-16,carrier_before_approval
b8d5fe8c7958a04cf0e4977be468e370,delivered,2018-07-05 09:00:13,2018-07-05 16:17:01,2018-07-05 14:19:00,2018-07-06 17:48:37,2018-07-18,carrier_before_approval
f40ef9a47f9670b54b9e350f354795a2,delivered,2018-04-21 14:57:23,2018-04-24 18:51:22,2018-04-23 19:14:20,2018-04-30 23:04:27,2018-05-11,carrier_before_approval
3c8c8b2ae428da4a2bd9c4547354630c,delivered,2018-07-04 17:42:33,2018-07-05 16:33:14,2018-07-05 10:43:00,2018-07-12 16:38:55,2018-08-01,carrier_before_approval
1bab231e166587a2e6834a89ab97b32d,delivered,2018-06-04 10:45:08,2018-06-05 14:32:20,2018-06-05 12:54:00,2018-06-11 16:43:46,2018-07-11,carrier_before_approval
98b3b28db55c9f6e365c56f05004d3b5,delivered,2018-04-20 15:06:49,2018-04-24 18:39:32,2018-04-23 23:38:39,2018-05-15 15:46:32,2018-05-30,carrier_before_approval
e618cc48dc1a9bcbdb3f9743e25a36f1,delivered,2018-07-04 17:09:05,2018-07-05 16:25:46,2018-07-05 12:50:00,2018-07-10 21:16:38,2018-07-23,carrier_before_approval
d8bd333ce65e76948e3468e2de08cb8a,delivered,2018-04-22 16:06:51,2018-04-24 19:02:47,2018-04-23 12:42:06,2018-05-01 00:51:28,2018-05-28,carrier_before_approval
1b2bb7c2c68e882ede350ac20436790b,delivered,2018-04-21 14:21:50,2018-04-24 18:06:15,2018-04-24 17:32:14,2018-05-11 20:28:28,2018-05-21,carrier_before_approval
9a84ad63a942918f330f5009401daed0,delivered,2017-05-21 07:57:56,2017-05-22 10:41:39,2017-05-22 09:41:01,2017-05-29 09:09:59,2017-06-16,carrier_before_approval
e55507dc5f963fbdb8ae1c47181974b5,delivered,2018-04-22 12:36:57,2018-04-24 18:48:15,2018-04-23 18:46:53,2018-05-05 15:38:46,2018-05-25,carrier_before_approval
ea7dfe9f928b33cb2e9d8bc99dd7e0f3,delivered,2018-07-04 12:28:32,2018-07-05 16:21:06,2018-07-05 14:19:00,2018-07-11 00:31:54,2018-07-26,carrier_before_approval
b446a93ccd5bf1a2c97c4fe3cdfe2707,delivered,2018-07-05 10:02:18,2018-07-05 16:08:09,2018-07-05 13:58:00,2018-07-13 14:36:47,2018-07-18,carrier_before_approval
ad65db823bb3d24954abfc66ee67b165,delivered,2018-07-01 17:41:47,2018-07-05 16:10:37,2018-07-05 11:11:00,2018-07-11 13:12:08,2018-07-23,carrier_before_approval
3843764d4f30d3653388f1b55c3a9ac5,delivered,2018-07-03 11:40:00,2018-07-05 16:09:12,2018-07-03 15:47:00,2018-07-06 12:14:57,2018-07-25,carrier_before_approval
fab28f3d1cfbe171566884703d82682e,delivered,2018-04-21 09:18:13,2018-04-24 18:25:30,2018-04-23 23:35:37,2018-04-24 15:28:41,2018-05-04,carrier_before_approval
35ae091cd580f7c6dbb7f8c1552740fd,delivered,2018-08-15 14:04:47,2018-08-15 14:44:03,2018-08-15 13:46:00,2018-08-20 18:28:24,2018-08-24,carrier_before_approval
b2c1d65b858a8658622354076fafbd0c,delivered,2018-08-09 12:50:30,2018-08-09 14:30:16,2018-08-09 13:57:00,2018-08-20 20:03:02,2018-09-03,carrier_before_approval
c72e93d7e98b14432271347cec69043b,delivered,2017-04-25 22:48:07,2017-04-27 13:32:48,2017-04-27 08:04:28,2017-05-11 10:32:43,2017-05-19,carrier_before_approval
2efd11439a203a20e9a473a10a2c18f1,delivered,2018-04-22 09:56:24,2018-04-24 17:16:59,2018-04-23 20:07:54,2018-04-25 12:28:05,2018-05-18,carrier_before_approval
06c0d448cbbe294852cab1310c63ab3b,delivered,2018-04-22 20:19:12,2018-04-24 18:48:32,2018-04-23 23:04:46,2018-04-25 19:52:40,2018-05-14,carrier_before_approval
34280c3bc1c50403f0f1d4b272565256,delivered,2018-07-04 20:57:27,2018-07-05 16:23:07,2018-07-05 14:45:00,2018-07-11 14:54:45,2018-07-27,carrier_before_approval
53555a45da468a1ae66bd1572a7002e6,delivered,2018-07-04 19:52:09,2018-07-05 16:11:35,2018-07-05 14:52:00,2018-07-11 18:08:38,2018-07-25,carrier_before_approval
e02e028e7d2ce34852594cbb87cb7629,delivered,2018-07-01 21:45:30,2018-07-05 16:04:53,2018-07-05 14:41:00,2018-07-10 18:51:35,2018-07-18,carrier_before_approval
f201d0924f68c1eadbe0e527ae947481,delivered,2018-04-21 17:20:44,2018-04-24 17:59:23,2018-04-23 19:14:27,2018-04-24 19:36:32,2018-05-10,carrier_before_approval
68c266b203d2b5b9e4f724d2b0bf532f,delivered,2018-07-03 23:08:45,2018-07-05 16:27:08,2018-07-05 14:28:00,2018-07-09 20:36:45,2018-07-19,carrier_before_approval
f222fcfc65ff1398b47dc51ab30d8d60,delivered,2018-07-03 21:35:48,2018-07-05 16:40:55,2018-07-04 15:03:00,2018-07-06 10:42:12,2018-07-20,carrier_before_approval
b271c938db8f7fbc62ab95a19eb2becb,delivered,2018-07-02 20:03:25,2018-07-05 16:10:47,2018-07-04 13:53:00,2018-07-12 20:08:32,2018-07-27,carrier_before_approval
715c19fb47250380be905cedcd442b5a,delivered,2018-07-03 22:21:59,2018-07-05 16:41:11,2018-07-05 15:03:00,2018-07-12 18:36:30,2018-07-26,carrier_before_approval
7889e9a569a5488a0c9d93381a13d5ba,delivered,2018-07-04 15:19:13,2018-07-05 16:13:18,2018-07-05 13:59:00,2018-07-10 20:28:46,2018-08-01,carrier_before_approval
99d330b158a97e4b525cb725fa9571ec,delivered,2018-04-22 17:11:43,2018-04-24 19:19:30,2018-04-23 23:54:54,2018-05-04 16:04:41,2018-05-21,carrier_before_approval
c5bb91ea2129a21a4f424d356a4d28fa,delivered,2018-07-05 13:45:17,2018-07-05 16:03:19,2018-07-05 14:02:00,2018-07-13 15:44:20,2018-08-01,carrier_before_approval
f4db4affcb95da2a38c0713f619c8313,delivered,2018-04-20 17:46:12,2018-04-24 18:56:37,2018-04-23 19:38:20,2018-04-24 20:03:22,2018-05-09,carrier_before_approval
5fdc93e450ccb779c5d594b36f99bc04,delivered,2018-07-04 10:11:00,2018-07-05 16:32:53,2018-07-05 12:42:00,2018-07-10 12:16:03,2018-07-30,carrier_before_approval
1dfe460e88f7ff1daca47feab6cd614d,delivered,2018-07-04 12:37:14,2018-07-05 17:02:53,2018-07-04 14:35:00,2018-07-11 21:08:36,2018-07-24,carrier_before_approval
aea27cd16b5e532056c2ea57db75b66f,delivered,2018-04-21 12:45:42,2018-04-24 18:41:00,2018-04-23 21:11:22,2018-04-24 21:22:03,2018-05-10,carrier_before_approval
33eafd0ea4c37147b521b67b83b6769c,delivered,2018-07-03 22:04:06,2018-07-05 16:32:53,2018-07-04 12:17:00,2018-07-06 20:41:42,2018-07-23,carrier_before_approval
85c0ddad95967f361fd9cd9e3d1886b1,delivered,2018-07-03 14:16:56,2018-07-05 16:40:17,2018-07-05 11:33:00,2018-07-06 15:08:35,2018-07-17,carrier_before_approval
4f13ee1d03583de54e86a2e4f640d0f2,delivered,2017-04-26 08:14:58,2017-04-27 13:34:55,2017-04-27 12:55:54,2017-05-12 09:37:43,2017-05-17,carrier_before_approval
8e80c9ae33f2cff714311666eb2e71b1,delivered,2018-04-27 14:27:13,2018-04-27 14:52:18,2018-04-27 14:35:00,2018-05-07 17:44:47,2018-05-28,carrier_before_approval
dd46ac8cf8a385a883f38119228c584e,delivered,2018-07-21 15:01:31,2018-07-26 23:32:08,2018-07-24 15:31:00,2018-07-26 16:58:30,2018-08-01,carrier_before_approval
13707439a728b23bd3033dfab70b9840,delivered,2018-01-30 16:12:36,2018-02-04 23:31:38,2018-02-01 01:08:58,2018-02-08 21:08:00,2018-03-15,carrier_before_approval
46bdd39417baa706de4e1931fb95b4dd,delivered,2018-04-22 13:30:20,2018-04-24 18:55:33,2018-04-23 17:56:43,2018-05-14 15:09:02,2018-05-22,carrier_before_approval
fcbf4f4ef049367f9f85af94ed3b6010,delivered,2018-04-20 15:11:15,2018-04-24 18:41:20,2018-04-23 21:58:45,2018-04-24 14:03:28,2018-04-30,carrier_before_approval
1803c7e9eee1785304c1266d06ee1f8f,delivered,2018-07-03 23:20:35,2018-07-05 16:40:17,2018-07-04 14:08:00,2018-07-14 13:06:35,2018-07-23,carrier_before_approval
17f71a234f74de0e7c52630aa272eb17,delivered,2018-07-03 09:51:36,2018-07-05 16:40:35,2018-07-03 14:59:00,2018-07-06 18:52:44,2018-07-31,carrier_before_approval
34b7f8ccf3ab2ba8512fa244c3bab225,delivered,2018-07-04 22:07:08,2018-07-05 16:32:49,2018-07-05 15:26:00,2018-07-13 01:12:31,2018-07-23,carrier_before_approval
fb4867639cdcf519269b594d659bf27b,delivered,2018-07-21 13:07:33,2018-07-26 23:32:01,2018-07-24 15:26:00,2018-08-01 19:48:53,2018-08-13,carrier_before_approval
6b66feb014823833433d386dad897fcd,delivered,2018-07-03 10:44:45,2018-07-05 16:25:46,2018-07-05 10:23:00,2018-07-09 19:51:36,2018-07-24,carrier_before_approval
0ecc4db762e9de55ecdc2f22e468cfe9,delivered,2018-07-03 15:49:46,2018-07-05 16:08:11,2018-07-04 15:15:00,2018-07-13 17:21:44,2018-07-26,carrier_before_approval
ed4116f3f55e67e9a26b9f1891ba2497,delivered,2018-08-09 13:21:48,2018-08-20 15:55:42,2018-08-17 13:29:00,2018-08-31 00:14:30,2018-08-29,carrier_before_approval
f379762648ae96c1d04844ca3308df86,delivered,2018-08-03 14:09:07,2018-08-03 14:43:51,2018-08-03 13:55:00,2018-08-08 18:51:39,2018-08-21,carrier_before_approval
5990719adf4d9d93dd602a9e14879bc3,delivered,2018-01-30 10:50:41,2018-02-04 23:31:36,2018-02-02 18:05:16,2018-02-27 20:55:44,2018-03-08,carrier_before_approval
51e0e77bc0b6eb43fc25286a873ceac6,delivered,2018-04-30 14:55:34,2018-04-30 16:17:13,2018-04-30 14:41:00,2018-05-07 16:08:49,2018-05-21,carrier_before_approval
93f610a3cfcf2420d96bca828098c8c2,delivered,2018-07-03 20:40:10,2018-07-05 16:32:10,2018-07-04 10:48:00,2018-07-13 01:41:30,2018-07-23,carrier_before_approval
fbd969aaf28de4524d590d37fd10b894,delivered,2018-07-03 17:37:23,2018-07-05 16:32:45,2018-07-05 15:02:00,2018-07-10 21:14:45,2018-08-01,carrier_before_approval
1ade3ab91063ad2d577331b0258b1120,delivered,2018-07-03 10:53:44,2018-07-05 16:18:54,2018-07-04 08:43:00,2018-07-10 18:03:55,2018-08-09,carrier_before_approval
8caa77ff40d44d6d22eb8b3079c3c324,delivered,2018-04-20 19:57:54,2018-04-24 19:24:57,2018-04-23 16:19:08,2018-05-02 18:48:53,2018-05-24,carrier_before_approval
bd365efbba0dd1eaba5184a340fb1178,delivered,2018-07-03 21:33:39,2018-07-05 16:34:55,2018-07-04 14:34:00,2018-07-10 00:06:48,2018-07-24,carrier_before_approval
f22ef2baecb171381117e0ce752cf282,delivered,2017-07-28 12:32:59,2017-08-02 08:34:24,2017-08-01 17:47:58,2017-08-28 20:09:04,2017-08-31,carrier_before_approval
2583d08371c2662c10a4db6a9d158826,delivered,2018-04-22 11:33:47,2018-04-24 19:04:34,2018-04-23 21:26:37,2018-04-24 21:56:40,2018-05-09,carrier_before_approval
8d2d0f8cd26ecbe01fe9b2820bf45836,delivered,2018-06-27 08:12:24,2018-06-27 11:03:24,2018-06-27 09:55:00,2018-07-03 14:28:46,2018-07-18,carrier_before_approval
8ca43faa3b964d5ef9d833123b3b1d2e,delivered,2018-07-03 17:26:19,2018-07-05 16:24:54,2018-07-04 14:56:00,2018-07-06 17:29:31,2018-07-16,carrier_before_approval
0337e9398b087d93f41230ceb2410b50,delivered,2018-04-21 16:51:57,2018-04-24 19:24:47,2018-04-23 18:33:05,2018-04-27 19:26:40,2018-05-24,carrier_before_approval
cdf44e8d562b9d32c7efe051c5cb71dd,delivered,2018-04-21 22:29:28,2018-04-24 19:18:12,2018-04-23 19:31:45,2018-04-27 20:48:38,2018-05-15,carrier_before_approval
529803de3fafe0402da504545ed10047,delivered,2018-07-01 19:02:16,2018-07-05 16:05:44,2018-07-05 12:54:00,2018-07-06 14:58:27,2018-07-16,carrier_before_approval
5f127aff90e6012e2200e03613eb47cd,delivered,2018-04-22 21:13:08,2018-04-24 19:25:35,2018-04-24 16:32:23,2018-04-26 17:11:57,2018-05-18,carrier_before_approval
5b8c38123823347dea1d23abd2635c21,delivered,2018-07-04 18:03:19,2018-07-05 16:31:26,2018-07-05 12:23:00,2018-07-13 13:21:42,2018-07-26,carrier_before_approval
ffc0249fed109d5d056d7c79b7fa7dd9,delivered,2018-08-13 14:32:07,2018-08-13 14:45:15,2018-08-13 13:55:00,2018-08-14 23:58:57,2018-08-16,carrier_before_approval
4e5d55d40118f10ac43d483e9094246a,delivered,2018-07-04 16:35:50,2018-07-05 16:15:43,2018-07-05 12:34:00,2018-07-06 22:32:54,2018-07-17,carrier_before_approval
04b7151492b049661380a47e0449f9b6,delivered,2018-07-02 20:06:25,2018-07-05 16:03:57,2018-07-04 11:24:00,2018-07-10 14:58:33,2018-07-31,carrier_before_approval
d4374a2fe707b60c71f2d8932f8a93d4,delivered,2018-07-20 14:17:55,2018-07-25 23:32:10,2018-07-24 11:53:00,2018-07-31 14:24:39,2018-08-09,carrier_before_approval
bf06a474d6806d10fdf9cdc8c428b993,delivered,2018-07-02 11:20:59,2018-07-05 16:22:46,2018-07-05 12:27:00,2018-07-12 16:58:27,2018-07-30,carrier_before_approval
2e1f6e6e433e40edc3aa9db762193273,delivered,2018-01-30 16:47:07,2018-02-04 23:31:31,2018-02-01 15:59:21,2018-02-07 20:29:30,2018-02-23,carrier_before_approval
cb666a5ed3eec739fae136c3da8552c7,delivered,2018-04-23 15:51:01,2018-04-24 17:22:49,2018-04-24 16:42:45,2018-05-08 10:26:27,2018-05-21,carrier_before_approval
7f579a347e00ac4d36c143a5969e5189,delivered,2018-07-21 17:02:18,2018-07-26 23:31:24,2018-07-24 13:38:00,2018-08-02 21:03:57,2018-08-14,carrier_before_approval
94be6b672a642c5c33415e7ccc13c00c,delivered,2018-06-05 11:44:21,2018-06-05 14:31:12,2018-06-05 13:22:00,2018-06-11 16:19:22,2018-07-13,carrier_before_approval
54f3086920092b6c1d80c5db5361e937,delivered,2018-04-30 11:07:12,2018-04-30 11:35:24,2018-04-30 11:08:00,2018-05-07 19:37:49,2018-05-18,carrier_before_approval
998c57ab2d55eb30d6de8d103034384b,delivered,2018-04-22 17:07:57,2018-04-24 18:04:56,2018-04-23 23:37:27,2018-05-04 00:38:55,2018-05-18,carrier_before_approval
1d400d95c6669247200db54206a74b55,delivered,2018-07-04 15:20:14,2018-07-05 16:11:43,2018-07-04 15:17:00,2018-07-09 19:59:31,2018-07-27,carrier_before_approval
55471a53555cb61d9cd2ff895a278033,delivered,2018-07-02 09:34:13,2018-07-05 16:09:39,2018-07-05 14:33:00,2018-07-10 22:22:44,2018-07-23,carrier_before_approval
9a6a7ea0e1523950885c7b716b1766cc,delivered,2018-07-03 21:44:43,2018-07-05 16:16:42,2018-07-05 07:25:00,2018-07-10 16:53:48,2018-08-06,carrier_before_approval
c4f7d1763350c3f18548294c4beced5c,delivered,2018-07-03 10:46:01,2018-07-05 16:40:34,2018-07-04 07:50:00,2018-07-09 14:48:45,2018-07-30,carrier_before_approval
4387477eec4b3c89b39f3f454940d059,delivered,2018-08-09 20:45:10,2018-08-20 15:56:29,2018-08-14 12:35:00,2018-08-15 14:56:43,2018-08-14,carrier_before_approval
174a7e09ba51eac7b816bf33d20dfe21,delivered,2018-04-20 17:23:30,2018-04-24 19:17:21,2018-04-24 00:26:42,2018-05-11 19:48:53,2018-05-18,carrier_before_approval
a69ca27e5ae20da24dd0b144a6bfe2e9,delivered,2017-05-12 12:05:23,2017-05-12 13:06:48,2017-05-12 12:51:10,2017-05-26 10:22:01,2017-06-01,carrier_before_approval
2a6c075539c6b091f954bc4af60d1455,delivered,2018-04-22 14:56:48,2018-04-24 18:05:07,2018-04-24 00:22:48,2018-05-02 17:28:43,2018-05-30,carrier_before_approval
13134fe6dc043430a875ece99381223b,delivered,2018-06-13 14:48:16,2018-06-13 15:28:57,2018-06-13 13:28:00,2018-06-18 10:21:04,2018-07-04,carrier_before_approval
c1377e7b1831c006b3739d06c303ea69,delivered,2018-04-21 22:27:34,2018-04-24 19:18:16,2018-04-23 19:11:08,2018-04-27 21:12:21,2018-05-17,carrier_before_approval
36fa9568947553fb83c9ad0726737a12,delivered,2018-07-03 18:14:00,2018-07-05 16:32:54,2018-07-04 14:48:00,2018-07-10 22:51:14,2018-08-03,carrier_before_approval
d1d599b296d82560e3c783e7b6f93392,delivered,2018-04-19 21:02:00,2018-04-24 18:35:57,2018-04-23 19:08:54,2018-04-25 20:33:17,2018-05-15,carrier_before_approval
09b6daf7c780e789668ee3b7f4bda1c5,delivered,2018-06-29 18:20:57,2018-07-05 16:04:53,2018-07-03 13:08:00,2018-07-09 10:48:30,2018-07-26,carrier_before_approval
a6f2940cae871bfd63ea94dd5c476a62,delivered,2018-08-07 09:53:58,2018-08-07 10:05:19,2018-08-07 09:48:00,2018-08-10 18:26:34,2018-08-17,carrier_before_approval
a250092009e031f3162f9134a40261c2,delivered,2018-06-25 13:29:12,2018-06-25 13:58:21,2018-06-25 13:07:00,2018-07-03 19:51:41,2018-07-18,carrier_before_approval
d8e436a94b1158d6fff244c9ae75fccb,delivered,2018-06-30 23:05:48,2018-07-05 16:17:41,2018-07-03 16:21:00,2018-07-09 18:38:39,2018-07-27,carrier_before_approval
a1702545bdfba19345c69fa098b15020,delivered,2018-04-19 10:18:33,2018-04-24 17:43:33,2018-04-23 18:51:59,2018-05-03 11:18:37,2018-05-17,carrier_before_approval
cd2a97948b841f4702799b800b8e5b29,delivered,2018-04-19 15:00:32,2018-04-24 18:02:40,2018-04-23 20:18:38,2018-04-28 13:35:51,2018-05-10,carrier_before_approval
cea05d3139cd44136f17235b6f42969f,delivered,2018-07-02 09:13:20,2018-07-05 16:14:44,2018-07-05 14:00:00,2018-07-10 19:03:38,2018-07-27,carrier_before_approval
b3c2fc7374cd5dbb27c84f1a0315594d,delivered,2018-07-03 21:46:53,2018-07-05 16:32:50,2018-07-04 10:14:00,2018-07-10 18:12:36,2018-07-26,carrier_before_approval
229f074fb0a6ffde943458174b4ada63,delivered,2018-04-20 14:01:09,2018-04-24 17:26:59,2018-04-23 23:12:05,2018-05-04 22:36:18,2018-05-18,carrier_before_approval
114a99f9d47f2dae0f5666161cede6a6,delivered,2018-04-22 13:09:38,2018-04-24 18:34:58,2018-04-24 17:46:31,2018-05-04 16:32:37,2018-05-16,carrier_before_approval
d5e8c3df207679f1ae9da8bcb4a35871,delivered,2018-02-14 22:15:18,2018-02-16 14:30:42,2018-02-15 18:43:00,2018-02-24 16:38:59,2018-03-12,carrier_before_approval
4f3a6e28d764cf896b1fceb0028422c8,delivered,2018-07-03 09:34:16,2018-07-05 16:21:50,2018-07-03 16:52:00,2018-07-05 13:32:49,2018-07-20,carrier_before_approval
1cf471f71a04b68d1cda071b51d7e391,delivered,2018-07-21 22:44:57,2018-07-26 23:33:00,2018-07-23 11:26:00,2018-07-31 17:04:59,2018-08-22,carrier_before_approval
84b534c4e6899dae169caa25fa2c887c,delivered,2018-04-19 09:14:56,2018-04-24 18:18:18,2018-04-23 22:06:43,2018-04-28 00:49:01,2018-05-14,carrier_before_approval
6a5843185f8ef3ed2de016f4d88be0ec,delivered,2018-04-20 11:01:57,2018-04-24 18:44:28,2018-04-23 23:12:32,2018-04-27 16:48:38,2018-05-16,carrier_before_approval
cad95e56b8bc5ed2c10ee964ba21ac96,shipped,2018-01-30 14:44:20,2018-02-04 23:31:32,2018-01-31 21:12:05,,2018-02-15,carrier_before_approval
2c3d5c98d6c8420829506e18388bf118,delivered,2018-04-23 12:04:39,2018-04-24 19:24:14,2018-04-24 03:18:31,2018-04-26 19:58:45,2018-05-15,carrier_before_approval
9e020562e720fd5b4120ccc4ae0132ef,delivered,2018-07-04 13:57:07,2018-07-05 16:21:59,2018-07-05 14:47:00,2018-07-06 15:46:28,2018-07-17,carrier_before_approval
2ef2818bc1477c39bc32b093812b85e8,delivered,2018-05-28 14:33:54,2018-05-28 14:50:31,2018-05-28 14:33:00,2018-06-04 19:33:47,2018-06-29,carrier_before_approval
dc70ac8fe045f98aac3bc1c2797f6788,delivered,2018-04-23 12:21:20,2018-04-24 17:22:01,2018-04-23 23:51:17,2018-04-25 16:19:27,2018-05-10,carrier_before_approval
c69f7508f4c5846fed84591077e583c1,delivered,2018-07-03 19:04:57,2018-07-05 16:32:04,2018-07-04 14:44:00,2018-07-05 19:18:36,2018-07-16,carrier_before_approval
62f22bb8b5c6a5beabbbe1582f4b2dfe,delivered,2018-05-18 13:59:12,2018-05-18 14:34:55,2018-05-18 14:29:00,2018-06-06 01:36:29,2018-06-04,carrier_before_approval
0814daa4d12a646aeb73c429d5852f4d,delivered,2018-07-28 13:14:37,2018-08-01 16:31:31,2018-07-30 14:58:00,2018-08-02 19:32:21,2018-08-13,carrier_before_approval
76b25fe0af9b04dfb3c2055e447d4492,delivered,2018-04-22 17:34:19,2018-04-24 18:20:23,2018-04-23 19:28:52,2018-04-25 11:41:47,2018-05-04,carrier_before_approval
e1bf61ad2edc26abb98c7d7f4a8dc47c,delivered,2018-04-20 18:43:13,2018-04-24 19:07:41,2018-04-24 17:05:09,2018-05-03 19:32:53,2018-05-21,carrier_before_approval
a12de642288c88d6a5aec20f46a12fa6,delivered,2018-07-03 15:09:35,2018-07-05 16:08:20,2018-07-04 14:05:00,2018-07-12 19:34:27,2018-07-31,carrier_before_approval
9c3186381b733d4304e2e416afc6bbc1,delivered,2018-07-28 20:49:05,2018-08-02 23:30:29,2018-07-31 14:09:00,2018-08-01 19:04:37,2018-08-03,carrier_before_approval
6eace5a496456d346454761a9fc00dd2,delivered,2018-08-13 15:17:31,2018-08-20 09:21:49,2018-08-14 14:47:00,2018-08-23 11:03:09,2018-09-10,carrier_before_approval
b8a33fa5ef27e365f04703b899401762,delivered,2018-07-03 12:20:30,2018-07-05 16:32:43,2018-07-04 15:09:00,2018-07-13 17:28:43,2018-08-01,carrier_before_approval
2d834ec410b63544e1d9bc1461ecf175,delivered,2018-01-30 14:18:23,2018-02-04 23:31:46,2018-01-31 19:34:03,2018-02-17 12:16:57,2018-03-02,carrier_before_approval
ce4ad5f005be92dc5c6931f9929f9f70,delivered,2018-04-21 19:15:08,2018-04-24 18:23:27,2018-04-23 14:36:35,2018-04-26 23:36:40,2018-05-21,carrier_before_approval
d80799e45b1938827bfd57d8ee9b3c50,delivered,2018-04-23 10:53:44,2018-04-24 18:37:33,2018-04-23 20:33:32,2018-05-11 14:54:56,2018-05-24,carrier_before_approval
dd71d407875ef4dd2c29c8eabd2bc56e,delivered,2018-04-22 12:19:34,2018-04-24 17:41:57,2018-04-23 18:30:52,2018-04-24 19:03:05,2018-05-08,carrier_before_approval
5d2360b577af310633223b53506dcfaa,delivered,2018-06-13 11:33:10,2018-06-13 11:55:13,2018-06-13 09:52:00,2018-06-29 19:12:05,2018-07-05,carrier_before_approval
c6d80ef64d3bab44528b4f5b30b257fb,delivered,2018-07-03 21:32:18,2018-07-05 16:34:39,2018-07-05 11:41:00,2018-07-12 02:09:39,2018-08-06,carrier_before_approval
2d0d4075ded592212bcd5e5bc561b406,delivered,2017-04-26 12:22:32,2017-04-26 13:06:25,2017-04-26 13:01:25,2017-05-15 07:38:03,2017-05-25,carrier_before_approval
ed2c99c57389c865c573a025e1d6d34c,delivered,2018-06-30 20:30:35,2018-07-05 16:05:45,2018-07-04 14:40:00,2018-07-13 14:51:05,2018-07-17,carrier_before_approval
af989bb9d67386206a89e31d2e402821,delivered,2018-04-19 13:07:52,2018-04-24 18:34:53,2018-04-20 23:58:35,2018-04-25 22:08:26,2018-05-14,carrier_before_approval
d6a043b1faaa04d723fbbe8b015f0dd6,delivered,2018-07-03 22:53:45,2018-07-05 16:27:05,2018-07-04 12:09:00,2018-07-11 12:54:49,2018-07-18,carrier_before_approval
ed737c73d49d514352d4a57de3ca77c2,delivered,2018-04-22 13:00:23,2018-04-24 18:22:44,2018-04-24 11:22:13,2018-04-30 08:52:33,2018-05-21,carrier_before_approval
5a339130640419f9e00ab4b6ff61dc22,delivered,2018-04-27 15:59:23,2018-04-27 16:15:25,2018-04-27 14:35:00,2018-05-02 15:32:39,2018-05-16,carrier_before_approval
7c15b7f016feebc19af2f23f5f8b9e4a,delivered,2018-04-23 08:45:56,2018-04-24 19:07:42,2018-04-23 23:58:33,2018-04-30 19:08:36,2018-05-15,carrier_before_approval
8c52dfcce0a3724101362890db77eb05,delivered,2018-07-04 07:49:08,2018-07-05 16:33:16,2018-07-04 11:57:00,2018-07-05 22:38:40,2018-07-17,carrier_before_approval
af18c8b9b0890d5387074340f9d39cc7,delivered,2018-06-13 09:57:33,2018-06-13 14:31:29,2018-06-13 12:14:00,2018-06-28 17:54:58,2018-07-16,carrier_before_approval
176cf0b19224a77a9fe04e323627fa7e,delivered,2018-04-22 10:14:25,2018-04-24 18:39:40,2018-04-24 16:58:41,2018-05-03 19:21:32,2018-05-17,carrier_before_approval
249004c60a9bead3bdc73f4a8d2f0c11,delivered,2018-07-03 20:07:37,2018-07-05 16:08:58,2018-07-05 10:40:00,2018-07-10 18:14:40,2018-07-25,carrier_before_approval
982727416ef47cb3095b02dfccb621bf,delivered,2018-07-03 12:50:48,2018-07-05 16:21:53,2018-07-05 14:13:00,2018-07-13 23:05:01,2018-07-27,carrier_before_approval
ac4e638ca3146139f9857a73b20f6277,delivered,2018-07-04 19:44:24,2018-07-05 16:23:38,2018-07-05 14:32:00,2018-07-09 20:44:27,2018-07-24,carrier_before_approval
c51f25e565a1b4a03be6979f4661a585,delivered,2018-08-20 11:33:30,2018-08-20 15:15:36,2018-08-20 14:52:00,2018-08-23 20:22:38,2018-09-24,carrier_before_approval
13f726430863cd4a81b6899e25010475,delivered,2018-07-04 17:30:53,2018-07-05 16:23:38,2018-07-05 13:17:00,2018-07-11 15:28:59,2018-07-25,carrier_before_approval
de6385a70e9d74e2aa426dcf6d21c9e1,delivered,2018-04-22 12:37:46,2018-04-24 19:04:32,2018-04-24 16:38:36,2018-04-26 00:58:43,2018-05-09,carrier_before_approval
929ccb6e3021ed4afe8860fe50791967,delivered,2018-07-04 00:20:29,2018-07-05 16:32:36,2018-07-04 15:16:00,2018-07-10 21:58:58,2018-07-26,carrier_before_approval
b5c4393e0fffc94526b88d47d09dabe3,delivered,2018-04-22 08:28:28,2018-04-24 18:05:40,2018-04-23 17:41:16,2018-05-07 20:28:46,2018-06-01,carrier_before_approval
997d3d4e4d633291f515266c98cbda13,delivered,2018-08-25 09:46:04,2018-08-27 13:15:03,2018-08-27 10:43:00,2018-08-30 22:58:26,2018-09-14,carrier_before_approval
a61b9456778de69d35a9addadfc57ca8,delivered,2018-07-01 15:54:18,2018-07-05 16:17:44,2018-07-04 15:28:00,2018-07-11 20:06:49,2018-08-10,carrier_before_approval
4e5eab0ade6de202ed67104e84e9636d,delivered,2018-04-20 11:18:27,2018-04-24 18:14:37,2018-04-24 17:32:15,2018-04-25 18:08:31,2018-05-09,carrier_before_approval
c7a7200ede6d21b5eac67705000af954,delivered,2018-07-05 07:50:34,2018-07-05 16:18:00,2018-07-05 08:02:00,2018-07-11 19:06:57,2018-07-27,carrier_before_approval
26c2b0e7dd3eb988721bb042f783c80e,delivered,2017-08-02 08:58:27,2017-08-04 11:33:49,2017-08-02 20:33:04,2017-08-10 18:16:37,2017-08-28,carrier_before_approval
5a8a26a982045e5cd9d257b5fdef75c9,delivered,2017-04-25 22:17:39,2017-04-27 13:33:28,2017-04-26 21:33:39,2017-05-12 12:17:48,2017-05-17,carrier_before_approval
5930304c1503cbf5928b7e38bc52e248,delivered,2018-05-03 14:39:55,2018-05-03 14:55:15,2018-05-03 14:47:00,2018-05-10 01:52:54,2018-05-23,carrier_before_approval
b18cb761efbe70da4838435a349abd07,delivered,2018-07-04 18:39:28,2018-07-05 16:33:14,2018-07-05 13:21:00,2018-07-10 22:34:39,2018-07-27,carrier_before_approval
6d92b8b8958a7955c3184410f45293f3,delivered,2018-04-20 19:15:39,2018-04-24 19:25:36,2018-04-23 18:46:46,2018-05-08 15:21:22,2018-05-18,carrier_before_approval
668b09e578d6cdac0eb996a3457d49a5,delivered,2018-07-04 22:57:46,2018-07-05 16:23:38,2018-07-05 12:52:00,2018-07-11 23:34:36,2018-08-06,carrier_before_approval
2290b45124e2773329685c8dd7458e68,delivered,2018-07-04 13:43:30,2018-07-05 16:09:14,2018-07-05 09:56:00,2018-07-10 16:08:34,2018-07-26,carrier_before_approval
04f5536db820c4ea1450c353f92d5de5,delivered,2018-04-22 19:19:45,2018-04-24 17:33:43,2018-04-23 18:03:13,2018-04-24 18:45:00,2018-05-04,carrier_before_approval
6a7479a3e53e4e29f03b3ae5f83a5498,delivered,2018-04-22 19:14:39,2018-04-24 17:30:24,2018-04-24 17:17:44,2018-05-02 19:12:27,2018-05-21,carrier_before_approval
766033ca0a01f26b46dfccd2ee59cf9c,delivered,2018-07-03 19:20:59,2018-07-05 16:23:37,2018-07-04 15:49:00,2018-07-10 13:43:49,2018-08-10,carrier_before_approval
b2642502bf8864ede538c80b67275178,delivered,2018-06-30 00:46:29,2018-07-05 16:22:31,2018-07-05 14:30:00,2018-07-12 17:38:22,2018-07-20,carrier_before_approval
7c91640daf4cb53f476cd9db5eb0baf5,delivered,2018-05-21 11:07:39,2018-05-24 17:35:04,2018-05-21 15:05:00,2018-06-04 19:29:20,2018-06-06,carrier_before_approval
0a9a43ac5fe59c6c4bee2a8f9b9fcce8,delivered,2018-07-02 08:00:35,2018-07-05 16:02:18,2018-07-05 11:10:00,2018-07-10 23:12:41,2018-07-27,carrier_before_approval
3b40ede283844ba0fbdd110f8a56792f,delivered,2018-07-18 14:35:41,2018-07-18 14:45:20,2018-07-18 13:06:00,2018-07-25 17:27:25,2018-08-01,carrier_before_approval
bf63ff8d7ca75098eaba0418489ad64d,delivered,2018-08-17 13:15:40,2018-08-17 14:30:12,2018-08-17 14:13:00,2018-08-27 15:34:57,2018-09-14,carrier_before_approval
2f7629415fce83aab452e69eda981a49,delivered,2017-04-27 23:45:38,2017-04-28 11:43:24,2017-04-28 10:52:58,2017-05-04 15:09:15,2017-05-26,carrier_before_approval
269ad8edf5c7dd6bfbe01dc68832f6ce,delivered,2018-08-16 15:38:33,2018-08-16 15:50:19,2018-08-16 15:34:00,2018-08-22 22:10:59,2018-08-28,carrier_before_approval
46ac596698e8825788743fef0d54caca,delivered,2018-05-16 15:09:03,2018-05-16 15:34:40,2018-05-16 13:36:00,2018-05-22 21:33:08,2018-06-04,carrier_before_approval
b504b1a3e9c083d7bf927d4b322922eb,delivered,2018-04-22 23:50:13,2018-04-24 19:10:33,2018-04-24 15:49:11,2018-04-27 17:42:45,2018-05-21,carrier_before_approval
0eec617eceb2ecbaec84cb904530b048,delivered,2018-07-03 14:28:36,2018-07-05 16:11:14,2018-07-04 13:32:00,2018-07-09 23:56:28,2018-07-30,carrier_before_approval
f7780ea2807db31691e83f0013294035,delivered,2018-07-30 15:22:15,2018-07-30 15:35:16,2018-07-30 15:00:00,2018-08-02 18:32:30,2018-08-02,carrier_before_approval
594bf20a8f9e5e9cf267b3ee3260679b,delivered,2017-05-04 15:27:47,2017-05-09 22:32:38,2017-05-08 15:27:31,2017-05-21 13:32:37,2017-05-25,carrier_before_approval
5a41aefdf8010bbd69a5264f69213b73,delivered,2018-07-02 16:13:00,2018-07-05 16:17:20,2018-07-03 12:40:00,2018-07-05 12:48:37,2018-07-16,carrier_before_approval
c54a7eec3c60268882826057b1f7f31b,delivered,2018-07-03 20:26:13,2018-07-05 16:19:56,2018-07-05 14:09:00,2018-07-09 20:56:40,2018-07-24,carrier_before_approval
d7646ffe8fdd9e7d9557f9f7cbf04530,delivered,2018-05-04 14:50:37,2018-05-04 15:10:22,2018-05-04 14:48:00,2018-05-08 19:06:42,2018-05-16,carrier_before_approval
7d4bbd720f893f2ce3f6e19f95c4249a,delivered,2018-05-24 11:30:54,2018-05-25 11:37:01,2018-05-25 11:15:00,2018-05-29 15:17:35,2018-06-29,carrier_before_approval
23b6026f4aa837ed95e0941208f31434,delivered,2018-07-02 16:53:10,2018-07-05 16:17:36,2018-07-04 13:44:00,2018-07-07 16:31:31,2018-07-30,carrier_before_approval
89ca163ca854eaee18b4ba6110f524fe,delivered,2018-07-04 21:45:50,2018-07-05 16:17:49,2018-07-05 14:38:00,2018-07-11 21:03:42,2018-07-26,carrier_before_approval
ed12c1acf2aa565658a1353aa0443768,delivered,2018-04-22 16:03:31,2018-04-24 18:59:40,2018-04-23 19:18:50,2018-05-18 14:32:45,2018-05-23,carrier_before_approval
773632f583feeda7d9b063496b6526a2,delivered,2018-07-02 16:39:17,2018-07-05 16:27:42,2018-07-03 12:59:00,2018-07-13 21:18:47,2018-08-02,carrier_before_approval
5ded8a3706eabd813685534724f066de,delivered,2018-07-18 08:46:52,2018-07-18 09:01:48,2018-07-18 08:44:00,2018-07-25 13:53:17,2018-08-10,carrier_before_approval
1378f9601350615613cc8832d6789c5d,delivered,2017-09-01 20:28:02,2017-09-13 22:03:51,2017-09-04 18:07:55,2017-09-13 22:24:46,2017-09-29,carrier_before_approval
b811c8ca07716586e80c0bc4f2a6e39f,delivered,2018-04-20 18:29:15,2018-04-24 18:49:01,2018-04-23 18:28:42,2018-05-01 00:32:42,2018-05-21,carrier_before_approval
d10046876c7d9f01613da59ffa6cb07f,delivered,2018-07-18 16:14:16,2018-07-18 16:25:17,2018-07-18 15:34:00,2018-07-23 20:46:44,2018-08-07,carrier_before_approval
1ab38815794efa43d269d62b98dae815,delivered,2018-07-01 10:23:10,2018-07-05 16:17:52,2018-07-04 14:34:00,2018-07-09 15:06:57,2018-07-20,carrier_before_approval
810b8bba6a2fb6419db87fe22a4299fe,delivered,2018-05-10 11:54:32,2018-05-10 12:56:20,2018-05-10 12:18:00,2018-05-15 19:54:56,2018-05-29,carrier_before_approval
67884ec2877808808c25211dce58689b,delivered,2017-05-07 12:31:08,2017-05-12 21:33:56,2017-05-10 11:43:58,2017-05-16 07:57:33,2017-05-29,carrier_before_approval
bfd9e46406df093343381a91996cb660,delivered,2018-05-06 09:38:19,2018-05-07 16:12:36,2018-05-07 15:03:00,2018-05-22 23:17:57,2018-06-04,carrier_before_approval
bf0e0772c9e81651f6f0f255ed74bf88,delivered,2018-05-29 13:46:56,2018-05-29 14:11:32,2018-05-29 14:09:00,2018-06-12 12:56:44,2018-07-11,carrier_before_approval
fba0d18dccd0e4e88943d84a0f5aa448,delivered,2018-04-22 20:23:31,2018-04-24 18:33:58,2018-04-23 23:12:12,2018-04-24 23:22:08,2018-05-10,carrier_before_approval
bb8871a92af73ddadeac0531a0787131,delivered,2018-07-31 09:16:57,2018-08-01 16:31:37,2018-08-01 15:03:00,2018-08-08 01:03:27,2018-08-22,carrier_before_approval
240ead1a7284667e0ec71d01f80e4d5e,delivered,2018-07-02 16:30:02,2018-07-05 16:17:59,2018-07-05 14:11:00,2018-07-10 23:21:47,2018-07-24,carrier_before_approval
78008d03bd8ef7fcf1568728b316553c,delivered,2018-07-03 13:11:13,2018-07-05 16:32:52,2018-07-03 12:57:00,2018-07-10 17:47:39,2018-07-23,carrier_before_approval
76a948cd55bf22799753720d4545dd2d,delivered,2018-01-30 02:41:30,2018-02-04 23:31:46,2018-01-31 18:11:58,2018-03-18 20:08:50,2018-03-02,carrier_before_approval
a6bd1f93b7ff72cc348ca07f38ec4bee,delivered,2018-04-20 17:28:40,2018-04-24 19:26:10,2018-04-23 17:18:40,2018-04-28 17:38:42,2018-05-15,carrier_before_approval
7fd85cb0143de098a4c5ab5a57bfbd91,delivered,2017-05-04 21:05:28,2017-05-09 22:33:28,2017-05-09 17:02:58,2017-05-18 06:34:38,2017-06-01,carrier_before_approval
a1abeb653a4d4cd1e142ccb8c82cd069,delivered,2017-07-20 11:20:52,2017-07-21 06:43:14,2017-07-28 16:57:58,2017-07-25 19:32:56,2017-08-14,customer_delivery_before_carrier
383aa8b2724fe452d9ccd9934a8c628b,delivered,2017-07-02 20:58:43,2017-07-02 21:10:20,2017-07-07 17:22:41,2017-07-06 14:27:51,2017-07-21,customer_delivery_before_carrier
cb1134f9010d242e9515ad1c78ec0c39,delivered,2017-07-16 12:35:34,2017-07-18 06:03:50,2017-07-20 19:22:02,2017-07-19 14:13:28,2017-08-08,customer_delivery_before_carrier
dceb62e8fa94b46006c9554fed743df0,delivered,2017-07-20 20:58:05,2017-07-22 11:45:11,2017-08-01 18:23:30,2017-07-26 18:09:10,2017-08-11,customer_delivery_before_carrier
5f9d46795c3126674e52becb3a1a517f,delivered,2017-07-18 11:48:20,2017-07-18 12:03:29,2017-07-20 23:03:42,2017-07-20 18:52:41,2017-07-31,customer_delivery_before_carrier
8c78d01de3a9009e23d6877a7cc9be20,delivered,2016-10-08 15:36:50,2016-10-08 18:13:44,2016-10-26 11:41:53,2016-10-25 17:51:46,2016-11-30,customer_delivery_before_carrier
b27af682321527a6349f1761eb3f360c,delivered,2017-06-14 20:17:04,2017-06-14 20:30:08,2017-06-27 14:51:54,2017-06-26 15:45:35,2017-07-14,customer_delivery_before_carrier
1cc3ae63caffff2d6c3ee3e78e074acf,delivered,2017-08-07 21:35:22,2017-08-08 21:45:15,2017-08-10 18:28:56,2017-08-10 18:05:38,2017-08-25,customer_delivery_before_carrier
e37f11cae9985ca58f0b56f268720537,delivered,2017-07-26 11:46:34,2017-07-27 10:10:16,2017-08-01 18:17:47,2017-07-31 17:49:56,2017-08-24,customer_delivery_before_carrier
fa3e37584f4fdb1ded0e0de700dfcb4e,delivered,2017-07-30 19:32:23,2017-07-30 19:45:09,2017-08-09 18:18:43,2017-08-01 21:13:01,2017-08-18,customer_delivery_before_carrier
c1e2bf2b7dd3309f2f5356c6b63968fa,delivered,2017-02-10 10:19:10,2017-02-10 10:30:13,2017-03-02 17:34:26,2017-02-14 15:15:57,2017-03-15,customer_delivery_before_carrier
b866af202be0692766081310cd4085e1,delivered,2017-01-27 14:59:17,2017-01-27 15:30:46,2017-02-20 02:32:08,2017-02-15 03:53:46,2017-04-17,customer_delivery_before_carrier
29941903985f944b0ffc49c479c1547d,delivered,2017-05-29 16:16:50,2017-05-29 16:25:16,2017-06-09 15:07:29,2017-06-02 11:09:16,2017-06-23,customer_delivery_before_carrier
76458889992169d3135b264dc13aec67,delivered,2016-10-07 10:05:16,2016-10-07 11:24:43,2016-10-26 11:43:06,2016-10-20 18:03:17,2016-11-29,customer_delivery_before_carrier
0922ee1619de7b995648e5a8407afb91,delivered,2017-07-11 10:45:44,2017-07-11 10:55:15,2017-07-14 12:41:34,2017-07-12 20:49:42,2017-08-14,customer_delivery_before_carrier
fbffbaaa30f4077e87ec6acdb835b278,delivered,2017-07-30 17:58:26,2017-07-31 07:05:07,2017-08-04 20:04:17,2017-08-03 20:30:00,2017-08-18,customer_delivery_before_carrier
3ee6694bb99d5a6db0deceffcd099597,delivered,2017-07-07 11:22:13,2017-07-07 12:25:07,2017-07-11 18:15:40,2017-07-11 17:41:26,2017-07-20,customer_delivery_before_carrier
19feb5627c41ea1b36a8e50a469b3644,delivered,2016-10-07 17:09:56,2016-10-07 17:32:09,2016-10-26 11:42:05,2016-10-20 19:07:54,2016-12-01,customer_delivery_before_carrier
d5558a097766363b8e76b38c43332e8a,delivered,2017-02-04 19:01:33,2017-02-04 19:31:12,2017-02-15 08:55:26,2017-02-10 07:58:32,2017-03-01,customer_delivery_before_carrier
771c4f1f521f462e4b95619e648aaeab,delivered,2017-03-22 20:15:15,2017-03-22 20:15:15,2017-03-30 13:14:34,2017-03-28 17:28:32,2017-04-12,customer_delivery_before_carrier
ea1dcb4757a844d2642547797bd5feb0,delivered,2017-07-18 13:38:29,2017-07-18 13:50:23,2017-07-27 19:21:31,2017-07-25 19:43:10,2017-08-15,customer_delivery_before_carrier
99ad48402644a3968f2481defdc57947,delivered,2017-08-07 16:36:51,2017-08-07 17:20:06,2017-08-12 00:03:35,2017-08-10 21:22:31,2017-09-05,customer_delivery_before_carrier
f688669f48063536e082bb32d634cd46,delivered,2016-10-07 10:28:56,2016-10-11 04:56:13,2016-10-21 18:02:40,2016-10-20 20:33:27,2016-11-29,customer_delivery_before_carrier
