order_id,customer_id,order_status,order_purchase_timestamp,order_approved_at,order_delivered_carrier_date,order_delivered_customer_date,order_estimated_delivery_date
403b97836b0c04a622354cf531062e5f,738b086814c6fcc74b8cc583f8516ee3,delivered,2018-01-02 19:00:43,2018-01-02 19:09:04,2018-01-03 18:19:09,2018-01-20 01:38:59,2018-02-06 00:00:00
6942b8da583c2f9957e990d028607019,52006a9383bf149a4fb24226b173106f,shipped,2018-01-10 11:33:07,2018-01-11 02:32:30,2018-01-11 19:39:23,,2018-02-07 00:00:00
4906eeadde5f70b308c20c4a8f20be02,4e7656e34357b93f14b40c6400ca3f6e,delivered,2017-12-08 04:45:26,2017-12-12 03:50:30,2017-12-12 17:43:21,2018-01-09 18:04:58,2018-01-03 00:00:00
b7a4a9ecb1cd3ef6a3e36a48e200e3be,c3d8fc500d86b1c961ee144395c13a57,delivered,2017-05-19 18:13:54,2017-05-20 11:35:41,2017-05-30 12:43:50,2017-06-08 07:53:42,2017-06-16 00:00:00
59b32faedc12322c672e95ec3716d614,5baa82a2c45fa3220cb57d9881db3211,delivered,2018-06-27 11:10:11,2018-06-28 02:15:51,2018-06-28 14:57:00,2018-07-06 16:37:36,2018-07-26 00:00:00
c2215076050fa358934105b15c34cf3b,19e7a88b34ef70d108e660c6eb33e82a,delivered,2017-07-16 10:04:36,2017-07-16 10:15:15,2017-07-20 17:42:22,2017-07-26 20:32:17,2017-08-04 00:00:00
eafef0e6c44f121531569a69a318c3b3,084dab2db2bf5d42677b135e633a15ba,delivered,2017-11-29 13:03:33,2017-11-29 13:12:28,2017-12-04 19:18:09,2018-01-09 16:32:21,2017-12-27 00:00:00
95d9d2979d40161be87292ff88563cba,e4721b61e8d2b4b85d606809f6baa292,delivered,2018-06-07 23:42:37,2018-06-07 23:53:58,2018-06-08 14:15:00,2018-06-16 16:44:34,2018-06-26 00:00:00
a9b151f0c0471d9b2534fa73c9c0e123,2238c417bc745d8fa7d7389d8b22154b,delivered,2017-03-09 16:18:47,2017-03-09 16:18:47,2017-03-10 10:35:25,2017-03-16 12:45:39,2017-04-06 00:00:00
5e8d0f2f1e06e715aee3eefe4c175e52,743dd95aefb65359afe92a764748251a,delivered,2017-11-28 22:50:22,2017-11-28 23:10:56,2017-11-30 21:12:37,2017-12-26 17:38:50,2017-12-19 00:00:00
8187896518689722d7c05bfbaeed0933,c499f24d5aca03c90fa6ee05d32d0988,delivered,2017-11-29 14:11:10,2017-12-01 11:31:32,2017-12-01 18:11:50,2017-12-26 19:22:50,2017-12-22 00:00:00
ec9b762e44b1848fb62eab0de58e8abf,41712835c53897cb2647acd1022588dd,delivered,2018-08-02 14:43:34,2018-08-04 04:11:08,2018-08-07 10:34:00,2018-08-11 20:24:28,2018-08-13 00:00:00
5394217c78ea24ee2b377c043b6bd7d9,74bfc507b3ac32b750e60fffd04a02cc,delivered,2017-07-04 10:24:45,2017-07-04 10:35:09,2017-07-05 13:35:37,2017-07-06 15:43:30,2017-07-17 00:00:00
bf4072fdc2122c74befd6df427938cab,ba682ab005cd6617c7d3384aabf4a45b,delivered,2018-01-24 14:19:05,2018-01-24 15:16:16,2018-01-31 00:24:09,2018-02-05 21:18:42,2018-02-26 00:00:00
d8f57f08383291ef5fa6cb91dc1a4e02,061c2eb252b4e73472bb4f9e1169b43a,delivered,2018-02-05 08:33:27,2018-02-06 04:32:45,2018-02-07 14:24:12,2018-02-15 18:04:52,2018-03-06 00:00:00
ee1c259624feb697ba9a84a268f77cfa,1d877053716a2f3be7e0c13096eb75f1,shipped,2018-02-22 19:22:04,2018-02-22 19:35:26,2018-02-23 20:47:18,,2018-03-19 00:00:00
d5a9c802f335dab69b88e69434d0dd43,8078795898cf354a167e8832f263774f,delivered,2018-03-08 11:38:27,2018-03-08 11:50:46,2018-03-09 22:58:46,2018-04-17 18:48:22,2018-04-02 00:00:00
74a243809fa8841223db188cbcc488ab,6d8642f4096c5670ea62758a8c921a7f,delivered,2018-01-10 11:22:49,2018-01-10 11:33:23,2018-01-15 16:24:06,2018-02-07 14:13:10,2018-02-21 00:00:00
00a77f9cc25b05b2004752593d7b8888,acb6cc6ec99086b8b53c858a0731c189,delivered,2017-06-22 19:53:24,2017-06-22 20:05:22,2017-06-23 12:33:16,2017-07-07 21:45:44,2017-07-14 00:00:00
7a268da1c6173cf3d0847a89afdaf84e,293407b5065d8fd7fa7077179c1cca3b,delivered,2018-07-23 19:10:00,2018-07-24 10:31:39,2018-07-24 13:54:00,2018-08-14 17:21:32,2018-08-10 00:00:00
dd501072091c950a1e6bb5ea9182df2a,345498125da8b61f64def813c4a2db79,delivered,2018-03-12 13:32:14,2018-03-12 14:08:39,2018-03-26 19:04:26,2018-05-14 15:18:58,2018-05-02 00:00:00
e639eb028398f98b7958207b2a45684c,4cbe7cdb500ac94cf673f67c9f28d8c3,delivered,2018-03-03 09:57:04,2018-03-05 14:20:25,2018-03-09 22:24:48,2018-03-21 23:26:46,2018-04-06 00:00:00
4c8c092a897404409eb4858b2c35f100,a82a9ed42b002098621df8124fefd4ff,delivered,2018-08-07 08:40:31,2018-08-07 08:50:16,2018-08-13 12:42:00,2018-08-14 17:51:20,2018-08-10 00:00:00
2f30c0b1905c65a8ff6c6358bc909625,e963d0e4f815dcd28b135d7d340ec51a,unavailable,2017-12-08 09:32:48,2017-12-09 13:30:49,,,2018-01-03 00:00:00
e2beeb3a428f811804079bc11b23c0c0,31665bd5bc542687ab54c9fd9ed9917b,processing,2017-12-28 12:46:11,2017-12-28 12:54:49,,,2018-01-24 00:00:00
67174eff886029c2cc97d11c74eea9a7,6f8a90f42a1120e42bf3db98b595040f,delivered,2017-11-25 12:47:46,2017-11-27 21:51:28,2017-11-29 16:19:03,2017-12-10 21:06:16,2017-12-26 00:00:00
f8c9df743a18aeeedd550486dbe39689,ff4512b27e3f8d9774f6e01ceb951035,delivered,2018-06-07 17:52:27,2018-06-07 18:17:22,2018-06-08 09:58:00,2018-06-19 15:58:51,2018-07-11 00:00:00
c2dccf148a1561c27d90870e67e507ca,3b92ef3cb3cb54cc1e20bf7f23c6027c,delivered,2017-09-04 19:27:44,2017-09-04 19:35:14,2017-09-08 16:38:08,2017-09-19 18:08:26,2017-09-25 00:00:00
6d6dab0b5b471af95c0b7a114b5242f4,9f7be3ecb950aed145871dd613cbb06a,delivered,2018-01-03 00:43:53,2018-01-03 17:11:28,2018-01-05 13:12:50,2018-01-09 18:25:49,2018-01-26 00:00:00
28261c529e96c64f072a17b839812d63,2dbd4a021efca34f591c4bee3a821161,delivered,2017-09-18 15:41:27,2017-09-18 15:50:26,2017-09-20 13:29:00,2017-09-25 21:33:03,2017-09-28 00:00:00
c16256c7228171d97729420953ec9536,1023dd567f41a452ce0c70f981369c63,delivered,2017-12-08 00:54:23,2017-12-08 01:32:38,2017-12-08 23:57:19,2017-12-18 21:35:52,2018-01-08 00:00:00
83df1c60b1394882b9a376fa1ddd152c,7c877977fd808529b66886f0ff111575,delivered,2017-06-03 15:30:37,2017-06-03 15:42:03,2017-06-06 15:05:54,2017-07-05 15:39:44,2017-06-28 00:00:00
b7be5e58fd37e6165dbb39e8362c8446,021ed85d23b734289c4dd0c827a3559e,unavailable,2017-06-29 18:07:49,2017-06-29 18:23:47,,,2017-08-02 00:00:00
dacce96767ea2ce331e38a5ebcac5f25,315f814caff07be0d7cf52346a07adf1,delivered,2018-01-13 18:32:59,2018-01-13 18:49:53,2018-01-19 14:52:00,2018-01-27 12:48:58,2018-02-09 00:00:00
59969aa08998ef1dda379be25f84a6bf,666b6fa78c58b89047e516058ffaab77,delivered,2017-04-09 13:47:43,2017-04-09 14:04:57,2017-04-10 13:29:28,2017-04-17 19:03:15,2017-05-02 00:00:00
1b60d2efd91abb75b6a78ba9041a3f15,22db58570a862e5c0f00125981ddf293,delivered,2017-11-06 14:17:00,2017-11-06 15:31:06,2017-11-08 20:26:48,2017-11-24 23:27:54,2017-12-01 00:00:00
c1049eef89915c6beb3604bf3d6588d7,ed16865bcadcea1a00a928bf418a74bf,canceled,2018-02-05 23:08:11,2018-02-05 23:29:26,2018-02-09 22:13:01,,2018-03-07 00:00:00
d905856c062516e1bd43377034e5c615,5f174de9b3c05f164681fb0f3e47f453,delivered,2017-09-20 18:34:24,2017-09-20 18:45:41,2017-09-21 17:34:06,2017-11-03 12:32:33,2017-10-11 00:00:00
bb82d1c94323c38a3d8124414a6a5ca5,3aac1b9595d8ad08680f3d00d5afc432,shipped,2017-07-30 17:09:00,2017-08-02 02:34:10,2017-08-07 12:32:08,,2017-08-30 00:00:00
48ad3f692af89318f508cd0b50f68b41,1c5c0870a06762e283d8939e79241a4c,delivered,2017-03-26 17:05:31,2017-03-26 17:15:15,2017-03-28 12:28:14,2017-04-03 16:51:59,2017-04-13 00:00:00
a785f992778e63bfb3b2288b684217a2,3902d933b5018c132ea3fb1db8d8762e,delivered,2017-10-22 14:46:44,2017-10-22 14:56:18,2017-10-23 14:44:12,2017-10-30 19:29:35,2017-11-09 00:00:00
23d42019f5dad56f22fc05644f13b3fb,61d9efa8dc12c7bc61c2a3a7ae74fdf6,delivered,2018-02-21 15:23:21,2018-02-22 02:10:38,2018-02-23 22:32:15,2018-03-08 10:24:53,2018-03-19 00:00:00
6241cda1675cb9e42e0a934f7c71812a,8b28d65024bde74b024ae8c9326adf50,delivered,2017-08-03 12:52:45,2017-08-03 14:50:15,2017-08-08 21:47:32,2017-08-23 01:23:37,2017-08-25 00:00:00
e6f4802ce2213981609f7384568b3a1d,25766e8a0df0553dc9010f3eca6dfacd,delivered,2017-08-24 10:08:04,2017-08-24 10:24:32,2017-09-13 16:17:00,2017-09-20 20:15:48,2017-09-18 00:00:00
8fccc7922426ac1c14efd13857e57bff,32834f417c58e990729ae8a42aee0a1a,delivered,2017-03-19 17:02:45,2017-03-19 17:02:45,2017-03-24 10:07:35,2017-03-29 09:56:14,2017-04-10 00:00:00
5e42950b6aa90d698e75af4e41641386,c9fe1c67c4d2d851dd6d1a81751636a2,delivered,2017-05-11 16:21:10,2017-05-11 16:35:09,2017-05-16 15:29:09,2017-06-27 09:32:09,2017-06-14 00:00:00
bef875448d5a4f703555d2dd5f8382b5,4a6f6cd7b3fa8d3f9a370adfdad0fa97,canceled,2018-01-23 09:48:56,2018-01-23 10:20:10,2018-01-24 21:04:56,,2018-02-22 00:00:00
ca0b30de0e60967b91fd5366743ba643,fcdd6eb28f7ee1db301d1175f0a7b392,delivered,2017-10-31 11:15:17,2017-10-31 11:30:41,2017-11-01 19:12:23,2017-11-07 17:44:04,2017-11-08 00:00:00
add917dceddf24259c12174aba0159f2,8649595b9d01b639788a38ecf1a1ce06,delivered,2017-12-20 11:20:14,2017-12-20 11:51:46,2017-12-21 21:19:07,2018-01-04 20:39:00,2018-01-22 00:00:00
37b1281795f5155c913abe0c05f43b4a,8fbd5b048cd28151d592f67319423ae8,delivered,2018-04-02 20:19:13,2018-04-02 20:30:39,2018-04-03 19:51:40,2018-05-04 17:08:46,2018-04-30 00:00:00
a4ca2ef2db84bd36005b60249c9600d7,ddac89832685bb48ae7c04d0079da1ea,delivered,2018-07-14 20:21:30,2018-07-14 20:30:32,2018-08-02 07:17:00,2018-08-08 23:50:47,2018-08-06 00:00:00
ec9f9865708006552e26ff7a0e56738b,ceab1b83992b155eb6d4dc4f94156c3e,delivered,2017-09-22 13:43:56,2017-09-22 14:42:11,2017-09-25 20:25:05,2017-10-04 23:37:52,2017-10-23 00:00:00
2c0e90a2bdcffa59af23fe752aa40541,8dc0322817620f287ac81305111678af,delivered,2018-04-28 21:31:30,2018-05-01 06:12:53,2018-05-02 16:58:00,2018-06-15 16:08:49,2018-05-28 00:00:00
6d4dd79bee1e2a93f09c9501c2ff87e7,08226425318d264796a7b7e32b9a1bf3,delivered,2017-11-24 12:47:44,2017-11-24 15:14:34,2017-11-29 23:12:16,2017-12-29 17:56:26,2017-12-14 00:00:00
6fb61aa0a0b7b2095b397d85d36693c5,6476f290769184b3ee9d2666d7178073,delivered,2018-02-26 10:03:54,2018-02-26 11:21:40,2018-02-28 10:42:17,2018-03-08 18:57:34,2018-03-21 00:00:00
dba5062fbda3af4fb6c33b1e040ca38f,964a6df3d9bdf60fe3e7b8bb69ed893a,created,2018-02-09 17:21:04,,,,2018-03-07 00:00:00
1591f1de66fc6657c009d107db35c4d2,04361b218639fa1eea85ab84aebcab7f,delivered,2018-02-08 19:43:13,2018-02-08 19:55:26,2018-02-14 15:30:44,2018-02-24 13:53:26,2018-03-07 00:00:00
87035570c6fd0cc3421349131411fdfe,848a74f166dd8555ddff084687ccf394,delivered,2018-06-22 22:39:55,2018-06-23 01:40:00,2018-06-25 08:05:00,2018-06-28 22:14:32,2018-07-16 00:00:00
44e5526a372b341ea535cb50b86eb7f1,45fee17cffb3963103972ea429d0d28b,delivered,2017-12-23 18:43:15,2017-12-27 04:14:52,2018-01-03 21:07:00,2018-01-04 16:04:38,2018-01-15 00:00:00
fea523ebb7e205d346f445544e0a18fd,fbf15dd7058613351fcd0f821a222933,delivered,2018-08-17 12:46:57,2018-08-17 14:15:18,2018-08-17 13:35:00,2018-08-24 22:12:54,2018-09-05 00:00:00
39dbaa2c58bbe0be46bc4a525f24eda6,f5f3d53331563428fe4ab339f29757d1,delivered,2017-08-31 17:56:08,2017-08-31 18:05:23,2017-09-01 18:57:46,2017-09-15 21:52:08,2017-09-22 00:00:00
1769cdad44f0f8456b101d679f33c9f1,404e67122d00aaf4e82413c0355aca9d,shipped,2018-03-31 17:22:04,2018-03-31 17:35:08,2018-04-05 00:20:54,,2018-05-16 00:00:00
4483bebac87f089540f2e5be0a6589f6,10b7134ae8b326cdb2d42aedd3093bc7,shipped,2017-08-18 18:38:54,2017-08-18 18:50:19,2017-08-21 14:13:59,,2017-09-12 00:00:00
a0d5633fe92946ea39b59d2fd89d249c,2936a5186c34f7fa84440ad1a34d385a,delivered,2017-12-28 15:32:45,2017-12-28 15:47:35,2018-01-05 22:59:18,2018-01-16 22:13:29,2018-01-30 00:00:00
5a528ee290cb0fa6e22acf467ea33c09,f09d58eff599c9908ddf3a4ea15e6348,delivered,2017-03-13 16:15:38,2017-03-13 16:15:38,2017-03-14 06:21:52,2017-03-21 16:15:16,2017-04-04 00:00:00
ec88157ad03aa203c3fdfe7bace5ab6b,1642b8087a8ca0c8592becff7e183c98,delivered,2017-12-15 13:01:26,2017-12-15 13:13:11,2017-12-16 15:12:25,2017-12-21 00:32:46,2018-01-04 00:00:00
f4dcd6f5120e9e46509a58be9e7462f2,c61f5ec2a237a476d50b5194f90af516,shipped,2018-08-02 16:04:26,2018-08-03 02:50:36,2018-08-03 14:34:00,,2018-08-15 00:00:00
bb6a7f8cd819560d278d618a0673dd4b,17650d8fd018ca863381864aa56161fc,delivered,2017-09-19 10:33:10,2017-09-19 11:04:41,2017-09-21 19:43:23,2017-09-25 17:15:47,2017-10-05 00:00:00
94ab04bddd7b1b7e183c95cce062c3f5,eaa1126189a8602421bc4c206273ff41,delivered,2017-07-05 17:00:12,2017-07-08 00:10:26,2017-07-10 12:22:12,2017-07-26 17:36:55,2017-08-04 00:00:00
e72e22dce48aaee824371b8e02641f15,d1ea8164411774eb6b46718f894eaace,delivered,2017-10-16 10:31:44,2017-10-16 10:49:22,2017-10-19 20:37:46,2017-10-25 21:37:54,2017-11-03 00:00:00
acbcf9f01dae9955841ae74fa15840fc,ab3f362c25285fc675fce6743239026b,delivered,2017-12-06 10:42:54,2017-12-06 11:31:04,2017-12-12 17:57:46,2017-12-28 15:53:38,2018-01-03 00:00:00
097dcfb34c6a0d697daa747d943dc1e8,465b31d7c23135270135b437d3d15fdb,delivered,2018-03-18 17:44:13,2018-03-18 18:08:00,2018-03-19 20:38:10,2018-03-23 01:20:59,2018-04-02 00:00:00
19428d94d47ebaa715faa60f63186de6,35305c48e57a6259af306e3f2c9fb553,delivered,2018-01-29 11:30:46,2018-01-29 12:00:23,2018-01-31 21:13:23,2018-03-02 19:07:20,2018-03-13 00:00:00
759f94e96d5f349e21653a23e4104bf9,3cddce665511ae4a0a9dab14c29a0486,delivered,2017-12-24 19:46:42,2017-12-27 04:09:30,2017-12-27 18:32:33,2018-01-08 18:49:19,2018-01-16 00:00:00
5b93109649fd0855758bb61ef5fc3d37,90a58b8dfd590f9303aab89bfb08a33b,delivered,2018-04-10 17:50:13,2018-04-10 18:09:12,2018-04-11 17:03:27,2018-04-25 22:37:27,2018-05-07 00:00:00
6768cb78210385f2578f95a1329fe903,3c278b64635e0f03e12d2dc862f49e72,delivered,2017-12-12 21:08:28,2017-12-12 21:31:16,2017-12-14 16:43:40,2018-01-04 17:09:58,2018-01-10 00:00:00
24197cf765af52797f30b528ab2af7ea,5d83fb6702300aee684f3e30a1682754,delivered,2017-03-31 16:18:40,2017-03-31 16:30:16,2017-04-03 09:41:33,2017-04-06 14:54:32,2017-04-20 00:00:00
b94d017913e0b697201de9ec22c23f46,cf48656f8158483ef39e8c31b49d7033,delivered,2018-08-16 10:11:23,2018-08-17 03:31:08,2018-08-17 14:50:00,2018-08-20 19:54:35,2018-08-22 00:00:00
556c0a42a8e9e57a6e411701908f0fd3,caf48213c41ea6497001587eb1456a4d,delivered,2018-07-09 03:40:22,2018-07-09 03:50:07,2018-07-18 15:04:00,2018-07-23 13:08:31,2018-07-27 00:00:00
1662797f04736ea5acb5de67d5672fcc,c82367a413b58dcccbad4eb8a50e8945,delivered,2018-03-16 19:39:14,2018-03-16 19:55:22,2018-03-19 19:51:55,2018-04-05 20:59:37,2018-04-05 00:00:00
67769a73846d87e262821ff4761545d4,f158fc2fa2ef6499597207f4dcc7a6ed,delivered,2017-04-25 16:33:00,2017-04-25 16:45:16,2017-04-26 12:18:13,2017-05-02 11:14:41,2017-05-30 00:00:00
0f9dcd718955037bf65c97edcee390ff,1b0a218005553bbb622b569970807457,delivered,2018-06-26 23:44:15,2018-06-27 01:35:26,2018-06-28 14:35:00,2018-07-03 20:16:46,2018-07-25 00:00:00
5ca70501fc222cd2653be2b9993e4a8d,e0823accb8c5a10158bdb45081c58d68,delivered,2018-03-12 09:56:01,2018-03-12 10:15:50,2018-03-16 19:05:59,2018-04-20 16:18:47,2018-04-02 00:00:00
b87c9466fb7a6b04a632222b07c1922d,f69987b9f125768a2cf3243679536a80,delivered,2017-09-15 11:59:48,2017-09-15 12:10:17,2017-10-10 19:39:53,2017-10-20 21:42:47,2017-10-04 00:00:00
5abf37ab57e23f69a9c8ab98c4800273,19a045432879d6ddb4fd5611a0e2ba5b,canceled,2018-01-28 00:25:15,2018-01-28 00:36:35,2018-02-01 20:07:57,,2018-02-20 00:00:00
d265c4938775151455ccd396e3261cf3,2dc3ac5aa15ab1f73e0a967eee09c436,delivered,2017-05-20 00:19:41,2017-05-20 01:22:47,2017-05-24 10:57:58,2017-06-01 15:09:42,2017-06-20 00:00:00
d40dbedba7f8e8c83567c4096c8ab8c1,1212da3795e784371c8305d0e0dae7f8,delivered,2018-04-03 11:34:06,2018-04-03 11:49:04,2018-04-05 00:21:45,2018-04-11 00:47:42,2018-04-26 00:00:00
a97db97f3de8482639f040b8e6a81be3,e07998356beee5173909c8a6df66b48b,delivered,2018-03-01 02:46:15,2018-03-01 02:55:29,2018-03-15 01:58:41,2018-03-27 19:27:43,2018-03-19 00:00:00
4ba72cb793dc362c1195e6237b2c936f,61bc2c21e6442ddfeec440244439068a,delivered,2018-04-17 21:21:49,2018-04-17 21:31:01,2018-04-19 22:41:17,2018-06-07 19:43:45,2018-05-16 00:00:00
0f7384f686835a44a5051256f65b5b8e,50984928ebfb25a78ae17e6f74947d2f,delivered,2018-02-15 21:07:09,2018-02-16 11:50:29,2018-02-22 20:29:00,2018-03-07 17:08:41,2018-03-19 00:00:00
cf95215a722f3ebf29e6bbab87a29e61,e2a8d07201639004b090670ce5efe355,delivered,2017-08-25 17:14:15,2017-08-25 17:30:13,2017-08-28 13:14:14,2017-09-04 20:13:06,2017-09-15 00:00:00
d5b96096b282a551c36fc1d4a9bb2f75,a8c3aa97105dafd8f641edcb5cf6a341,delivered,2018-04-30 22:12:33,2018-05-01 03:32:37,2018-05-03 15:12:00,2018-05-15 15:28:57,2018-05-25 00:00:00
b52571bcd79c8d0e16272c548228a5a4,cf3772ed0c2c62f2411ec6bafa1be74c,delivered,2017-12-06 10:51:17,2017-12-06 11:14:49,2017-12-11 14:49:21,2017-12-26 20:49:01,2018-01-03 00:00:00
bcbd3afc999b3fa9dbd61efb370239dd,87394943aaa0bdfb58be8462b549eb95,delivered,2018-08-16 12:31:47,2018-08-18 02:50:15,2018-08-20 19:02:00,2018-08-23 04:13:29,2018-08-22 00:00:00
3dfb50022bb703d781966370133ed7a5,e0ef4d2528118e7e4798cfac790e0afe,delivered,2018-02-07 00:09:11,2018-02-07 00:30:42,2018-02-07 19:54:42,2018-02-27 02:52:21,2018-03-12 00:00:00
e884a5f13002803a9e393c21d0c1b257,cb6967ba89bf0c0146e4cb9eeb5b440d,delivered,2017-08-16 13:10:41,2017-08-16 13:30:18,2017-08-18 13:44:40,2017-09-05 17:00:13,2017-09-18 00:00:00
df173dfd3b854c43b8cb8b73c5dbcd15,3f3d6985591aaa8288b1975674698342,delivered,2018-03-18 00:23:20,2018-03-20 03:08:29,2018-03-21 19:04:08,2018-04-04 16:50:51,2018-04-05 00:00:00
c71145d06b89602679deb5e8a297f10b,9fcecafb0c3710ed3c64e9ea175ce250,shipped,2018-04-05 19:38:05,2018-04-06 19:30:22,2018-04-09 17:41:52,,2018-04-27 00:00:00
3c0b55362db9e4d58bc57e08f27bc7f7,810a1114071535cd94e036517d4f95d7,delivered,2018-05-24 10:08:31,2018-05-24 10:33:05,2018-06-04 05:22:00,2018-07-11 15:54:47,2018-07-02 00:00:00
07b9210fa8f57b996c79cb931e817393,fd53366df6136213ab393be0c5e2802f,shipped,2018-01-25 03:24:05,2018-01-26 03:16:50,2018-01-26 21:03:50,,2018-02-22 00:00:00
cc0c2816e800ee2d10ad0d51f37ab289,c2da460f1f7e4a5023452f6bfa2ae656,delivered,2018-07-17 15:36:30,2018-07-17 15:45:29,2018-07-26 11:05:00,2018-07-31 22:12:24,2018-08-10 00:00:00
873950bfe2dcc227baea5f82f8f2a438,b17c7301c206c221fb2ee6552862dd32,delivered,2017-11-11 12:36:42,2017-11-11 12:50:46,2017-11-13 17:55:05,2017-11-15 12:54:40,2017-11-27 00:00:00
8e084e8efad16f27d7f26e71af985ce2,bd3d0f3d1788cdcc21aa86f223d60b7b,delivered,2018-03-07 22:11:46,2018-03-07 22:28:33,2018-03-08 16:38:48,2018-04-12 16:03:37,2018-04-03 00:00:00
1ca238d5d47be7f4da4d8d22f33ed7ca,bf57e3659efaa70a4a20f40a78618259,delivered,2017-03-09 23:42:58,2017-03-09 23:42:58,2017-03-13 09:31:17,2017-03-16 11:39:04,2017-04-04 00:00:00
7fece9c7487cb93f6d37df78e2283d07,e34c642add1c46f0904e95997afac775,shipped,2018-04-11 21:29:11,2018-04-12 11:15:25,2018-04-12 22:54:26,,2018-05-10 00:00:00
a46e7e8e02915adecb392ad065121a51,0ef4273145d74465c180b6a9fbb9799b,delivered,2018-08-17 10:59:18,2018-08-18 10:50:41,2018-08-24 14:21:00,2018-08-29 20:03:26,2018-09-27 00:00:00
9674b842cc1b2c01f254872763800c1e,3652430bba4db0cca852f701651d7b9a,delivered,2018-07-31 16:19:44,2018-07-31 17:31:11,2018-08-01 13:16:00,2018-08-03 23:48:49,2018-08-07 00:00:00
2cce76800d1714350808d3b4c0a48d58,5030a4d1a017db1f978c6ea1260d1ac9,delivered,2017-05-20 16:37:21,2017-05-20 16:50:17,2017-05-23 14:28:46,2017-06-07 07:26:47,2017-06-14 00:00:00
26e91b596719ec194aaac895f6d2554b,0fc8fcca7eb5aa34b1dd8c4c0491d95e,delivered,2017-06-22 16:38:20,2017-06-22 16:50:13,2017-07-06 10:07:40,2017-08-04 19:10:13,2017-07-19 00:00:00
908e9be16fe93027637f6ffadae3bd15,fcf34db4bf62be566ac41f0e19c1ae48,delivered,2017-03-13 13:33:07,2017-03-13 13:33:07,2017-03-16 15:17:36,2017-03-22 09:14:59,2017-03-30 00:00:00
3213c825fd43c3d2aa27fed77ef29519,0793d48afb00826267d39338071213d1,shipped,2018-08-07 21:40:46,2018-08-08 14:35:16,2018-08-09 14:06:00,,2018-08-10 00:00:00
3e721650e845549cd3268a5749f843fb,387f1a0d6f1e26985d57745d0f7d6e71,delivered,2017-12-14 18:34:09,2017-12-14 18:52:15,2018-01-09 15:25:40,2018-01-09 21:46:31,2018-01-19 00:00:00
9bd01f4522f8744273b5261450ee0c5e,3318f25e21adfc925030d4e0d82833e8,delivered,2017-11-10 17:40:29,2017-11-10 17:56:09,2017-11-16 19:51:17,2017-12-26 14:33:43,2017-12-05 00:00:00
c0a44fead1bf940766c68e73c9224dd2,e40c5dc891386a1b077b5fbf99505e71,delivered,2017-07-24 20:56:42,2017-07-24 21:05:21,2017-07-26 19:49:53,2017-10-14 13:33:12,2017-08-17 00:00:00
8f95199a6809023bbfabcd9759bd04a1,49f554f189c9d30e865dbcd58efafee2,delivered,2017-11-29 16:42:28,2017-11-29 18:12:31,2017-11-30 16:39:11,2017-12-13 19:36:24,2017-12-26 00:00:00
80ef3cee33c2462dc72f8938e980a03e,c9eb9435ff687d924d0ea1741bd1a5a6,delivered,2018-06-23 21:46:52,2018-06-23 22:18:32,2018-06-28 11:22:00,2018-07-05 13:15:48,2018-07-20 00:00:00
d4938fbb008a69c486b8f17c96739905,1579af2301d214c58898416457287574,delivered,2018-06-22 11:48:30,2018-06-26 04:58:44,2018-06-27 11:31:00,2018-07-06 16:48:24,2018-07-25 00:00:00
e9c638926bb5ae1721803a4947acd5dc,9797bed4994ab39ad940b6e7b0c67536,delivered,2017-07-06 01:37:52,2017-07-06 01:45:11,2017-07-12 13:52:13,2017-07-27 20:16:39,2017-07-28 00:00:00
0a9c633395c19d5fa38b9e5313db37a6,13e0a2bb02a7e89185cb36c53db4473a,delivered,2018-03-01 21:21:22,2018-03-01 21:30:48,2018-03-02 19:52:12,2018-03-21 01:51:55,2018-03-22 00:00:00
d0f5d1785b4b1dd03967007b09457903,a8b1da1c1ea9d60a78b2c7efc08a9789,delivered,2018-03-09 20:47:26,2018-03-09 21:28:25,2018-03-12 18:18:34,2018-03-23 00:27:19,2018-03-27 00:00:00
965894a29e84a767db7030a6829aa075,09dfcfc2eb69eecaedfdb6855ca8301c,delivered,2018-07-02 19:51:20,2018-07-02 20:10:07,2018-07-03 12:16:00,2018-07-12 14:24:39,2018-08-06 00:00:00
27d17edfd5ccc5524ae9a11fa1d2daf9,a77b0439890bc483529d4452eedd68fd,delivered,2018-07-14 11:08:21,2018-07-14 11:24:06,2018-07-24 16:07:00,2018-08-07 12:47:30,2018-08-21 00:00:00
ca07593549f1816d26a572e06dc1eab6,75683a92331068e2d281b11a7866ba44,delivered,2017-02-21 23:31:27,2017-02-23 02:35:15,2017-03-08 13:47:46,2017-09-19 14:36:39,2017-03-22 00:00:00
f77e96b95a568b64ae8fbf7a413c3c4e,99a891c80e1eb56a251c6616d96468f2,shipped,2017-12-03 20:25:13,2017-12-05 20:16:23,2017-12-06 19:12:05,,2017-12-29 00:00:00
4a5a57c482bf855e998fb45fc1173c83,8ea391157fd58ef50df1378e29d36df7,delivered,2018-01-19 23:09:18,2018-01-19 23:18:27,2018-01-23 13:28:46,2018-01-31 21:12:11,2018-02-05 00:00:00
e73eff9d5a06990f389e11a7f731af85,60d825970926bc552c3299d2d1b5041a,delivered,2017-05-10 15:44:46,2017-05-10 16:02:20,2017-05-11 11:03:09,2017-05-17 06:47:37,2017-05-26 00:00:00
baf1b12b26680071c8851fc697020e62,2a5161ad7eaa9de4de0eea62824a56a3,shipped,2018-01-21 15:41:59,2018-01-22 13:52:37,2018-01-25 19:55:47,,2018-02-22 00:00:00
24257d104a3908bfd7b8bc9f6e1a2039,9957ecb94949e7bdbdf431e5d1388543,delivered,2017-08-03 20:07:27,2017-08-05 03:03:45,2017-08-09 17:52:51,2017-08-17 20:06:11,2017-08-29 00:00:00
ae22bdc244206a1adac2358b09ad3ab0,546d06c8790d8835a3691951da4ef54e,delivered,2018-07-20 23:01:59,2018-07-20 23:15:11,2018-07-24 10:28:00,2018-07-30 21:22:46,2018-08-24 00:00:00
2326391ae5a49ca43aec4e487b6a2d38,aba5afb5ab39f4d5719cba15a070d5e7,shipped,2018-05-15 18:06:09,2018-05-15 18:34:39,2018-05-17 12:33:00,,2018-06-05 00:00:00
2717f8342150ce1ceff315167e350ad8,87e46a17040d87c365304152769daec1,delivered,2017-06-03 13:13:42,2017-06-03 13:25:12,2017-06-08 15:22:16,2017-06-19 16:05:27,2017-06-26 00:00:00
fce519e8efb0019251a9379e9bd86a0c,0093a68265f18be3adbbe054dc4c9295,shipped,2017-07-25 23:39:24,2017-07-25 23:50:15,2017-08-01 19:32:45,,2017-08-07 00:00:00
e80d26af187e86a23accb193a999be40,591b9ee746511d856a9341b7e87fbfe0,delivered,2018-07-14 10:37:55,2018-07-14 10:50:10,2018-07-31 14:10:00,2018-08-15 18:04:16,2018-08-06 00:00:00
3a64848764705419900d8390cb2ed7cb,d6dea36a07b3602c55b6645d48473b0b,delivered,2017-12-04 10:07:57,2017-12-05 10:03:15,2017-12-08 17:33:49,2018-01-17 16:42:01,2018-01-05 00:00:00
2c2ad0e6636d842e7f1eead45cdc6065,89b38155c3932e00912173b7aef3dc94,delivered,2018-03-15 14:53:01,2018-03-17 02:45:46,2018-03-19 19:38:41,2018-04-24 16:49:47,2018-04-05 00:00:00
5aaecad5e5cba1ebc5ba1d2b22c98d7a,0fe3d243c3ea2f71639a95f24c2fbcdb,delivered,2018-07-13 21:47:16,2018-07-13 22:04:08,2018-07-16 14:39:00,2018-07-25 18:11:52,2018-08-07 00:00:00
7582b8c10039cceafcfe7b13e41a91e2,57bb0f2ff265139687180b2fb387e198,canceled,2018-02-07 14:27:34,2018-02-07 14:35:40,2018-02-10 14:08:59,,2018-03-08 00:00:00
ac1ba3d6cc5dbfbe4ebb5db9d2039bcc,d3625a7c916105c686352ba67f8a0ce7,delivered,2017-10-29 13:40:05,2017-10-31 03:55:16,2017-10-31 16:53:13,2017-12-05 00:16:34,2017-11-29 00:00:00
20a13178dae2376d9e14f7599f05400c,523d292f4dc9c15df9ffab89d898e888,delivered,2017-11-27 07:16:47,2017-11-27 07:30:23,2017-11-28 20:38:59,2017-12-04 19:05:19,2017-12-11 00:00:00
333949e8d3532d52be513adc226bc7a5,7eac6328884607e8dd6a1023cda571af,delivered,2018-05-17 16:39:45,2018-05-18 04:55:22,2018-05-18 10:48:00,2018-06-13 15:44:36,2018-06-07 00:00:00
171398a0cd843c65ac78aee9e05a1f49,f0244902c07b7c0799e468218579a925,delivered,2017-01-18 16:07:37,2017-01-18 16:15:20,2017-01-23 10:02:30,2017-02-03 12:51:58,2017-03-20 00:00:00
c21e65a4acbd5b33beb95820d4894e22,6f9f9f498ccdd625cb0b6d623957fefe,invoiced,2017-11-24 11:17:26,2017-11-24 13:16:37,,,2017-12-18 00:00:00
8d1177e3fcee9f6f1985cc468d87a7d1,24867a30fb114e68f333a0645f923497,delivered,2017-12-09 17:59:47,2017-12-09 18:10:44,2017-12-14 13:33:06,2018-01-04 23:32:54,2018-01-12 00:00:00
2934eab588f70ed4ddd8e9f4abf517fb,a0a5920f042973b2e96268dfea798a0a,delivered,2017-05-28 02:29:51,2017-05-29 03:30:05,2017-05-31 10:58:05,2017-06-02 15:33:17,2017-06-27 00:00:00
6e4f6fdc70c0d961b8597e98430b8d4f,ee0285bcfb8ab655fd93f2275a1c6321,shipped,2017-05-07 23:32:33,2017-05-07 23:42:04,2017-05-15 14:03:59,,2017-06-08 00:00:00
760de0e8fab552d849d1b3055ed21fd5,abeb1efb87a1a62662735ef66bd2f1f8,delivered,2018-02-19 10:17:05,2018-02-20 07:10:58,2018-02-21 13:25:07,2018-03-01 15:54:21,2018-03-09 00:00:00
6836f681dde1414dbb28f92af526ae2b,94141c62a5e4b28c99d32c74905ec09e,delivered,2018-01-23 17:37:32,2018-01-25 02:58:09,2018-01-25 23:34:22,2018-02-06 19:25:14,2018-02-19 00:00:00
3a5271b57335b6f18985d213924b3ca0,53885730087107b7a4dd579001c918e6,delivered,2017-05-24 12:43:47,2017-05-26 02:25:25,2017-05-26 16:12:42,2017-06-08 14:22:22,2017-06-13 00:00:00
9af75af133e554afc286c77a5684cd6d,5d1fe77e26f6db69ffcc7075b48d966a,delivered,2018-01-10 10:27:04,2018-01-11 03:31:18,2018-01-11 15:10:48,2018-02-01 20:49:48,2018-02-07 00:00:00
c4583fb919a75c51dfb38e60c34d29c2,d3acdc18008e13a0f4c767063ba01780,delivered,2017-07-14 17:52:27,2017-07-14 18:05:44,2017-07-18 18:43:50,2017-08-01 10:07:27,2017-08-07 00:00:00
6684a2469619cc89b92f6065a0fdccb8,c3a918fdab36d16fc128d5327f1f7be1,delivered,2018-02-06 00:05:32,2018-02-06 00:15:37,2018-02-14 19:06:33,2018-02-15 17:53:47,2018-02-22 00:00:00
feedf8f109c19b01f36d6d87eb1e5dbc,1fcba89e5e84c66022ab9c144cd9d461,delivered,2018-05-21 22:01:13,2018-05-22 00:57:17,2018-06-04 16:03:00,2018-06-21 15:11:52,2018-06-18 00:00:00
574accd5d1addd79bc32cb3effecf05b,e608980439b12edb850750947d887089,delivered,2017-11-26 17:52:26,2017-11-28 17:55:32,2017-11-29 23:22:14,2017-12-08 19:49:42,2017-12-21 00:00:00
e706765d0ab55ce790c7713ddc4e1ecf,2376cdfca9eb8eed042914e8705728b9,delivered,2017-05-01 10:20:06,2017-05-01 10:30:14,2017-05-04 13:10:01,2017-07-08 12:53:25,2017-05-25 00:00:00
41fecd3ee080963d54b99007e1393f97,c612eae35f6ecdff3b2f877149881c38,delivered,2018-02-21 17:01:32,2018-02-21 17:10:35,2018-02-26 14:25:56,2018-03-19 20:08:48,2018-03-15 00:00:00
62c0ac109b07c5ee88e4af0defbcd93a,5184b8a8ed32a5a2fd1ec17cb443f3ef,delivered,2018-01-06 19:09:04,2018-01-07 19:07:03,2018-01-08 19:14:18,2018-02-05 20:54:29,2018-02-09 00:00:00
3c21823fb08a6a2ff770877efffb1c1a,6471522ef0977f7402fcc46ae568c083,delivered,2018-02-08 21:58:29,2018-02-08 22:10:34,2018-02-14 22:43:46,2018-02-18 15:48:56,2018-03-02 00:00:00
fb52772040f4324904abfd196ab908f8,f42e699878e3e99189d663c0818b7006,delivered,2018-04-02 14:55:04,2018-04-02 15:11:50,2018-04-03 17:21:40,2018-05-02 16:52:25,2018-04-18 00:00:00
a722dd5ab3a3cf4065a47d75a502fdab,9f8713bb5653423221f0c56370f9b12d,delivered,2018-04-02 14:56:53,2018-04-02 15:11:53,2018-04-04 03:18:34,2018-04-10 22:52:48,2018-05-07 00:00:00
e739161210dba9b6debb04897d5e7046,41bc36cdf2c5f07894056a60617db329,delivered,2018-01-03 21:07:26,2018-01-03 21:26:56,2018-01-04 21:22:31,2018-02-01 19:55:19,2018-02-06 00:00:00
a3b2201d0e95f595df90c26c8dae015f,61b5bd939044332625d8373f774a10b3,delivered,2018-01-12 19:43:25,2018-01-12 19:52:28,2018-01-16 22:21:35,2018-01-28 13:16:42,2018-02-07 00:00:00
d27cfc6c8d78bf11f6a4718f21ef6b01,1b4619c88bc267fa3b710ac3ca68800a,delivered,2017-02-20 16:53:03,2017-02-20 17:05:12,2017-03-02 08:27:02,2017-03-09 06:08:01,2017-03-29 00:00:00
38422d02f6afe2fd7a700d046a3cabee,e9d57c4662295c8b41c050d116d90a04,shipped,2018-05-22 15:04:49,2018-05-22 15:15:27,2018-05-23 12:55:00,,2018-06-08 00:00:00
16bd72af325ac043d6194e490e2f0f06,e2ecb4130f7ce2e893ae9c42c9af19ba,shipped,2018-04-29 13:02:12,2018-04-29 13:15:26,2018-04-30 16:40:00,,2018-05-29 00:00:00
b316ba513e4b801aada1b9a255b327d6,eb5fd8197c73f714f2e41223565baff7,delivered,2018-02-23 08:59:16,2018-02-23 14:36:40,2018-03-02 13:24:14,2018-04-18 21:11:39,2018-03-26 00:00:00
0e78cb0dc0e9e34f24bab8c86de949f1,c94af12e653bc8bd263bb56c2573c36f,delivered,2018-07-29 19:48:57,2018-07-29 20:04:38,2018-07-30 13:10:00,2018-08-02 19:36:45,2018-08-22 00:00:00
71c0d1686c9b5556355dc29a0f5cf8dd,076523f7baf4359c0728c0bee2d8ccc1,delivered,2017-11-26 19:11:20,2017-11-26 19:33:42,2017-12-07 22:22:48,2017-12-12 18:05:54,2017-12-21 00:00:00
ada8c993c9ef5f3e6705c9ea4af1a1d9,e5774bc03685e61b1a33c24e43e28a3c,invoiced,2017-04-24 13:37:12,2017-04-24 13:50:22,,,2017-05-18 00:00:00
a84cd46a772fbff921cbcad46c4f5a53,941053d2f2f52d39856add833ef99ea0,delivered,2017-08-19 17:10:17,2017-08-20 17:15:21,2017-08-23 15:05:56,2017-09-04 18:59:45,2017-09-13 00:00:00
cf8ba1509b00eca37b08289371dbbf0d,6b17845b9378ecf3d2c326579c38b24a,delivered,2018-01-08 12:29:43,2018-01-08 12:38:56,2018-01-11 19:37:32,2018-01-25 13:57:49,2018-02-05 00:00:00
c3cf38b5ae4bba4ccb2082824d3066e0,fb082762e5a4e41cedcf439f6f7b32c0,delivered,2018-02-19 11:58:27,2018-02-20 07:30:54,2018-02-21 01:16:55,2018-02-26 18:11:50,2018-03-12 00:00:00
f0d9a9e5ae6be6b5b74b1d58208e6261,5ac3eedd22a6b9b50cf801e60e4fc8e7,delivered,2017-12-29 11:10:34,2017-12-29 11:27:32,2018-01-04 22:56:58,2018-02-08 20:33:29,2018-02-01 00:00:00
c776863a93dc0740c6e7d78104b21413,1710b798ebdc5db6665c815b90a64999,delivered,2016-10-10 15:01:27,2016-10-10 15:44:46,2016-11-14 07:41:23,2016-12-14 08:03:48,2016-12-14 00:00:00
c02d29676287677de34ae218da13f8d1,6c019a4320ddf32ebc05c0e33ffca560,delivered,2018-01-20 08:41:44,2018-01-20 09:16:25,2018-01-26 21:58:07,2018-01-31 22:16:40,2018-02-19 00:00:00
e889aad082e12cd57386cac961a62d61,de4530c0594a6deb2226a823d7f504de,delivered,2018-01-24 23:12:41,2018-01-24 23:32:51,2018-02-27 21:47:42,2018-03-05 23:53:11,2018-02-19 00:00:00
8cf161212f0485db7a520d56b5cc724e,50842fb323b23c7e7e2d14e083168335,delivered,2017-06-01 00:41:00,2017-06-01 01:35:20,2017-06-01 15:26:17,2017-06-08 13:50:14,2017-06-23 00:00:00
38c2ff711e43f0a1fbd53318ec252e21,7456ab2fe7a5eb4cfeba4c07cd2b9091,delivered,2018-05-07 11:26:23,2018-05-07 17:56:47,2018-05-08 09:58:00,2018-05-14 18:44:43,2018-05-29 00:00:00
b07f5a2d7ebcfcb4f2ea4c8ff180e81f,39c66c4d32b72e53ede5d7da77c72e57,delivered,2018-03-04 10:48:32,2018-03-04 11:10:36,2018-03-07 20:51:59,2018-04-02 17:08:42,2018-03-27 00:00:00
861fa2fc596992bd6ea8bbf16cce85a4,683bbbac6e389b506414f7153b7a0d0c,delivered,2017-05-27 22:15:25,2017-05-27 22:30:17,2017-05-29 09:41:10,2017-06-02 13:22:20,2017-06-21 00:00:00
139c8eebc7139b2a1d860e4ea3d98b80,8ee5d92401e446faa01e61bf3d546b51,delivered,2018-01-20 00:41:51,2018-01-23 03:52:41,2018-02-09 19:51:45,2018-02-20 18:46:42,2018-03-20 00:00:00
fbc0e39ffd844ed939344840824834d5,5d40e40a115412d6648b11a43456a255,delivered,2017-12-04 10:51:02,2017-12-04 16:31:11,2017-12-07 01:09:41,2017-12-11 20:57:49,2018-01-03 00:00:00
4684c8d4e250ac300b203b44658449a9,8d94fa91bea7233457b072d8cf215d09,delivered,2017-05-21 11:02:17,2017-05-21 11:10:21,2017-05-23 11:43:56,2017-05-29 13:35:45,2017-06-09 00:00:00
870262a84754d5ee151a8be2554a5bc6,4298216f047325fb69c2e6bf63e99c7b,delivered,2017-10-04 15:21:35,2017-10-04 15:35:22,2017-10-05 18:28:45,2017-10-18 21:25:51,2017-11-01 00:00:00
56740543d19104f08eee3703abfcfa59,4d31ce9c178f01b182e89b3b31c1d35c,delivered,2017-08-16 10:44:29,2017-08-16 11:24:25,2017-08-16 17:28:59,2017-08-23 14:23:49,2017-09-19 00:00:00
519e95ec3690f5210a76432619778e31,7fba84f2b4ba62e3ba53b7af60618507,delivered,2017-11-09 19:59:01,2017-11-11 02:55:42,2017-11-13 14:57:37,2017-11-23 20:09:26,2017-12-04 00:00:00
a146cb08a9ef742c36b2e4052d3a24b2,c1b9ff12f13a4f0d2c4c36b7089eaa93,delivered,2018-06-12 17:50:35,2018-06-12 18:28:21,2018-06-28 14:01:00,2018-07-03 12:18:51,2018-07-19 00:00:00
5f6b520cff06f23c77386b75976256e9,38e08b021ffa6f71de788a0e30c9c65a,delivered,2017-01-31 11:58:52,2017-02-01 02:55:08,2017-02-02 10:52:34,2017-02-07 17:27:57,2017-02-27 00:00:00
05cd156f0f47579a36d7a52724fc31b8,976224a95faf328b17654b1b1411d5e1,delivered,2017-01-14 18:27:28,2017-01-14 18:42:18,2017-01-16 06:42:20,2017-01-31 12:41:58,2017-02-24 00:00:00
fefacc66af859508bf1a7934eab1e97f,f48d464a0baaea338cb25f816991ab1f,delivered,2018-07-25 18:10:17,2018-07-27 04:05:13,2018-08-03 14:42:00,2018-08-15 14:57:50,2018-08-10 00:00:00
9cdc72b55b79350079c72ed8a2e8ee17,0145ffd2fcca22ddeebbcd95f7ad890e,delivered,2018-05-09 15:45:12,2018-05-09 16:16:28,2018-05-29 15:31:00,2018-05-30 18:48:23,2018-06-11 00:00:00
a079628ac8002126e75f86b0f87332e4,62d561a5b1260c4476fd985dcae3eb78,delivered,2018-04-24 10:19:45,2018-04-24 18:29:37,2018-04-25 12:30:00,2018-05-14 19:12:50,2018-05-29 00:00:00
314313f56bd89ca04231bb9378291806,c0982cbfc1f224dc1db422f982f4376a,delivered,2018-04-23 21:10:23,2018-04-24 19:06:33,2018-04-26 14:43:00,2018-05-03 22:26:48,2018-05-17 00:00:00
8dff5f86ffac550293fa1de6e64cfe08,82d7ba990758833f6b915a05d21f89a4,delivered,2018-05-22 23:33:43,2018-05-23 07:19:20,2018-05-23 12:10:00,2018-05-25 17:56:32,2018-05-30 00:00:00
561bf26c30573110a8a2d484985b3419,8d5305107c2a57b59469e502826f1571,delivered,2018-03-12 08:20:13,2018-03-12 08:35:39,2018-03-14 00:48:45,2018-03-22 22:14:56,2018-03-29 00:00:00
c143d4b65e016cb4f04c7a723a4f55ec,2885d1321f7811e7c2e04644eb2e0cdb,delivered,2018-03-30 21:13:36,2018-03-30 21:27:23,2018-04-03 14:35:49,2018-04-10 00:08:29,2018-04-24 00:00:00
397fc3f6922c5bc66bbb9701bd117b6d,7603f1a2c553061b4c6278c1f9165c49,delivered,2018-02-26 13:35:45,2018-02-26 13:49:44,2018-02-27 23:18:45,2018-03-08 23:58:23,2018-03-23 00:00:00
1d5685dc33b104f71bb3a8709255c729,684680c60a529be4948fb9373882b214,delivered,2018-07-20 01:22:03,2018-07-20 01:30:13,2018-07-24 08:30:00,2018-07-27 18:07:33,2018-08-03 00:00:00
7fb6586ab530ed69383ddde20ef388f9,b0d72b227b0caa8a7156db18f5cbe0f4,delivered,2018-03-02 10:22:22,2018-03-03 02:51:27,2018-03-08 12:59:51,2018-04-16 20:22:03,2018-03-26 00:00:00
c27a26005da9b758c804674cc9aa2da1,8e6507774d7c8987cc2b3a7cd0db2c9a,delivered,2017-02-27 20:35:32,2017-02-27 20:45:17,2017-03-02 08:57:56,2017-04-04 14:09:35,2017-03-30 00:00:00
cd94dbdc801da0cd93b0c8f33663973d,17ba50f54399b61694fbb138a3831d56,canceled,2018-02-21 20:54:45,2018-02-21 21:29:00,2018-02-24 00:21:47,,2018-03-15 00:00:00
e548f19535ce3b22126e497bcc5d6e16,d564beb5fac0483631d916413f96e666,delivered,2017-07-15 22:45:51,2017-07-18 05:55:18,2017-07-18 20:46:45,2017-07-21 16:57:45,2017-07-28 00:00:00
1a496064ceafeee379d9a37e8010e7e5,b588c83bac8f042810bd655d13b1ec2d,delivered,2017-08-28 16:14:45,2017-08-28 16:25:39,2017-08-31 12:22:13,2017-09-05 17:15:13,2017-09-22 00:00:00
779c5a7c2cd3e729d3195fce1837445c,e71bc052424770177302796c5867257a,delivered,2018-04-10 16:18:42,2018-04-11 21:09:42,2018-04-17 17:15:52,2018-05-12 01:18:28,2018-05-29 00:00:00
51aa2039fc98dc9e49bc883ead78ae54,b36a66381596ca6824c2ed8059e2a63c,shipped,2017-07-02 13:30:49,2017-07-02 13:43:40,2017-07-03 14:56:57,,2017-07-25 00:00:00
023faf5fac58639f7cf53cb7dd219859,affe45dfbbc85f104e46987acfae38b3,delivered,2018-01-14 20:18:38,2018-01-14 20:31:34,2018-01-20 10:45:40,2018-02-02 22:48:40,2018-02-06 00:00:00
815f08745d6a759deb919c5e1bce8301,d0cc28a5ac316de296f6cb3babc9e665,delivered,2018-02-08 09:41:47,2018-02-08 09:55:25,2018-02-09 19:35:15,2018-03-12 22:31:31,2018-03-07 00:00:00
03a3628434dd670dd5b9896337451c86,e4c8227df878d2e203bc81fc1351342f,delivered,2017-07-20 19:26:06,2017-07-20 19:35:21,2017-07-21 19:32:37,2017-08-01 16:46:56,2017-08-11 00:00:00
38ff29b6f54b264f8992081bcd3f3c6e,0eb44e1c1af5c72ed712162d28dc13f1,shipped,2018-04-28 17:51:24,2018-04-28 18:14:37,2018-05-08 08:06:00,,2018-05-23 00:00:00
7e28ace88f5848adf24d9771e1ca2a62,e7304df26c35ee85bb68efe843a1441a,shipped,2018-01-13 22:59:33,2018-01-13 23:09:10,2018-01-15 22:53:53,,2018-02-08 00:00:00
425c277055776f14d8d66b86692a6428,d7a2212037163cab1dbbc8901aec73f1,delivered,2017-10-27 13:13:07,2017-10-30 10:35:49,2017-10-30 20:36:39,2017-11-09 18:17:54,2017-11-21 00:00:00
ecb4506fc58364816a5133b8abf1f645,e181b4b143315372522c1c34b5eeebc8,delivered,2018-05-03 15:56:00,2018-05-04 15:55:23,2018-05-05 09:30:00,2018-06-20 11:23:29,2018-06-12 00:00:00
c2b0ee6a1e5f209275ed0f373614b9b2,b1ffde1bd138a338e8a12531e9493820,delivered,2018-03-13 16:55:48,2018-03-13 17:10:26,2018-03-14 22:58:45,2018-04-09 19:02:51,2018-04-04 00:00:00
9ae23540f2733800190476b85aa910cd,92dd4b87879a4dc3450ccfb6ae1932f2,shipped,2018-03-12 10:32:11,2018-03-12 11:15:38,2018-03-14 22:32:04,,2018-04-06 00:00:00
17825f24877a9289214c301ae0c9424b,9b8ce803689b3562defaad4613ef426f,delivered,2017-05-11 13:48:47,2017-05-13 11:55:16,2017-05-15 15:30:02,2017-06-07 12:02:14,2017-05-30 00:00:00
a2ccba6b49ba609c283317d2754b4fa4,97976723d84afda08b4bfc980d17e2f7,delivered,2017-12-11 12:09:34,2017-12-11 12:17:25,2017-12-11 20:28:52,2017-12-19 00:39:00,2018-01-11 00:00:00
759d3dd8671b3c60e168fbcef417a033,37c0ecd9010b98888a02504c69abfc50,delivered,2017-09-05 14:31:21,2017-09-05 14:43:55,2017-09-06 20:57:46,2017-09-08 19:16:44,2017-09-18 00:00:00
83cb604e747a6aacb0a7e425f0b21a77,394a21d5633737086ebc2fef3686bc2a,delivered,2017-06-19 22:37:10,2017-06-21 02:30:29,2017-06-21 13:23:35,2017-06-22 16:54:34,2017-06-30 00:00:00
b97ba48cd74f9ae244f54338636046b3,66f5f0c5a0240902a45b2a6fa8302fd2,delivered,2018-03-12 00:06:54,2018-03-12 00:28:28,2018-03-12 21:12:26,2018-04-24 17:48:49,2018-04-02 00:00:00
719b940ab2f1e351ffb14a0a02ffe3c4,ede9a1daf58d256c0d648ef7e1479010,delivered,2017-01-16 13:01:51,2017-01-17 03:05:22,2017-01-17 13:37:00,2017-02-21 14:51:58,2017-03-03 00:00:00
0c4d07bcd65a6ce95cbe8e8e228a98cf,30d6a066b7e76c8fd66610d4b36e891d,delivered,2017-02-06 12:15:34,2017-02-07 03:50:12,2017-03-15 10:07:50,2017-03-23 05:17:36,2017-03-03 00:00:00
c733bae44f0aa970fb902baf713a1372,38496ae5427ee5df7d2371c8acd4ca91,delivered,2017-04-20 22:02:32,2017-04-25 08:15:31,2017-04-25 11:30:26,2017-05-09 07:00:07,2017-05-12 00:00:00
9bb824ec73ee38dbbc585f3bba4b34ac,cd115eebfb9859498e984e800023bbc9,delivered,2018-01-15 12:48:17,2018-01-15 12:56:46,2018-01-16 18:14:09,2018-01-30 18:57:37,2018-02-14 00:00:00
a44f35f58ca5ab5e5cf7fe66ffe9097a,02f0b823e1d7f9b63b25092db3208bdf,shipped,2017-12-12 18:26:57,2017-12-12 18:37:24,2017-12-15 00:14:57,,2017-12-29 00:00:00
0efd0bc268d34da3f01f4ff25a6d4335,95446917717bb58d553d107d0f1668f6,shipped,2016-10-07 15:53:31,2016-10-07 16:12:22,2016-10-11 16:12:23,,2016-12-13 00:00:00
d05cf40cb923ba228822414cc52067c3,2f8d1f27dbf2a944f1b5bda2de277ccf,canceled,2017-09-23 06:23:19,2017-09-23 07:00:06,,,2017-10-10 00:00:00
3caf6c286c8cde37ea9c0fb2da0e3169,c8b8fc6a174f7e78125428ff2e452cca,delivered,2018-06-11 09:37:23,2018-06-12 05:15:58,2018-06-13 10:25:00,2018-06-19 16:18:43,2018-07-13 00:00:00
0f503b220e9d1fd78562e41a427a0c6a,3810ae52bde69bed0acd162b5c18aadb,delivered,2017-09-09 12:12:43,2017-09-09 12:25:21,2017-09-18 19:27:42,2017-10-06 22:21:51,2017-10-02 00:00:00
27c9a7fc93005e3344a0c1ffa6f931e2,0298eec43baa253837fca6e98da66903,delivered,2017-09-16 11:20:10,2017-09-18 10:35:17,2017-09-19 20:04:14,2017-10-08 15:37:41,2017-10-06 00:00:00
819adcd651eaa6b9ce751285bfb7e85d,3ee66d65dd46cf1a5839e7198b9eda59,delivered,2017-10-19 08:38:00,2017-10-19 08:49:17,2017-10-19 18:55:45,2017-10-30 13:13:01,2017-11-10 00:00:00
295458b743d8f806fbd5fb290d0b1b8d,4c5c67635f3cc2b433d6212e6f5c0ec8,delivered,2017-04-03 09:50:46,2017-04-04 05:55:29,2017-04-05 15:51:03,2017-04-13 17:08:58,2017-04-28 00:00:00
6ffcafc5934324a01c7758dde8a28513,fa2eecd28c496ad4228e88fb116d24b7,delivered,2018-04-11 21:13:25,2018-04-12 08:32:44,2018-04-13 19:22:49,2018-05-21 20:14:48,2018-05-08 00:00:00
a24556b6b72ac70719c99dea12e0aa75,3acf3c3d3ec1166c687b53e929e2093a,shipped,2018-04-28 20:46:31,2018-04-28 20:55:33,2018-04-30 12:42:00,,2018-05-23 00:00:00
929fa720a53f0036ad3b444f08d59bc2,f0abcd422de451fd6eb08090d4809f8b,delivered,2018-01-14 22:45:12,2018-01-16 03:51:02,2018-01-18 18:35:22,2018-01-26 17:29:02,2018-02-05 00:00:00
e723fd90e2d095c2762e5e800d759bfa,5dc6f4b9453584208557163c26079be1,shipped,2017-11-25 17:14:25,2017-11-25 17:32:04,2017-11-27 15:28:26,,2017-12-21 00:00:00
ec323db17a13fc07c4b07f0f7f86986d,f9c96252874067d98cead6b1f3859c02,delivered,2017-12-09 17:59:48,2017-12-09 18:10:42,2017-12-13 23:49:37,2018-01-07 14:52:10,2018-01-16 00:00:00
de09bc4ff6a9de96b6895cd565f80e69,864ac617f28e226558e823780f171c9f,delivered,2017-03-11 19:23:25,2017-03-11 19:23:25,2017-03-20 08:03:53,2017-04-17 14:17:52,2017-04-11 00:00:00
d25ec5d787991580395a4dc72118db6c,95da61d7f174a12e6b0d212df70c67a1,delivered,2018-07-13 02:50:41,2018-07-13 03:10:25,2018-07-13 13:32:00,2018-08-01 19:51:17,2018-08-03 00:00:00
6607ca536882b974ea594bc640b01519,bd4395ee7d93d3f00931fb86112ac69a,delivered,2017-05-14 21:00:40,2017-05-14 21:10:18,2017-05-17 06:52:36,2017-05-22 13:17:55,2017-05-31 00:00:00
e0bacd42e5f8077488c0a9f4dcfe66da,ad9e8236c07bc00edfcd2f7805ceb771,delivered,2017-04-21 00:11:35,2017-04-21 01:05:19,2017-05-19 08:46:40,2017-06-08 13:22:16,2017-06-02 00:00:00
5c673b6f0d8e4e50fabaf4428fd2f944,e0d3183e8ff8cac00ec77df643595074,delivered,2017-12-06 13:05:37,2017-12-07 03:16:15,2017-12-13 19:16:44,2018-01-09 12:04:56,2017-12-29 00:00:00
8559fd18b5af843c5ee613c3b4b1bb95,a44fcd351dc016bdf79484e2eabf9392,delivered,2018-04-13 17:38:50,2018-04-13 17:52:26,2018-04-16 22:21:57,2018-05-08 16:27:40,2018-05-08 00:00:00
5b9b9b9f3470db72620013b03eec2e3e,737fd7369b88da2c4de05ae281df531c,shipped,2018-06-03 00:35:47,2018-06-04 00:35:15,2018-06-04 13:06:00,,2018-07-20 00:00:00
5989e29098198898f9fe8490e6040c6b,0be456ed130a857046b0b296e0f9badf,delivered,2018-04-11 21:14:26,2018-04-11 21:30:22,2018-04-13 00:42:23,2018-04-14 01:10:50,2018-04-27 00:00:00
0c68e2888d3fde2067bee5cc1c638f09,2806f6ba34fe7079b216671f02d4fdb3,delivered,2017-10-17 16:01:18,2017-10-18 03:27:44,2017-10-18 19:45:29,2017-10-21 15:22:09,2017-10-27 00:00:00
9fa2b518229715cade50be6375126ebf,6116ca30253940aa1f3a6ae5ce2e624f,delivered,2018-03-30 11:08:04,2018-03-31 08:48:04,2018-03-31 18:22:09,2018-04-07 14:18:34,2018-04-19 00:00:00
6a491833d437ece196bf4185e6748271,5c8411c4553f08e12c2a485122113417,delivered,2018-02-14 12:23:08,2018-02-14 12:35:32,2018-02-16 20:45:19,2018-03-12 21:28:26,2018-03-15 00:00:00
8426c20fc1f780e653122762baef129e,e432b25f546d2cc6643c25d070e75c62,delivered,2017-12-16 00:58:56,2017-12-18 16:33:29,2017-12-20 21:27:13,2017-12-27 21:18:39,2018-01-11 00:00:00
a92dbdbc5549075a9831481180d02575,e00d297616884675d1a234e6fc7eb4d4,delivered,2017-06-12 10:06:39,2017-06-12 10:22:28,2017-06-13 13:21:46,2017-06-22 15:27:59,2017-07-05 00:00:00
01efe0209a92b2f21f6e0edee4bd4eb6,a096c55fc5ab79f92c64f63541ac39e8,delivered,2018-06-24 19:18:27,2018-06-24 19:36:05,2018-06-25 10:49:00,2018-07-06 11:41:04,2018-07-19 00:00:00
441e21387d52f5f2e85249669881fc79,06129db16c0bae7c085d17a999f6148b,delivered,2017-09-16 23:49:43,2017-09-17 01:10:23,2017-09-20 18:27:59,2017-09-22 12:42:11,2017-10-11 00:00:00
9adae62961a3cc489a66f4032ceb57a6,eb8b6bfe2f62fad3e1279f4c8e7905a2,delivered,2018-01-05 12:33:07,2018-01-06 02:08:09,2018-01-10 12:41:52,2018-01-12 22:15:06,2018-01-30 00:00:00
82172f2c466d4e1298dab08c8f0e111c,57458ec5d4b1bcb40817a87cd407898f,delivered,2017-08-28 15:14:21,2017-08-28 15:25:27,2017-09-01 20:23:38,2017-09-02 16:33:42,2017-09-15 00:00:00
2fd46e293aaaeefa2497ae0f70843971,681d7dfe5f983f08c143d27993778094,delivered,2018-02-25 13:42:18,2018-02-27 04:31:24,2018-03-01 21:31:14,2018-03-13 16:12:19,2018-04-05 00:00:00
dc7b936d5f26f7506fc2242764d07424,3ecddf921de5c14ec1f8bad33216e058,delivered,2017-07-02 00:19:41,2017-07-02 00:30:12,2017-07-04 08:50:59,2017-07-07 18:21:52,2017-07-21 00:00:00
c2832e2c3cb08be3037288b19cc7a6fc,8ca35f5234651033a22356a2ff82b826,delivered,2017-03-27 09:50:39,2017-03-28 09:42:53,2017-03-29 14:40:02,2017-04-13 11:33:19,2017-04-18 00:00:00
80423624a58421eb6e6d9fd07cafb406,d487e70a5c882c55d82496f3b583eaab,delivered,2018-01-15 16:20:49,2018-01-15 16:31:20,2018-01-17 22:44:37,2018-01-29 22:07:55,2018-02-14 00:00:00
42ba338f99f42e0261e5897c7da157c5,1b0eca3d4769358fa8bc9dc045fffa3e,delivered,2017-05-23 15:19:19,2017-05-23 15:35:16,2017-05-24 09:28:18,2017-05-31 08:53:37,2017-06-12 00:00:00
00143d0f86d6fbd9f9b38ab440ac16f5,2e45292979b9b2700ea09560eeb0f803,delivered,2017-10-16 15:29:43,2017-10-16 16:07:52,2017-10-16 23:04:43,2017-10-27 18:43:56,2017-11-06 00:00:00
ab2689fb3d9f1cf323c75b49d6a393e8,66138f93472ce2d46ee1e3d7c716a51c,delivered,2018-05-04 15:59:47,2018-05-05 15:55:18,2018-05-08 15:55:00,2018-06-06 09:15:59,2018-06-07 00:00:00
9ede3a76d22fdfce4d6be1e75ab3e1a5,c7e36e97f12db1f22a857dd5d6e50215,delivered,2017-06-10 13:07:05,2017-06-10 13:15:16,2017-06-12 15:00:43,2017-06-19 18:36:49,2017-07-07 00:00:00
f289bb2bb19d49b2e6aa64cb10b0e4bc,2f3dc6fda9c82bef02f23f9387ef137e,canceled,2018-08-08 20:48:39,2018-08-08 21:05:04,,,2018-08-17 00:00:00
3ce1b0c541f9f11f10e841355e9caa7e,0b5bb9a3a1efd74fa5cccd30d26f4cd1,delivered,2018-02-18 16:08:24,2018-02-20 07:15:36,2018-02-20 18:18:53,2018-02-25 14:23:44,2018-03-06 00:00:00
44918cef2a112fc3f8e4a9b676e5ab23,265655cf1f2dfd4fc630004d1fe5f3cb,shipped,2018-02-06 22:08:09,2018-02-06 22:15:42,2018-02-07 22:45:44,,2018-03-12 00:00:00
29d81fbe3a3300902407cf57272030c6,4c3163e024bd8bbd0843b6fe3604bd7e,delivered,2018-04-14 20:31:47,2018-04-16 08:51:09,2018-04-17 21:04:09,2018-04-25 20:38:47,2018-05-22 00:00:00
6d5e182d08759de50f1ddd6990a8ca61,d257ce8fd49271a0c7a0a5c304fb3333,shipped,2018-04-11 20:08:25,2018-04-11 20:29:47,2018-04-12 22:12:13,,2018-05-04 00:00:00
1fed6df7b405432dd6dc44693a35b86c,0c42229f9ebb31ce346a983185d7743a,delivered,2018-07-30 12:06:23,2018-07-30 12:24:54,2018-07-30 15:17:00,2018-08-06 12:57:32,2018-08-02 00:00:00
2de1a5d0edd8626305f1255e91b7d473,b2df7562698a9df2b394725e932a57fa,delivered,2018-01-05 17:06:19,2018-01-05 17:13:27,2018-01-09 22:35:54,2018-02-02 21:14:40,2018-02-05 00:00:00
d124af20920be41458d0325b9827df31,615c294dbb4ab963db7ea37dc1f60cbc,delivered,2017-11-11 15:09:40,2017-11-11 15:27:02,2017-11-14 16:11:59,2017-12-05 17:14:14,2017-11-27 00:00:00
3c8d85928df4e2df17662f0d9aad6027,8abc9c4a99bb150c9e5b8f63d4e2720e,shipped,2018-07-24 09:43:10,2018-07-24 11:40:45,2018-07-25 07:05:00,,2018-08-07 00:00:00
e349cfe864fffc00009b4cdbdd3a95ec,fa0e5df09f025f13bba8dd3c7f58ca9a,delivered,2017-05-16 14:02:59,2017-05-16 14:15:16,2017-05-17 12:51:25,2017-05-26 08:27:01,2017-06-05 00:00:00
286f1870198ca5f7249774729bb46a45,dec1dba45f7c7c934cf40858d65337fe,delivered,2017-09-30 15:15:04,2017-09-30 15:50:49,2017-10-05 17:32:24,2017-10-25 17:21:59,2017-10-26 00:00:00
0dfb7076fde77db58fd962eb6bd91384,94315550b5efd479fdb0ab8fd36e8f73,delivered,2018-04-28 16:06:18,2018-04-28 16:30:21,2018-05-11 06:38:00,2018-05-15 21:46:32,2018-06-11 00:00:00
60d89454741d31c6c07226c6069864dd,72c264264a67e9f5aedf2ea52b8cbe65,delivered,2017-06-29 09:43:18,2017-06-29 09:55:20,2017-06-29 14:54:29,2017-07-01 11:37:54,2017-07-12 00:00:00
1286029258c6e6c886f266c096f92db5,bf60dc791a8bfc1b3e470f024d2789a0,delivered,2018-04-09 13:11:55,2018-04-09 13:29:45,2018-04-10 18:27:00,2018-04-11 18:46:31,2018-04-25 00:00:00
8256729fe396aa16538e1790e33851f9,1ae5b5f2987e8d7e83a89a72a178e307,delivered,2018-03-26 12:26:23,2018-03-26 12:47:28,2018-03-27 01:19:33,2018-04-21 15:28:42,2018-04-13 00:00:00
5c4e4e1d3abaee058758731094e9a7cc,2b60fa486873939bde1170b15b8ac6ac,unavailable,2017-12-04 10:49:52,2017-12-04 16:32:05,,,2018-01-04 00:00:00
58293f63cf0304768ab4811c0f4dbe17,8b0be9bfc47dd1771ba01b85951aa770,delivered,2017-08-01 21:55:55,2017-08-01 22:25:17,2017-08-02 16:32:31,2017-08-12 14:57:00,2017-08-23 00:00:00
bc2851f553a887920c83a1367a23dded,f79b9fb57cf5e42ec58787f5291cc316,delivered,2018-04-12 14:18:16,2018-04-12 15:30:09,2018-04-14 00:36:33,2018-04-24 22:03:24,2018-05-10 00:00:00
92caa5283abcb12faf71683ba259debd,9185771cb5633deb3788397062512ee0,delivered,2017-03-15 10:43:37,2017-03-15 10:43:37,2017-03-16 14:47:19,2017-03-27 15:07:48,2017-04-06 00:00:00
bd1befc72cade5c00562b4bfd1a85485,0fc4a56f2aa36f5d9d91323864ae0362,delivered,2017-09-18 13:42:17,2017-09-18 14:04:06,2017-09-20 22:41:58,2017-09-25 13:42:47,2017-10-16 00:00:00
6087f204aede647ef4720e5585966962,e1f402cd293ce51fe9be85bad82bb568,shipped,2017-10-21 23:02:57,2017-10-22 18:36:44,2017-10-23 21:13:56,,2017-11-16 00:00:00
a111f1d17afc3e76dd0c2428a96a7617,b79ba9d57f765887e6f8523786186ae1,delivered,2018-08-05 22:13:55,2018-08-07 04:44:39,2018-08-08 15:29:00,2018-08-14 01:03:32,2018-08-10 00:00:00
c72e248317c3bee8d95d20602d8f435c,d4a41ac59d9d6532649a6eec0e27b7e6,delivered,2018-04-27 17:02:54,2018-04-27 17:15:27,2018-05-02 13:36:00,2018-05-10 18:13:06,2018-05-29 00:00:00
de8f695cc30ff739ee50c1209638549d,48f74010d81b2386bacab0759eecb33f,delivered,2017-09-17 22:24:28,2017-09-17 23:20:29,2017-09-19 20:02:59,2017-09-26 17:35:15,2017-10-17 00:00:00
f12ff2a4932dcfb02448431710f346f9,db02c3f004a364b3fe0c9dbe24d808b5,shipped,2017-11-09 21:27:56,2017-11-09 21:47:46,2017-11-11 00:18:21,,2017-12-07 00:00:00
66b04218fe3a0af6ca54d243ecfb3737,5ffaa9e0952296664dfda701a20c5519,delivered,2018-02-03 21:44:23,2018-02-03 21:55:21,2018-02-16 17:03:53,2018-02-26 13:58:54,2018-03-20 00:00:00
74aacfe89f7715e9d6655dd55c86da46,6e8de979438f491f476434cd1fc85325,delivered,2017-12-20 19:40:54,2017-12-20 19:54:27,2017-12-21 18:19:14,2018-01-03 14:39:23,2018-01-15 00:00:00
9e8886e41052169460274de999ba954c,428b0360100fc4c328adc7773313cf2b,delivered,2018-05-11 20:03:07,2018-05-11 20:17:05,2018-05-14 15:49:00,2018-05-30 16:26:36,2018-06-07 00:00:00
2fd164f74becbe83e1b81f3f3ab94d07,4b5df8f7bd263b1c620fbbe1bfc94369,delivered,2018-08-02 17:10:34,2018-08-02 18:00:08,2018-08-03 08:25:00,2018-08-08 18:47:30,2018-08-07 00:00:00
f0b2f79f97e12f27b91c3570c725a81c,a0822dff344a63f5484f6f09dc6942e3,delivered,2017-04-21 20:05:33,2017-04-21 20:15:07,2017-04-24 12:07:13,2017-05-03 11:20:05,2017-05-15 00:00:00
f7f1e7aa2dda713297141d80375e9509,4da2c9c807e40ef2c7c78cca34ffa0f3,canceled,2017-08-12 19:53:24,2017-08-13 20:05:21,,,2017-09-18 00:00:00
e9b32bb640bc64f9721e699a66fbaa25,ebc7fc00c7327acb58cc64190b773e0e,delivered,2018-01-22 15:29:53,2018-01-23 03:39:06,2018-01-24 21:05:51,2018-01-29 19:42:55,2018-02-15 00:00:00
6559afcb08c9458feea561826c4a178d,935c0ed9a9cd571dbaeb21bffd9ccc40,delivered,2018-07-08 15:13:20,2018-07-09 15:10:14,2018-07-11 11:36:00,2018-07-30 20:58:49,2018-08-02 00:00:00
4cf65f650cc60791bfb99bbaa418faf9,8ee208e4a8579fc7bf74b535c4bb3aeb,delivered,2018-07-09 18:29:51,2018-07-11 03:50:18,2018-07-16 15:15:00,2018-08-24 11:28:33,2018-07-25 00:00:00
5fe0491bbf2891e0f240aee0fa0332a1,6a0d947a17e548a260f8a0704af77282,delivered,2018-01-08 16:39:36,2018-01-08 16:49:38,2018-01-09 21:57:31,2018-01-23 12:28:11,2018-02-05 00:00:00
828bedfd74953fea90c650c36afbd36a,061d8030d0f605af68c6ef004ca15700,delivered,2018-02-17 15:08:48,2018-02-17 15:26:43,2018-02-20 19:04:26,2018-02-26 21:23:43,2018-03-09 00:00:00
8595563cdfdd7b6274ba3dfef7ab6ed8,d61ef81ec4518a527d7fc8cfd015e0ab,delivered,2017-08-19 20:25:59,2017-08-22 04:05:17,2017-08-22 15:05:18,2017-08-25 17:56:13,2017-09-21 00:00:00
ef18f5dcc7b8a44cbdb1a14de4164bd1,4f3505c2d2b2547a60e333a7eaac6cba,shipped,2018-07-04 10:52:38,2018-07-05 16:32:54,2018-07-04 14:18:00,,2018-07-20 00:00:00
4263f66dd6ea50568c4369369a163208,b4bc012958162251fd2f4cffb0ae54dd,invoiced,2018-05-02 21:19:22,2018-05-03 04:12:50,,,2018-06-13 00:00:00
00aa423621f35a9ca6c6240f275b0640,121e7c7ff597fcb5ad44189ffccafa70,delivered,2017-11-23 14:51:32,2017-11-23 15:10:19,2017-11-24 22:03:23,2017-12-04 19:24:58,2017-12-13 00:00:00
ee55010a370e987f203499f435a59847,9f074c63790b0ef8b01c66fd67a97601,delivered,2017-01-30 15:17:47,2017-01-30 15:31:58,2017-01-31 10:57:58,2017-02-03 14:03:28,2017-03-17 00:00:00
1f169866113310fa8ab239a0b4c7e8de,10f6413b5b1071b6b46c72c05df6f4d6,delivered,2018-04-17 13:25:52,2018-04-18 06:32:05,2018-04-18 22:08:33,2018-04-24 20:47:39,2018-05-10 00:00:00
e03566eab6041e05274e23b5a2fe5d31,c5af5453cf8127f3c3ce75b498561dbc,shipped,2018-07-24 21:05:03,2018-07-24 21:24:30,2018-07-27 14:39:00,,2018-08-16 00:00:00
10889542f25363f8b12b679fb7bba35c,98b806dec7744f1d6ab3c2f5def9d1de,delivered,2017-03-14 19:19:23,2017-03-14 19:19:23,2017-03-22 09:37:36,2017-03-27 14:27:46,2017-04-04 00:00:00
321117f0a62b449963231d318a6320d2,346b79c7102f7d64c113a6f9682b2a98,shipped,2017-12-05 15:43:41,2017-12-05 15:54:23,2017-12-06 21:39:06,,2017-12-28 00:00:00
73627dfa9a67ee111fb528be6f9d4b02,64cdb963e2777ce15c35474e8a646cf9,delivered,2018-04-12 23:50:31,2018-04-13 17:15:23,2018-04-17 19:19:13,2018-04-25 09:48:42,2018-05-17 00:00:00
ff18b518679a92dcb00e16fae93c6d59,74bff367924485ad26b79d31e5623874,delivered,2017-10-29 16:15:04,2017-10-29 16:31:44,2017-11-03 18:36:52,2017-11-28 18:55:15,2017-12-01 00:00:00
730dc1ff917580e99d067d00abaccaef,33372bb48ddea1b0e47e44a1b5c72bb1,delivered,2018-02-04 17:23:52,2018-02-04 17:49:18,2018-02-06 16:24:50,2018-02-14 17:57:34,2018-02-22 00:00:00
a3d92aa9b396fd05c4b289ed01103714,f0eaebd8dc338ada2c3f24cbe0c21548,delivered,2017-12-02 12:36:43,2017-12-02 12:58:34,2017-12-04 20:13:35,2017-12-17 13:38:58,2018-01-02 00:00:00
046cf9d36030cfd64e9800b0006f5713,617b7fef5b839e920d73822fee93d1d2,delivered,2018-01-19 20:23:39,2018-01-20 09:09:59,2018-01-24 22:54:52,2018-02-07 21:36:46,2018-02-15 00:00:00
ec2738d1b8cdc75fa4c9425432f5053c,3f9c2ab2dba880b58557d8bc27f43da2,delivered,2017-06-19 01:46:34,2017-06-20 11:35:25,2017-06-20 13:19:36,2017-06-29 07:03:50,2017-06-30 00:00:00
2117b238b6ae0929164d1cf41f3ecb87,616328acb98ad1ecc08506ba227fe9d4,delivered,2017-07-07 17:44:19,2017-07-07 17:55:21,2017-07-10 21:27:43,2017-07-24 14:09:57,2017-07-31 00:00:00
eadd7dba4c87a895126c2cc2f33b30aa,6e7bce8096e8751fff1bc54cf8f5dd08,delivered,2017-08-16 13:10:42,2017-08-16 13:30:20,2017-08-22 15:43:21,2017-09-05 18:43:15,2017-09-26 00:00:00
3b41cd88f86b0e96701cc19dfb93d60d,281e5d529289df817ae2b735fcf6208b,delivered,2018-02-03 13:35:41,2018-02-03 13:49:42,2018-02-06 21:15:54,2018-02-16 16:52:04,2018-03-01 00:00:00
1ac1cd9823b09ef5a14a07fdac1aee94,5906102635e5715ee056520207b101a0,delivered,2017-10-04 10:43:19,2017-10-04 10:56:13,2017-10-09 19:06:04,2017-10-13 17:14:18,2017-10-27 00:00:00
17734155e111af61fc2bb776b29dc97f,47aea8cecc6638f35d43b8115a23b632,delivered,2018-01-20 22:34:35,2018-01-20 23:00:24,2018-01-25 00:56:35,2018-02-09 21:11:49,2018-02-19 00:00:00
22a91acd45f9631dece96eb349f13047,4cc013147ed779e5e5cd70f483e28a1d,shipped,2018-03-12 08:20:33,2018-03-12 08:35:37,2018-03-14 00:29:46,,2018-04-12 00:00:00
50efee8af80ee7bee6e41e0e70d58c6c,8147ce6aef8acda5d59a2af3c5ea1fca,delivered,2017-11-26 19:11:20,2017-11-26 19:19:22,2017-11-30 19:15:05,2017-12-06 20:58:59,2017-12-20 00:00:00
a67bbe8654df3531b7c870495843dfb4,c3a3a2272d4a506284d12747fef057c7,delivered,2017-07-12 16:19:28,2017-07-13 15:30:25,2017-07-14 19:24:50,2017-07-28 16:14:29,2017-08-03 00:00:00
fae08ba5b02df1198db80dda5b5c205b,9f5729e1ce6fdda38afe7d3a12e6b8af,delivered,2018-01-23 17:15:16,2018-01-23 18:07:39,2018-01-24 15:52:10,2018-02-07 22:26:37,2018-02-15 00:00:00
3988bfd19575c170059a28a630beee60,ef1615db601ce81b5507d7388cfd4e09,delivered,2018-05-11 18:52:04,2018-05-15 04:15:26,2018-05-16 13:38:00,2018-05-21 23:51:00,2018-05-25 00:00:00
a1f444637730cb2eded588f7bd64f1cb,f7d648f9c1cc662bec12f84a49b1ecb5,delivered,2018-04-25 21:14:18,2018-04-26 08:55:38,2018-04-30 14:08:00,2018-06-01 11:18:35,2018-06-11 00:00:00
367d72ed72e5988018a75524b1a4ab77,455592f20535d77a68a9948e43a43c97,shipped,2017-04-12 12:24:27,2017-04-12 13:07:05,2017-04-13 12:18:07,,2017-05-10 00:00:00
346c0a181df97b0776f3d7d4a2cec70f,fc77c4ac37e4b4fb64df2d68e0ff93dc,delivered,2018-07-08 20:06:55,2018-07-08 20:25:19,2018-07-10 15:15:00,2018-07-12 19:42:01,2018-07-19 00:00:00
225e39ca6a487e0cdd5c97dfc57c92ff,577701d3d24a554e38b47d391b1c418e,delivered,2017-12-16 21:03:22,2017-12-19 17:16:19,2017-12-20 14:15:00,2017-12-22 23:23:30,2018-01-05 00:00:00
b538efecd9ba6d45acff500110ce1e45,11ae37bb6bd5f1ea30139e17be47a5ca,delivered,2018-01-24 21:03:02,2018-01-24 21:18:20,2018-01-26 17:11:58,2018-02-06 22:56:43,2018-02-20 00:00:00
765388e7b3d416ffe810ade706854872,a7288cab9fc524abf65915630e66c73b,delivered,2017-02-09 13:52:13,2017-02-10 02:45:27,2017-02-10 14:56:58,2017-03-29 09:37:34,2017-03-14 00:00:00
986033635480f0a529bc90e2dfa1c168,bdf752eeb242f4658f6abceb10e234e6,delivered,2018-01-21 15:10:57,2018-01-22 13:52:06,2018-01-23 20:37:02,2018-01-30 14:18:56,2018-02-19 00:00:00
0a5c74ccc786ced7903270de9d6c170a,c021456db05f8e71f0985bef8859b793,unavailable,2018-01-18 23:14:36,2018-02-20 12:05:54,,,2018-02-14 00:00:00
a5066c35c39663d4e120a25aa960cf24,6b83a587d5729ff8db4a0c007024d1aa,delivered,2018-03-07 22:11:47,2018-03-07 23:09:24,2018-03-08 19:36:33,2018-04-16 19:19:17,2018-03-28 00:00:00
6679781bbd182ebad33a3393741e6334,70c5b1b9829515c9575141eca21003b1,delivered,2018-02-26 21:40:14,2018-02-26 22:20:26,2018-03-01 20:34:19,2018-03-02 21:04:46,2018-03-16 00:00:00
65e816f5fdba93b07f5aeef1ee55b6a0,71a6e80102a4784e3f2411e85c6d204b,shipped,2018-03-15 13:48:21,2018-03-16 21:35:26,2018-03-21 01:18:29,,2018-04-10 00:00:00
ddfe2c774073d06b98ebad44770595a8,7b295103d46391559a2503168492f842,delivered,2017-12-27 19:06:35,2017-12-27 19:17:24,2017-12-28 17:17:04,2018-01-03 21:37:05,2018-01-16 00:00:00
c20c39bdb12b843034d5b268c984c02a,739c361ba4ff3d82444ffcc3ca4a40a0,shipped,2018-04-18 23:42:06,2018-04-18 23:55:14,2018-04-23 21:03:42,,2018-05-14 00:00:00
95805218cf245076d9ab20d75d1758c7,00f83de98e791c2a4b779f7e61a4cf28,shipped,2017-04-03 03:01:46,2017-04-03 03:10:07,2017-04-06 14:00:15,,2017-05-03 00:00:00
6e8a97f227260b48b2c8e8eacc87d2fb,b4d3dc12a78eb43f35d7722b699f08b4,delivered,2017-11-21 19:39:55,2017-11-21 19:52:20,2017-11-24 20:48:38,2017-11-27 16:42:06,2017-12-01 00:00:00
021f26893462ec6a677baba7f06ce4c1,08fd236d2b9c7fb54e98c43a83d40cda,delivered,2017-07-07 15:24:27,2017-07-07 15:35:08,2017-07-11 11:56:37,2017-07-22 12:59:28,2017-08-01 00:00:00
4d6508666e706d6dbbdea72b4ac1a05b,3b6f234e5081db95a06d521a4a9e6f57,delivered,2017-07-07 09:45:05,2017-07-07 09:55:20,2017-07-13 10:48:46,2017-07-26 01:03:34,2017-08-10 00:00:00
a27f40f8d2b565f2d8d430fc05cde4c9,c2a0417ba5a44c1b83e9c761e3550a2c,delivered,2018-06-28 18:31:08,2018-06-28 18:49:53,2018-06-29 11:25:00,2018-07-03 21:12:30,2018-07-20 00:00:00
cfec5af5f95fd772fb3c0891654a24b7,a991a323620f70a0dcb5e9d3ffae0a2d,delivered,2017-11-11 19:09:09,2017-11-11 19:26:55,2017-11-14 14:48:01,2017-11-26 17:51:50,2017-12-07 00:00:00
db30bf3b1cc383459bf7f3a938528cea,a53fee4888ef7b6e6743bf4f9a0b1bd6,delivered,2017-09-12 16:36:36,2017-09-12 17:20:06,2017-09-13 16:41:57,2017-09-18 19:53:31,2017-09-28 00:00:00
960fbbe89375098d7a51e5f0c31c4f8c,4194438fdb135e2e28575d75395bb79d,delivered,2018-07-31 15:18:25,2018-07-31 16:04:30,2018-08-02 08:20:00,2018-08-14 22:05:57,2018-08-14 00:00:00
254496381e0184650717e8cf8e456d50,76a8cb55ad7101ce85c6985645cb0558,delivered,2018-08-04 14:25:27,2018-08-04 14:35:19,2018-08-08 09:48:00,2018-08-13 15:57:49,2018-08-15 00:00:00
4bc27c3d551e28ec80a384663cbae90e,a6ee0b99b451b3287a6042ac2b237821,delivered,2017-08-15 13:43:01,2017-08-15 14:50:12,2017-08-21 20:22:11,2017-08-25 18:17:35,2017-09-06 00:00:00
b70adb5e7bfcd96be02825033008d23a,423e21d6cc95fea4f2e540a2e0c8b6e4,delivered,2017-09-15 15:06:28,2017-09-16 03:04:16,2017-09-20 22:18:36,2017-09-27 13:33:24,2017-10-04 00:00:00
58a4317c14bcba43d0cf161f17e9db2b,e7f5b701d99a5eb91e57a970a75640f0,delivered,2017-01-30 11:55:23,2017-01-30 12:33:52,2017-02-01 11:07:58,2017-02-08 16:23:44,2017-03-03 00:00:00
9c8a5a65a01f4a42ddd7fe53ee525568,f6776493ae32276dfb0c49984b8cba5b,delivered,2018-05-26 23:30:04,2018-05-26 23:49:50,2018-05-29 13:14:00,2018-06-01 14:05:01,2018-07-18 00:00:00
7097cd0492a280b3e24b36fd672f5a59,0bdc7d7710cc0598046e4134d8a6af75,delivered,2018-03-27 00:14:42,2018-03-27 00:30:16,2018-03-27 23:34:46,2018-04-02 17:41:19,2018-04-10 00:00:00
47999a7490ff2905f7ca3da2edcc9c52,920f397f9443bbf5775f7e99a2245890,delivered,2018-04-12 22:26:12,2018-04-13 13:30:32,2018-04-14 00:09:27,2018-04-18 13:48:41,2018-04-30 00:00:00
c486d236b0e92a666f332229a5f23557,1b5a49a439b86dee0e0bf4ddcdf26c76,delivered,2018-06-12 02:28:15,2018-06-14 01:58:12,2018-06-14 14:20:00,2018-06-20 15:02:37,2018-07-25 00:00:00
e38573f7a3dc73addbbd97817bd0369e,110c3f74110dc10d18670b7971d1ff31,shipped,2018-07-18 09:01:50,2018-07-18 09:10:13,2018-07-20 15:07:00,,2018-08-06 00:00:00
feef9f21cf88daf192de972212d1c5d5,31a965e3f0fe26e844fe5dbcfac619e3,delivered,2017-04-13 18:47:07,2017-04-18 04:03:07,2017-04-20 15:47:25,2017-05-11 11:39:00,2017-05-22 00:00:00
887b5b39f6f5c08315aa901f0fadba6d,50ef4067638c55d3a31c306fda104538,delivered,2017-12-28 11:57:01,2017-12-28 12:08:16,2018-01-02 14:58:52,2018-01-15 21:55:10,2018-02-09 00:00:00
6f192285411fe2465d2c701cddafb6d9,b6116b8c9793a5355aab080cb5a5910a,delivered,2017-11-27 10:27:16,2017-11-29 10:30:27,2017-12-18 21:48:40,2017-12-21 22:28:25,2017-12-15 00:00:00
40956e6dd1d3604c48f437352e4dc3d3,3054b6322c7112b56c441d044a5b7033,delivered,2017-09-07 21:32:35,2017-09-07 21:43:59,2017-09-08 21:14:43,2017-09-22 17:04:10,2017-10-03 00:00:00
aa416218af39ef77e7ed168633b9ef53,65606708771e3c8e13de274735faf690,delivered,2018-07-27 10:41:55,2018-07-27 10:55:16,2018-07-30 15:16:00,2018-08-03 21:08:46,2018-08-21 00:00:00
cda873529ca7ab71f677d5ec11a40304,76c74aaff2f3f7355f46d9818ad092b8,shipped,2016-10-05 16:57:30,2016-10-06 15:52:49,2016-11-14 11:14:39,,2016-12-01 00:00:00
55c27ec4136ec6d13577c7fb34c62b68,5040cce1f64706863160f0a3b757a894,delivered,2017-11-20 11:46:40,2017-11-20 12:07:40,2017-11-21 22:11:12,2017-12-04 21:42:06,2017-12-21 00:00:00
d6717d9840d700bd7be08d9ca8bb791b,3258445d69ee63eac4af6749b70a0305,delivered,2017-10-31 10:40:37,2017-11-02 02:15:53,2017-11-03 14:27:45,2017-11-08 17:48:59,2017-11-21 00:00:00
3e4c4bd83f745236e4f9380b225088d5,e596359a966e6577ed5561f518001209,delivered,2018-04-29 12:29:15,2018-04-29 12:55:42,2018-05-03 16:38:00,2018-05-11 20:02:21,2018-05-30 00:00:00
564bf3fea35e87a7bae2d73a14f679cf,8b0bffcded3c6fc1514ab88b85d78d37,delivered,2017-11-15 11:28:40,2017-11-15 11:46:34,2017-11-17 14:15:55,2017-11-22 21:21:59,2017-12-05 00:00:00
df4e9da89d40a57390fdc2eebce4e0e2,56962c37ea34a49e1e454eb4939b5587,delivered,2017-07-15 10:26:28,2017-07-18 06:15:39,2017-07-19 19:22:35,2017-08-02 23:49:40,2017-08-08 00:00:00
34a114524c5f794047b202c0c85f3a17,6b046aaff7c534e92afaf2b90a8bb490,delivered,2018-07-19 10:26:52,2018-07-19 10:35:21,2018-07-30 12:58:00,2018-08-02 13:52:39,2018-08-06 00:00:00
86c8fd057d184ed3d5059a43d58ff5db,43fa65283ae3c282181353611356b240,processing,2017-10-11 19:51:04,2017-10-11 22:28:28,,,2017-11-07 00:00:00
a02c544d48cac6a9a9a21d5a33b8911c,0125ed303758dc1d7e4d99b000f88768,delivered,2017-11-17 19:55:15,2017-11-18 02:49:00,2017-11-22 22:06:37,2017-11-28 21:48:56,2017-12-12 00:00:00
974f9f87a3bad01b2ac72fe987505e9b,b8bd03cdd075b29c82a9c55e5cd8e224,unavailable,2017-06-09 20:25:03,2017-06-09 20:35:17,,,2017-08-01 00:00:00
1ba709b2606b232b367cb08a49738fa1,7f72c366833450b2a3d61fd7166b3add,delivered,2017-11-26 09:33:26,2017-11-26 09:54:26,2017-11-28 00:24:33,2017-12-27 22:21:52,2017-12-11 00:00:00
2e496accb804bb4a59fcd3df574b450c,db859dc699009191be7005581c73865d,delivered,2018-03-05 08:15:47,2018-03-05 08:30:29,2018-03-08 19:14:32,2018-03-12 16:58:32,2018-03-15 00:00:00
64bfc8cd9379c2da1d2abd37c2adf65a,3ba36f79e706c3402e5959eb12a8d661,delivered,2018-06-28 20:49:28,2018-06-28 21:11:13,2018-06-29 15:13:00,2018-07-03 18:47:42,2018-07-18 00:00:00
a103e6ad2ad56584ee8e0400083938cb,610c0a7ee3f1db8e079a647e473156b4,delivered,2018-01-20 16:30:37,2018-01-20 16:40:27,2018-01-22 17:09:23,2018-01-26 20:16:43,2018-02-06 00:00:00
6de9eb6ce81fb0d838d9d38e5f0b3b13,c461d2d435013deaa0d401a088ff0e8f,delivered,2017-12-19 18:59:05,2017-12-21 02:10:47,2017-12-21 18:28:38,2017-12-27 21:17:06,2018-01-08 00:00:00
1c3a0db39be54440c72e0111f46856e6,bc5656ea87458c3268d24ba023eb420e,delivered,2018-03-10 10:11:58,2018-03-10 11:20:29,2018-03-12 18:37:40,2018-04-14 18:58:33,2018-04-02 00:00:00
9e6db72ba70b2e5ded35a5919f6329b3,3ba63e448d9f2f5d5c160780572ed6bd,delivered,2017-06-06 16:24:51,2017-06-07 02:45:22,2017-06-09 15:41:51,2017-06-19 16:12:44,2017-06-29 00:00:00
9fab0f942fae1cf572b2ae5d159be064,d98354cf5261fc66d1d848a24d6650a0,delivered,2017-10-09 11:13:00,2017-10-10 04:05:28,2017-10-11 19:57:48,2017-10-16 19:43:42,2017-11-08 00:00:00
4bcbf495ab204cfc6d9f6541f4fcceec,1931c0d89db7b0a6a696b44bc84b15ad,delivered,2018-03-07 18:38:51,2018-03-07 19:20:23,2018-03-13 19:42:06,2018-03-20 20:36:26,2018-03-23 00:00:00
5f2dbe00a1732133a6809ae1af554123,f7b1d4b064c31b564fd39ad8bcb7cbdc,unavailable,2017-02-06 08:18:30,2017-02-08 03:15:34,,,2017-03-02 00:00:00
ffdb12bf66b3d0145d09d962745a05f6,621bdee022e2acb3aadf90994fd4e39a,delivered,2017-10-14 19:46:54,2017-10-17 04:15:00,2017-10-20 18:17:56,2017-10-27 16:24:37,2017-11-14 00:00:00
49b28a42d5f67ef10024f70bd79e229e,f0e88593745900d1712f11d546bf2d2a,delivered,2017-10-21 19:16:51,2017-10-24 03:49:37,2017-10-24 16:42:30,2017-10-27 20:49:51,2017-11-13 00:00:00
066fbbe8fc3345df85f0f1dc2ad03bce,10c8d3fa3829e5079d8b67dc6d007098,delivered,2018-01-04 09:44:46,2018-01-04 09:54:31,2018-01-05 01:38:52,2018-01-30 13:52:21,2018-02-02 00:00:00
52980848cc7019752a073e8e889f97e0,62da57dc398b4bdd5e47605f5d36fd5a,delivered,2017-06-16 13:58:31,2017-06-16 14:25:20,2017-06-16 15:43:52,2017-07-20 22:29:27,2017-07-18 00:00:00
6147e0d51f6ecc3e0ae6defe7156bc82,a4d344d6eb50f346c8944aee3f04d27d,delivered,2017-11-17 19:42:27,2017-11-17 20:26:49,2017-11-18 14:34:30,2017-12-13 16:08:19,2017-12-13 00:00:00
a90966534748634cbb133383bf0eee68,509585871d9505d583be980046b14b8a,canceled,2018-02-01 16:49:17,2018-02-01 17:15:39,2018-02-02 19:26:53,,2018-02-19 00:00:00
3786374eb6f56d00e96bf7511002cd00,636fa509660dfc8277a18ef0e7c4a68a,delivered,2018-03-13 23:17:04,2018-03-13 23:30:26,2018-03-14 18:06:41,2018-05-17 18:21:50,2018-04-13 00:00:00
23628e1dadb5e31443d876fdd2e2893c,6886b8efab55c00b82862fbe3104cbc2,delivered,2017-08-09 16:43:18,2017-08-09 17:03:52,2017-08-10 11:43:51,2017-08-16 18:06:55,2017-08-29 00:00:00
2798536d668b2d5071ab9b2ab4f7a7b0,835856fd2134a5d6f63090a9d9845a98,delivered,2018-07-19 16:23:55,2018-07-20 16:24:23,2018-08-07 17:17:00,2018-08-16 01:11:21,2018-08-29 00:00:00
66a112120b10c8ab5fa2e0b42f1c19d6,010714eb89c36dd92fee08385cc1dd6b,delivered,2018-07-19 11:52:13,2018-07-19 12:03:00,2018-07-20 09:25:00,2018-07-26 18:17:46,2018-08-09 00:00:00
9e0599de26eddaf0167b73e50f91ad68,c0677c004d421919dd1bdc646a37f930,delivered,2017-12-31 11:19:35,2018-01-03 04:29:26,2018-01-03 17:32:47,2018-01-20 13:22:02,2018-01-29 00:00:00
d46935acb58d918a88813e0c8bb1a220,e6e34332de50d27b69260b393f05eb43,delivered,2017-11-24 09:18:54,2017-11-24 09:31:30,2017-11-24 17:53:31,2017-12-06 21:18:45,2017-12-22 00:00:00
e4716dbd1591288ba2bb3def7ff36503,7c6c03e06257a7db4411272575ccdf1a,delivered,2018-02-27 12:45:13,2018-02-27 13:09:31,2018-03-02 16:46:56,2018-04-02 16:34:51,2018-03-28 00:00:00
ea3d171a91e27a6f523ad45abb5dcf20,8d602b40ad2841e5402806ca03a7a0c0,shipped,2018-04-11 19:12:03,2018-04-11 19:31:25,2018-04-12 19:21:56,,2018-05-03 00:00:00
633f4fc75774571fccaef584dfce5a7b,341d1d77e807609cda6bb8c3f7cc1352,delivered,2017-09-12 16:01:18,2017-09-12 16:15:15,2017-09-15 23:42:36,2017-12-23 20:07:03,2017-10-19 00:00:00
0a92bad75c24fdf33ed2a18801262e89,6f4fa91813c10c8199496ff532e05ade,delivered,2018-08-13 20:11:13,2018-08-13 20:25:16,2018-08-15 13:27:00,2018-09-04 20:06:58,2018-08-24 00:00:00
529aada4497d124d483d26ebb8ae9606,48d8c257cbd8447a8503e559a8b8cca9,shipped,2017-11-15 18:16:13,2017-11-15 18:30:32,2017-11-17 19:19:34,,2017-12-12 00:00:00
c91777dfda137af11e863a97854b07f4,2b2e382a46cc4a7fa1a7b5b16c70ff3c,delivered,2017-12-12 10:49:13,2017-12-12 10:59:29,2017-12-14 00:23:39,2017-12-20 20:58:53,2018-01-11 00:00:00
fc44d27a4439d26e8ead6e656c28cbd2,992527e4a6e623c4756e60b7b17b1cfc,delivered,2018-04-04 18:21:55,2018-04-04 18:35:20,2018-04-06 19:06:41,2018-05-09 20:18:52,2018-05-03 00:00:00
ba45b8302387142f547f4acd1c75b61d,a40f0cc059051cc7b1ba5465cad570ae,delivered,2018-08-03 12:28:36,2018-08-03 12:44:12,2018-08-08 15:06:00,2018-08-09 19:18:42,2018-08-08 00:00:00
d6d8d3958008d2514a3a9ef0a43edc56,ba229cac800645c5c7960de7bb42b777,delivered,2017-09-05 21:31:49,2017-09-05 21:45:19,2017-09-06 20:13:23,2017-09-13 22:47:36,2017-09-26 00:00:00
a96cff07025408618e8a121b1ba3273a,f2e32479d9ca95098b58d56ab1e41901,delivered,2018-05-30 15:04:45,2018-05-31 03:15:26,2018-06-04 15:13:00,2018-06-05 19:07:31,2018-06-25 00:00:00
78e56715d38f43fe67193581b89e616c,7cf697a12a8a140e56ad9898c4e4decd,shipped,2018-07-09 12:45:09,2018-07-09 12:55:29,2018-07-10 08:09:00,,2018-08-03 00:00:00
247845908b9f43dd4e4f32291924d6b6,347f842ed0d0b71671e290da175a624f,delivered,2018-05-16 20:35:31,2018-05-18 01:57:23,2018-05-18 08:43:00,2018-05-21 22:14:42,2018-05-24 00:00:00
aa6e3cc7cf13ef1dc599d1243daee6f6,af18612bfb6a3f68257c693f72848f28,delivered,2018-08-18 23:54:05,2018-08-21 04:15:19,2018-08-21 14:21:00,2018-08-27 18:40:41,2018-09-20 00:00:00
084ac8d010dca0cb81b1bd4f375a047e,76f2cd7947ffec4952fd90353fcca395,delivered,2018-02-13 14:37:04,2018-02-16 07:56:21,2018-02-16 19:42:04,2018-02-26 16:13:34,2018-03-07 00:00:00
5e7ac1d3afa3583411b284bebd5dcdcb,d503771c01369a24b04e6151ca9882cc,delivered,2017-07-25 09:30:19,2017-07-25 09:45:14,2017-07-26 14:34:06,2017-08-15 17:42:19,2017-08-22 00:00:00
31b91033dcb0502e616f40ced16dccc6,72ec1bb6ed4621056c6774c4c385640b,unavailable,2017-07-17 09:38:11,2017-07-18 06:04:10,,,2017-08-21 00:00:00
55aa287c6ca17e8c3262b9ef1e12fac6,a75995b94cb29447b37cf28ba33f36a7,unavailable,2017-03-04 12:15:08,2017-03-05 13:05:35,,,2017-03-27 00:00:00
adf5a3d223336c6b7965f3027bb7ddc2,6c40dd1882be5ee6caadaa356563ef0d,unavailable,2017-11-13 20:54:32,2017-11-13 22:51:08,,,2017-12-06 00:00:00
d0bfc2beba8af659a7585f0f48efde83,9c3a67b63043d1626a51a23c256e0caa,delivered,2017-10-05 09:50:42,2017-10-05 10:04:52,2017-10-05 15:58:24,2017-10-23 16:42:54,2017-10-30 00:00:00
eb4e51562354587d8ccd4285d45c644a,6981407d775ac7f40d61f925ce125766,delivered,2018-01-02 18:35:50,2018-01-02 18:51:20,2018-01-05 21:24:49,2018-01-08 18:19:33,2018-01-18 00:00:00
4e285df63acf5fe19cbb76253626fe8d,f8a6c76a11c39f882026319b654fab69,delivered,2018-04-19 01:09:37,2018-04-19 01:30:12,2018-04-19 23:46:58,2018-04-25 14:33:20,2018-05-14 00:00:00
8a7db04d95da0710527731c9945b4d34,667f9dbecf8b4af58212fe57b5186434,delivered,2017-11-28 16:27:19,2017-11-28 16:36:29,2017-12-06 21:03:52,2017-12-15 09:37:01,2017-12-18 00:00:00
0bfb3ca2ac0d1d45fff422a646f5c1b5,f764510cc6fd1460d82e0e0f7a460923,delivered,2017-07-03 21:26:15,2017-07-03 21:43:47,2017-07-05 14:46:51,2017-07-11 19:37:47,2017-08-18 00:00:00
b20dc8d5eb8118e7e6fb8b7c4e8f0f2b,aafb42297a445d9bcc0b01058f829da2,delivered,2017-12-23 13:54:52,2017-12-23 14:10:21,2017-12-26 16:34:52,2018-01-11 18:29:22,2018-01-22 00:00:00
afb61112fb99b07fe17e591c68c0c84c,36b182c39933d55e307096ccc3fd2970,canceled,2018-09-06 10:48:12,,,,2018-09-19 00:00:00
603ce42d77860afac6a70925449311d5,1782ac2961556dfb3fa7fd7bccedd049,delivered,2017-11-24 22:04:20,2017-11-25 03:36:34,2017-11-27 20:32:27,2017-11-30 16:44:28,2017-12-08 00:00:00
8d0d4524b29f3e77ea08bff90227f410,0a037a0b80df2d007c75cb8743bcc035,delivered,2018-03-27 21:24:05,2018-03-29 03:29:01,2018-03-29 22:22:22,2018-04-08 15:51:52,2018-04-20 00:00:00
e82c65a674b5f012420311da34ece20c,2354f1f312d5a346962f9fe4aaad3a51,delivered,2017-10-27 23:57:48,2017-10-28 00:31:49,2017-10-31 16:58:12,2017-11-07 21:11:59,2017-12-07 00:00:00
ea0aecca2de1f337e8a16c457f407eb3,65893fec38e42fb5882899f961989c9c,delivered,2018-03-01 15:34:44,2018-03-01 16:21:33,2018-03-02 22:33:56,2018-03-21 19:24:55,2018-03-19 00:00:00
58279d6e5966be96c8768b58f9a6f983,da98878435e1b9d2e4682576dd42ef9d,delivered,2017-11-15 19:47:04,2017-11-15 19:55:53,2017-12-07 18:51:39,2017-12-16 15:48:52,2017-12-11 00:00:00
9a71f055d972d1ebacec9df7376ff1e3,466462055d43360841cd19a81cc12e9a,delivered,2018-03-13 13:18:23,2018-03-13 13:30:29,2018-03-14 19:27:24,2018-04-19 18:48:29,2018-04-04 00:00:00
69796e4e03edbf9c0f49c76d4ebadb77,34df16078d0ceb647b488afc94a78519,delivered,2018-03-02 20:51:35,2018-03-02 21:09:23,2018-03-27 15:42:16,2018-04-05 23:21:47,2018-03-29 00:00:00
eb09635680fadffb33358e40b05c9029,6f94b1ea17a3f9a486ba749dc9b72959,delivered,2018-03-10 19:52:26,2018-03-10 20:47:32,2018-03-15 21:33:51,2018-03-31 15:23:33,2018-03-28 00:00:00
2a1ca5e0a47b3b8fdbb8da5b34ed45e8,5c4c2390111b27f6f0289038407b381b,delivered,2018-04-10 16:25:39,2018-04-10 16:35:19,2018-04-11 19:06:28,2018-04-18 00:51:19,2018-05-02 00:00:00
87f795f6abd4bbe786854091a9c6e651,23d432ad2fda40be9a59b060703503f8,delivered,2017-12-30 11:01:42,2017-12-30 11:13:28,2018-01-05 22:10:54,2018-03-20 00:12:42,2018-02-02 00:00:00
7e95d101ed97603578e38b4955c244ab,c82f4cd104b5f2407de30ee720e1bfea,delivered,2018-03-22 12:42:36,2018-03-22 12:55:33,2018-03-23 11:41:09,2018-04-05 21:08:40,2018-04-10 00:00:00
ca1533a4041a98501d0c3250c7dff345,9c0d40a2af948e31d03e583dddb57fd3,delivered,2017-03-12 16:38:43,2017-03-12 16:38:43,2017-03-14 10:33:22,2017-03-28 15:08:54,2017-04-13 00:00:00
0d783e7e03dd70fd2ea6a0b33bb73706,00ffbb23812bc76062322afd86d8cbf7,delivered,2017-09-10 22:42:54,2017-09-10 22:55:14,2017-09-12 21:45:42,2017-09-19 21:32:12,2017-09-21 00:00:00
9797a3f116ca3ac106a9ecbc8807d2fa,903dd6707176c6bc79c11b89f8501ffe,delivered,2017-03-02 05:10:03,2017-03-02 05:21:35,2017-03-07 15:39:43,2017-03-20 08:17:57,2017-03-21 00:00:00
35de4050331c6c644cddc86f4f2d0d64,4ee64f4bfc542546f422da0aeb462853,created,2017-12-05 01:07:58,,,,2018-01-08 00:00:00
dc5ba59adf78a3c3f5707f5bc83ca234,c3d05702d44a5599ca7993d584b4fcb7,delivered,2018-02-19 08:23:36,2018-02-19 08:35:25,2018-02-20 19:34:52,2018-03-14 13:14:40,2018-03-09 00:00:00
923858c3c7a920c2b0ac32ad75bb0280,bdaeccdb6aca7bd9cfd7a53ea93b41cc,delivered,2017-12-06 13:08:53,2017-12-07 03:12:38,2017-12-07 20:37:08,2017-12-14 20:37:01,2017-12-29 00:00:00
262509218257310f675994ae58ffbfa9,68e329cc0fcc7bfecb38e17414ea4f4b,delivered,2017-05-24 17:19:22,2017-05-25 03:02:34,2017-05-26 08:42:47,2017-06-12 17:54:53,2017-07-05 00:00:00
f52830b0ca8b8b633b4c270c33603cbb,eade89049d83824e624c0c8ea7c81c37,delivered,2017-03-22 12:58:25,2017-03-24 02:43:57,2017-03-31 10:34:29,2017-04-06 09:54:44,2017-04-12 00:00:00
5da2004d85f2828349d887c989da2adc,95f592086150f0c95d3082aea047b816,delivered,2016-10-05 20:20:59,2016-10-07 02:48:26,2016-11-21 10:23:41,2016-11-26 08:16:49,2016-11-29 00:00:00
c261c57774808b333866f1957d4f8ebd,a5deab37103ca8c97bc8b9adb7de4c9b,delivered,2018-02-21 22:57:17,2018-02-21 23:10:24,2018-02-22 18:52:17,2018-03-02 12:41:46,2018-03-08 00:00:00
83fb50047ae335655fcb980c0a2430b5,a5625176ab429bebff8b164653f2ff02,processing,2017-05-27 17:48:11,2017-05-30 05:02:21,,,2017-06-29 00:00:00
d2edbdf7b05aec925d270f089e79443e,fa23ca3880fe6cadfe125c7d79c7b102,delivered,2017-10-11 14:18:00,2017-10-11 14:42:32,2017-10-18 18:39:49,2017-10-20 19:07:47,2017-10-24 00:00:00
126b56e36148dafa96b5705c766ab2c0,33add7528833f57795e0549ea17dd0b3,delivered,2017-03-02 12:17:57,2017-03-02 13:06:05,2017-03-08 14:49:41,2017-03-15 13:10:12,2017-03-27 00:00:00
bee3bdf96f440b4049e95e8eb6f64dc0,357bce4410edc8454d9c1448f5664305,delivered,2018-01-29 19:05:28,2018-01-29 19:15:32,2018-01-30 18:24:04,2018-02-08 17:28:28,2018-02-20 00:00:00
c7ffd8434c98d275690e80f967a3be3a,755071dd68e519ca13dc77e70fb98710,delivered,2017-05-02 17:07:34,2017-05-03 11:50:23,2017-05-04 13:57:34,2017-05-17 08:32:19,2017-06-05 00:00:00
2d5f1dc93c565d00ce25e43b11b48596,c0fe3da5b46a731f4fcb8b1cefe71333,delivered,2017-05-18 11:36:28,2017-05-18 11:45:23,2017-05-19 12:35:17,2017-06-28 14:29:50,2017-05-31 00:00:00
f79b8af9c83e40ce3234880ed7196426,6e1149d91b737dab3f76295f3551f73b,delivered,2018-02-28 20:41:39,2018-02-28 20:50:39,2018-03-01 20:12:23,2018-04-20 17:34:43,2018-03-27 00:00:00
2047712d309c37ea8b67d413cd8632e1,8688c18df2ad90ba2e2bfae32068eebc,delivered,2018-02-16 00:27:07,2018-02-17 02:07:56,2018-02-20 22:37:39,2018-03-05 17:28:53,2018-03-14 00:00:00
8d92a85b0ecdf7d7b3807474390ee2be,d72100dfddbecb3d8a9d74d3e35fd472,delivered,2017-05-16 22:51:01,2017-05-18 02:25:36,2017-05-18 15:24:23,2017-05-22 11:22:37,2017-06-06 00:00:00
8a9ac22fb6bfbcd5b5a0e0f111fc7b04,54da822bc6ee174188b34d160c0c0ff8,delivered,2018-02-03 18:21:54,2018-02-03 20:10:16,2018-02-15 00:35:18,2018-02-19 16:49:02,2018-02-22 00:00:00
461284c65054e6492ba30c4ae2ca1a26,f0214ebcddaa587605347762769839fb,delivered,2017-06-24 01:15:34,2017-06-24 01:25:11,2017-06-29 09:04:24,2017-07-13 19:25:40,2017-08-01 00:00:00
5e41827b759a0bb0ed7c166e8f9f43e1,7bced3969d47023b7ab580e4cfdda7ed,delivered,2018-06-28 12:39:44,2018-06-28 12:50:26,2018-06-28 18:59:00,2018-07-05 18:54:47,2018-07-13 00:00:00
577741df3a9a24834a116ed4b278233e,9e89c236659179966723613317e173aa,delivered,2017-05-10 21:51:44,2017-05-12 02:55:21,2017-05-22 18:52:44,2017-05-30 11:20:07,2017-06-13 00:00:00
501fa503297c10bde871ab325df28a23,8428f774d6ce7cd3dc2eb43f2c7a461e,delivered,2017-05-08 17:26:08,2017-05-09 16:22:05,2017-05-10 14:36:57,2017-05-11 11:04:16,2017-05-29 00:00:00
bb004371887666040d4ca5e0b002bd08,3332198d8f0107505a5d724f6bf20c9d,delivered,2018-03-21 22:34:35,2018-03-21 22:50:24,2018-03-26 22:38:56,2018-04-04 22:12:54,2018-04-10 00:00:00
8030ea400239674937d96cff6bf0c321,fd49e9ce1d624c2b1dab02c05ae03838,delivered,2018-01-11 18:24:34,2018-01-11 18:33:43,2018-01-17 21:07:11,2018-02-08 17:57:41,2018-02-14 00:00:00
2eff76a325fc7035ebbd93657c4f61a3,08beeaa5c7bacd3b0af94874563893a1,delivered,2018-04-05 01:30:10,2018-04-05 01:47:33,2018-04-10 23:19:06,2018-04-14 15:48:26,2018-04-20 00:00:00
54aba7d2489d6b8a6bc2fa1a54a1bb69,4b89b43382d62c52876fdc2d67bbaf16,delivered,2018-04-12 15:15:43,2018-04-12 15:30:49,2018-04-13 16:37:40,2018-04-16 14:06:54,2018-04-30 00:00:00
6ddabf2a8041dce9c002843951566c40,b13d2760d38f105bdc7647c63b130e0c,delivered,2017-06-17 14:34:41,2017-06-17 14:45:45,2017-06-19 20:49:54,2017-07-01 11:22:08,2017-07-13 00:00:00
fa8ba64335831e92f3a3866f8fdc9e56,d76d31867325831b69004537e58f7e2f,delivered,2017-11-24 18:28:18,2017-11-24 21:37:47,2017-11-25 11:03:39,2017-12-02 18:18:53,2017-12-14 00:00:00
dc72db753eb60af9ec0bf9afaf60f36d,3ea02d8ec736f8f94fcdcf7d43bbfb92,shipped,2018-04-10 18:54:26,2018-04-10 19:10:21,2018-04-16 21:57:47,,2018-05-08 00:00:00
70337534367fb81be994632264ee8f9e,8bc4500b8daa17dc6179adbc6a8ab9e6,delivered,2018-02-26 20:36:25,2018-02-28 09:29:23,2018-02-28 20:09:54,2018-04-13 18:18:29,2018-03-26 00:00:00
b45e88e636c88f0aa9ba543bf538fa1d,236f7b080d8547793a424de49f9589a0,shipped,2017-05-12 13:06:00,2017-05-16 03:31:03,2017-05-17 11:07:37,,2017-06-06 00:00:00
be1b9fcc29d5416fe7ffc86782720aaf,926850cd530936100af53811884a6c4c,delivered,2018-04-24 17:11:49,2018-04-24 19:10:31,2018-04-25 14:31:00,2018-04-30 23:46:46,2018-05-16 00:00:00
2b2021afc839498368ab00d64c9f1912,1267bc0a6f110e3e057dd92eb0163c61,delivered,2017-11-17 22:22:19,2017-11-17 22:35:28,2017-11-21 11:51:35,2017-11-29 01:02:44,2017-12-06 00:00:00
78ff4e2150a4d62c899729924518c667,fdcd4f45e64fb171ac37d17e86921672,delivered,2017-12-04 15:07:09,2017-12-04 17:07:57,2017-12-06 16:59:12,2017-12-21 17:44:23,2018-01-08 00:00:00
fde8ba9ac93d634f0221d048bae1dcf3,8e8100cecf5d8edee177276a3006d02a,delivered,2018-02-21 23:12:46,2018-02-22 23:28:23,2018-02-23 19:04:41,2018-02-26 15:03:42,2018-03-07 00:00:00
f775d07070d41cc84bca7d1ced815c0f,3ca7336825e4f7874df2c588dac596da,delivered,2018-07-17 15:25:27,2018-07-17 15:41:35,2018-07-19 10:35:00,2018-07-20 22:14:54,2018-07-25 00:00:00
d1115d0ed9dd324d055881a93441ee7e,878c7c46a4ed1541fc57e28a26d4d1e2,delivered,2017-11-24 20:02:43,2017-11-24 23:15:00,2017-12-04 16:08:48,2017-12-16 17:51:23,2017-12-20 00:00:00
196023b0ecde715e3a41bd00ca208a9f,fdd48a32f403170cf965e38c9400b139,delivered,2018-08-13 22:49:40,2018-08-13 23:04:07,2018-08-15 14:58:00,2018-08-20 18:24:30,2018-09-03 00:00:00
ecfc862cb2fabd3d5f9c86117a9baff0,5bb03a9d99d476e8634520ceb63e08d6,delivered,2017-02-05 19:13:56,2017-02-05 19:22:06,2017-03-16 09:43:39,2017-03-22 12:24:48,2017-03-09 00:00:00
daba32f13e003a4703e784cd05cc1546,192db3ff008dd51ac5687b2a37a0b02c,delivered,2017-08-18 12:38:26,2017-08-19 02:10:31,2017-08-22 18:03:49,2017-09-04 20:07:37,2017-09-14 00:00:00
3f7adef1231a477e6ff24caefa8afd63,6647c7485d0a91fe4b176db1016d999e,delivered,2017-12-10 22:05:44,2017-12-10 23:08:49,2017-12-12 21:18:56,2017-12-15 16:33:00,2017-12-28 00:00:00
a372fdd360569fb483549dd211ba9da4,cf95dfe51ec731b2c0f9989fa7552591,delivered,2017-12-30 21:12:07,2017-12-30 21:19:18,2018-01-04 22:38:12,2018-01-29 19:56:51,2018-01-31 00:00:00
a69ec1a52a9dc2098fa6fbe6a47545a7,909e605a5ecf709a35b217b52ac2dbf6,delivered,2017-12-11 01:05:34,2017-12-11 01:15:25,2017-12-13 00:18:34,2017-12-29 14:42:13,2018-01-08 00:00:00
303c1a4cb953c69bf9ad12194dc3d44d,9ca6973ed81e70d17e179628ec6d47e5,delivered,2017-03-23 23:44:32,2017-03-23 23:44:32,2017-03-24 11:04:20,2017-04-03 15:03:44,2017-04-11 00:00:00
9c83e5ae8ff2b5cad999c3dc6129a888,b16ed08790d757ebcbc3533101fb1ace,canceled,2018-03-03 09:44:30,2018-03-03 10:20:20,2018-03-05 19:19:03,,2018-03-15 00:00:00
add4a7fe1b17829ea0b43587b44c1176,dfeeaacf3ac43668f3a468f71b2cf65b,delivered,2018-04-03 14:44:44,2018-04-05 02:10:32,2018-04-05 21:51:50,2018-05-16 23:21:33,2018-04-26 00:00:00
2f6492ebb2badd06db511b63ae7d7f55,0ffc8e8c374a394b0715d65963d641f1,canceled,2018-01-20 14:59:28,2018-01-20 15:22:02,2018-01-22 17:09:37,,2018-02-20 00:00:00
3607a5c1a425d6896e8327401100e0b2,94caa280131f94e91f17a852f03b199f,delivered,2017-10-25 22:17:10,2017-10-25 22:28:16,2017-11-13 17:15:47,2017-11-28 22:04:38,2017-11-16 00:00:00
910b9c78e8a4717b0c449d2b731a33d2,2f2bc43aa93537773ffd9614c17c7974,delivered,2018-05-14 20:21:36,2018-05-14 20:37:56,2018-05-15 10:21:00,2018-05-17 14:54:37,2018-05-22 00:00:00
f7a7059f0d9946568a0892de75768327,e5c4ecd26f96f4c396a87c36e270d66a,delivered,2018-07-19 22:42:54,2018-07-19 22:55:16,2018-07-24 14:37:00,2018-07-30 14:08:39,2018-08-01 00:00:00
b5628337dad9ae1f38266f0e22fdae4a,5092c34f9cd47ca0d9113d39cc513940,shipped,2018-04-10 22:02:11,2018-04-10 22:11:12,2018-04-12 20:22:39,,2018-05-09 00:00:00
8193d208442242314fa5a7d9c9b73df3,eae0befe714c06774b8f88623c2e4bb3,delivered,2018-02-17 23:26:19,2018-02-18 00:26:38,2018-02-23 01:16:54,2018-03-08 14:50:05,2018-03-23 00:00:00
6bc5da0239ae806987a22ccbb45f3fc8,e4a08e459341579f49bdcdb73f0b2272,delivered,2018-04-17 14:24:21,2018-04-17 14:35:15,2018-04-18 23:19:09,2018-04-24 22:12:03,2018-05-29 00:00:00
57e1f02c24c1c6c9b445d77373d9f4fa,6feeb77df30ef447c4f061a576768be8,delivered,2017-05-04 16:50:16,2017-05-04 17:03:07,2017-05-11 10:40:49,2017-05-19 10:49:59,2017-05-31 00:00:00
e91a3bc14b8d125d82f0334371c39926,befe184e4eb181470e6063a1a368a093,delivered,2018-08-27 17:01:43,2018-08-27 17:10:27,2018-08-28 14:56:00,2018-08-29 20:04:52,2018-08-31 00:00:00
12019ed87b97cee3add615b1f8c9e9b0,034dbf527c403a97312d2d20abb0d0d3,delivered,2018-07-24 12:01:12,2018-07-26 03:15:22,2018-08-15 15:41:00,2018-08-17 23:51:41,2018-08-16 00:00:00
0996d6fb4402593986c6b1541bfcb4cc,f1de7e62c59c215f024ba7de9744fba5,delivered,2018-05-02 21:45:42,2018-05-03 21:50:54,2018-05-04 15:21:00,2018-05-18 14:24:57,2018-05-14 00:00:00
dc427026beaee4c2f8944943cd8f33f1,32534433c18f0c05c7b2e78f94ff3e92,delivered,2018-05-15 15:49:12,2018-05-15 16:15:10,2018-05-17 11:39:00,2018-06-20 20:58:17,2018-06-01 00:00:00
ef42ca96b36e758b3da05888aa8ad723,c09c9145125e2082c928a5c3de5664fb,delivered,2018-04-22 22:00:53,2018-04-24 17:44:29,2018-04-23 23:04:02,2018-04-24 23:42:47,2018-05-02 00:00:00
9e7cfc823ef88f92ca66fd57db258c51,2dc4db7a0495f02e107ca167a7a62c4f,delivered,2018-02-07 06:51:08,2018-02-07 07:09:33,2018-02-08 14:08:00,2018-02-10 11:12:28,2018-03-13 00:00:00
3ef5c8159bd4605715d1fd6e20cf8137,932eaecbf57142d67adbc8f4508ae87c,delivered,2017-05-17 12:50:13,2017-05-17 13:11:26,2017-05-17 13:51:48,2017-06-23 11:19:48,2017-06-19 00:00:00
85eda86e7e2d402f5b3bfa90de8e2ec8,b6b777295f604b9b68ed465b7e0cae5f,delivered,2018-04-23 00:09:20,2018-04-25 03:30:11,2018-04-25 14:54:00,2018-05-02 19:12:26,2018-05-17 00:00:00
07e74b39ce62a7c6f7063b3168748191,908fefed2615ed41b2880512db12c758,delivered,2018-08-01 15:46:14,2018-08-02 15:43:58,2018-08-03 10:09:00,2018-08-06 20:28:38,2018-08-06 00:00:00
a4d3d2773b4016fd346ced87e513885e,ce57fbcaf7237a39de9782ccea0c86ee,shipped,2017-09-29 23:32:10,2017-09-29 23:49:19,2017-10-02 21:42:34,,2017-10-17 00:00:00
fe994a77b800557e79c0e416391064c2,275085bc05e9616f77919c8ec50adb30,delivered,2017-12-21 14:26:30,2017-12-21 14:37:27,2018-01-03 10:08:10,2018-01-04 17:39:20,2018-01-10 00:00:00
f82a3c6e1e4ad29964e50eb40ba50ea8,8e921bf23e862c652097101085894db6,delivered,2017-07-11 21:19:06,2017-07-13 02:55:38,2017-07-13 17:07:44,2017-07-22 17:37:33,2017-08-03 00:00:00
b306e43825024d6a7727ed3bb863b650,5e585800a1e9e903a5f8ce1e36d7e635,delivered,2017-06-01 19:34:09,2017-06-01 19:45:12,2017-06-02 15:42:30,2017-06-22 14:13:00,2017-06-26 00:00:00
5e682664f3f3651fbaf00a25915ef580,3d17ae229f9e6faa5a5b9a03037acbb5,delivered,2018-03-07 12:27:19,2018-03-09 18:29:23,2018-03-14 18:46:47,2018-04-17 16:42:03,2018-03-28 00:00:00
05a82511dd29bef74d8003b015912fd6,ebf7e7691b7e62b2df6bbb5621bf6557,delivered,2017-09-11 21:54:03,2017-09-11 22:10:33,2017-09-14 20:17:48,2017-09-25 12:14:53,2017-10-24 00:00:00
4141a4d0188de2c856950810c9a5e52c,236b2f908248dc4231c35c2153db2c3d,delivered,2018-06-21 15:08:30,2018-06-21 15:39:16,2018-06-25 12:59:00,2018-06-26 16:34:55,2018-07-13 00:00:00
191770cd4f3a7135f4db78a9230ac3df,762e79437f60ec2d9007b5a3f97139a9,delivered,2017-12-14 18:37:44,2017-12-14 18:52:22,2017-12-21 18:54:47,2018-01-03 21:18:50,2018-01-11 00:00:00
6cfa5243a13a7ea9c5b37fba140d4f9d,c9ea27accd209c13378af27611158cd9,delivered,2018-03-07 13:41:25,2018-03-07 13:50:29,2018-03-07 23:34:03,2018-04-09 23:19:10,2018-04-02 00:00:00
db22f279752a5ef41428982b9a7ba8c3,7a4beb2915cebb15e4404c1d764ff1ff,delivered,2017-11-20 12:48:13,2017-11-21 12:46:55,2017-11-22 19:58:38,2017-12-27 20:36:48,2017-12-22 00:00:00
6638eba9b5e3a5a8342e07e8f2d32637,5cf08d803520cf26311efcfc01cc5c82,delivered,2018-07-20 00:48:14,2018-07-20 01:03:08,2018-07-24 08:30:00,2018-08-14 21:39:09,2018-08-08 00:00:00
f8bd3f2000c28c5342fedeb5e50f2e75,8df587ce8a11ee97b3de9ef3405245c2,delivered,2017-12-10 18:44:23,2017-12-12 03:59:36,2017-12-12 18:05:41,2017-12-14 22:04:30,2017-12-29 00:00:00
8dbf95d9c5478e672a3de4e316ab4d9a,9c10f9a20b72a0e5280f7190bb35d60b,delivered,2018-07-04 19:46:29,2018-07-05 16:22:46,2018-07-05 10:45:00,2018-07-14 18:52:39,2018-07-30 00:00:00
4d5e865e4b64c8b33f8a81fd14731344,1227e78bfc2760c165324d240e2d9ff0,delivered,2018-04-20 14:54:15,2018-04-24 19:20:25,2018-04-21 00:28:54,2018-04-23 14:35:02,2018-04-30 00:00:00
7ecf95f48e7c79ea6b74c40bc023bbee,8643eb5581484900c3b59ca579e7e5d4,delivered,2018-05-04 19:00:01,2018-05-04 19:10:14,2018-05-09 15:04:00,2018-05-10 15:22:07,2018-05-17 00:00:00
02c8a77069dc7fd1cf273312c3a6e499,35a4c349e95eea674c798a25a532995b,delivered,2017-08-30 23:47:53,2017-08-31 00:05:03,2017-08-31 15:14:46,2017-09-04 15:09:54,2017-09-18 00:00:00
1237d70df58d4f9a8bd929b9943f9b8a,d6b41b191f1f643ff583898156e049cf,delivered,2017-10-09 09:58:11,2017-10-10 04:06:11,2017-11-17 14:19:55,2017-12-05 16:47:02,2017-11-06 00:00:00
3151632a0a68e4f69a7f29961a091904,4cd8954099b721f318f46fa45de99180,delivered,2017-03-20 09:28:58,2017-03-20 09:28:58,2017-03-24 09:57:43,2017-04-10 08:43:33,2017-04-06 00:00:00
6da03ff3a2192306afabb2c8afb92c5b,196568a17e905501e428b29ca61042cf,delivered,2017-08-14 14:38:17,2017-08-14 14:55:14,2017-08-17 23:57:32,2017-08-24 17:23:35,2017-09-20 00:00:00
258fdca015115622abad4d8ac1a13ae4,07e4b8e04c04a18508d3e4999e460f8f,delivered,2018-01-06 22:15:13,2018-01-10 10:32:44,2018-01-10 17:59:13,2018-02-03 17:34:45,2018-02-09 00:00:00
d30a31ae450b7eccbb5fc54276bdccf7,3acc27e263c06640d5504a78eb14b9f4,delivered,2017-11-06 14:50:40,2017-11-06 19:36:57,2017-11-09 18:18:34,2017-11-21 15:09:00,2017-12-05 00:00:00
b8d77039678b54ada97e6420b3272850,841e56fbee6e9b955edee71e568cedc1,delivered,2018-02-23 13:33:11,2018-02-23 13:50:30,2018-02-24 00:09:04,2018-02-25 13:58:30,2018-03-09 00:00:00
4dc5a389009b6cb5c61706d49f229a39,40ee2dbf97c0215d7c853f0f19b8d75c,delivered,2018-02-23 00:07:39,2018-02-23 00:15:51,2018-02-26 19:26:55,2018-05-28 21:47:43,2018-03-15 00:00:00
13d38ae5c379157b139b2bef4a906c7a,ac58c4227a6b6b12f7e158a96522f61d,delivered,2018-05-24 17:51:08,2018-05-25 02:55:01,2018-05-25 14:01:00,2018-06-05 18:18:28,2018-06-28 00:00:00
cf942f6450b43eb334f0e34e792d12a7,f7b40fd4ffda1503c9d1f512b937ba32,delivered,2017-10-30 17:43:42,2017-10-30 20:31:34,2017-11-06 20:58:45,2017-11-14 12:51:27,2017-11-17 00:00:00
e4b8672f8079cde3f79ec04e8d22a842,9405f5cbf0966150956f3f56ae1d3947,delivered,2017-09-06 07:56:09,2017-09-07 02:55:14,2017-09-12 09:20:01,2017-09-14 19:52:02,2017-09-25 00:00:00
03343a88c4d669e6378c5aedc4147919,d6851a9cf4328debeddd2f63212ff9e2,delivered,2018-01-16 12:06:29,2018-01-16 12:16:58,2018-01-16 22:37:59,2018-01-31 21:46:39,2018-01-31 00:00:00
7fbe250d2d22b8976024eee98fef9cef,1479ff715a4d0d50f559fb434ffaac23,delivered,2018-06-25 13:39:13,2018-06-25 13:58:44,2018-06-26 14:33:00,2018-06-29 23:18:41,2018-08-01 00:00:00
27e64186c53a2a4b80641c116be0b834,d2bba849f339d556466b3cf88f912d36,delivered,2018-01-09 08:36:11,2018-01-09 08:51:26,2018-01-09 16:14:59,2018-01-14 17:42:12,2018-02-05 00:00:00
fbd82b1fe98967de0db29b6cf134d00a,45f5c9d984dbfa2105e3544cc85133bf,delivered,2017-01-18 08:55:36,2017-01-18 09:05:10,2017-01-18 10:41:58,2017-03-07 08:55:47,2017-02-14 00:00:00
0749c820395dd586556efd230c9d1bb9,5248d3a86f1b9bfe42ed12027d84b454,shipped,2018-07-04 13:12:48,2018-07-05 16:25:09,2018-07-05 12:01:00,,2018-07-19 00:00:00
ea4b6713b8009eaeb7d72827ee097dc0,d53f4eb24571b232822f08a0ad906037,delivered,2017-07-04 19:08:30,2017-07-05 17:40:29,2017-07-06 14:27:37,2017-07-14 19:29:48,2017-07-26 00:00:00
288550748c3bf4d64ca22b79487eeaf2,3e40061e2f7a3c95b1eaf7966941eb34,delivered,2018-01-22 16:07:40,2018-01-23 17:24:36,2018-01-24 19:16:33,2018-01-29 18:08:31,2018-02-14 00:00:00
1db522d84fad144624204d532f5277f4,204418cfa7ba634d96bcc057786b4307,delivered,2017-11-25 00:57:09,2017-11-25 02:38:27,2018-01-04 20:44:20,2018-01-19 18:33:30,2017-12-21 00:00:00
824d7ceed6163ed2e8693f90f0400db8,887d3d832d661c9cec2fbdaedb821f6d,delivered,2018-03-14 20:01:12,2018-03-15 19:55:36,2018-03-24 02:03:31,2018-04-18 19:02:02,2018-04-19 00:00:00
64b124e81c976cf11238b0bd8ae04aff,a36874062543a8fb71e68e85a85ca3ec,delivered,2017-06-03 18:50:13,2017-06-03 19:02:05,2017-06-05 10:47:40,2017-06-26 10:15:02,2017-07-10 00:00:00
e9dfc83e3a97891266e996cc26a388b0,b49b8fc199c7b5e7f87655ef2d542874,delivered,2018-06-27 09:49:43,2018-06-27 11:06:19,2018-06-28 11:57:00,2018-07-05 21:27:10,2018-08-09 00:00:00
c71ea8a5b6871328f8f6fc3998b96e2f,d94318baed6b8508abf89b3056bff788,delivered,2017-07-05 11:00:26,2017-07-05 17:39:25,2017-07-12 19:27:34,2017-07-19 01:57:44,2017-08-08 00:00:00
4c3428283da9b354465abf10f72f556e,887363c85fcb5853fd68ed73182e12e2,delivered,2018-02-07 09:16:50,2018-02-07 09:31:33,2018-02-16 01:15:06,2018-02-27 21:24:58,2018-03-07 00:00:00
6e27f04e8947d6be930769e3ce557bdf,259e07ebcf2a6be5fcd98f01099eb7f4,canceled,2017-03-05 01:03:51,2017-03-05 01:15:09,,,2017-03-29 00:00:00
e3e1b813f658feb4bc2c345bc2d399f5,43a917e7a3082490cfb087d219d8a330,delivered,2017-05-23 00:08:56,2017-05-23 01:02:24,2017-05-24 14:29:35,2017-06-19 19:14:48,2017-06-16 00:00:00
655bc8e53bf6638c8e7c49962fb60a4f,a7498bfe950aae505fb53f3647fa8178,delivered,2017-04-23 18:15:47,2017-04-23 18:31:32,2017-04-24 09:41:44,2017-05-04 13:14:18,2017-05-17 00:00:00
7708627520d1045aae5a3e31f89d3491,20c6d809dfbc5aa2dec5652ee604a91f,delivered,2017-10-24 16:58:19,2017-10-24 17:14:28,2017-10-25 17:05:10,2017-10-26 18:10:41,2017-11-06 00:00:00
5fe3dbcaf7a5fd778212b6dcf650db26,1f2a03c677c86725f29a8bb0917c6a51,delivered,2017-11-10 13:47:20,2017-11-10 14:07:05,2017-11-16 18:57:50,2017-11-23 01:35:49,2017-11-30 00:00:00
016754282c7690ebd6658f9f8e0a49bb,2d5ef00df7f7b3574cee1033e6ec53cf,delivered,2017-06-06 12:35:13,2017-06-06 13:30:39,2017-06-07 12:40:53,2017-06-08 10:04:41,2017-06-21 00:00:00
be7a773222d5a7d8b12e75ed2320037a,14fb55c459d876ffaed351c4e23351b1,delivered,2018-02-24 11:24:45,2018-02-24 11:35:26,2018-02-26 18:58:05,2018-03-07 15:42:13,2018-03-26 00:00:00
fd35f76586d33671031d89dc11030a4f,1a1c743fedba1e6a56838f343048daf9,delivered,2017-08-26 00:54:09,2017-08-26 01:05:12,2017-08-29 19:12:53,2017-09-15 22:07:20,2017-10-20 00:00:00
f206c6ef0257553e7eabe4dbb10b6787,57770afac55ad920cc32d7b4d0a1230a,delivered,2018-06-03 00:42:34,2018-06-03 00:55:21,2018-06-05 13:50:00,2018-06-11 11:12:03,2018-07-12 00:00:00
10710544d8adf2b743de71711a372fa2,e67be5e91fbbe07d43b7ae7263ef8b3c,delivered,2017-02-24 15:13:35,2017-03-02 03:50:27,2017-03-03 11:35:52,2017-03-28 13:43:04,2017-03-21 00:00:00
cd80f267aabc7357c2caaa8848e1cd3c,a19cfe9d36bd6c3ad4e4cee2d165d366,unavailable,2017-12-07 12:26:00,2017-12-07 15:21:55,,,2018-01-02 00:00:00
cdbb4d02acee4e30dcd2797d3ed1b510,917c477d3c63db7af7578b82bb101559,delivered,2017-12-06 11:07:43,2017-12-08 08:31:37,2017-12-08 17:52:27,2017-12-13 14:22:45,2017-12-22 00:00:00
cea25ef7695cbbf27888da010e3ddd2a,1551880a021b8cc82b9d9fc4b1991506,delivered,2018-06-29 14:24:39,2018-07-05 16:06:14,2018-07-03 13:22:00,2018-07-11 23:55:34,2018-07-25 00:00:00
e2a2dd06d145888e8ae6cd472c742e7d,597e456d1bb6e8dbde1ebcae4734e978,delivered,2017-12-10 21:11:07,2017-12-10 22:09:29,2017-12-11 18:44:27,2017-12-27 19:33:00,2018-01-08 00:00:00
9434dbf9745b53e6da97527b226f9219,ad2b60a04f13841b2e58de3556c2544b,delivered,2018-03-19 16:04:20,2018-03-19 16:27:23,2018-03-23 19:46:32,2018-05-03 02:38:31,2018-04-10 00:00:00
cb47bdb6944b3df9373054e6ab62cf46,35a68e6e1ebd3fa29294c6a7b198db42,delivered,2018-02-12 23:27:44,2018-02-12 23:47:30,2018-02-15 22:17:18,2018-03-28 20:03:31,2018-03-21 00:00:00
f5594a5beff0da9f2ae31381e7f4195f,4770016d1bae6437b699bea4a2ce8ae6,delivered,2017-09-15 14:42:54,2017-09-15 14:55:31,2017-09-15 21:14:43,2017-09-26 21:18:53,2017-10-13 00:00:00
95502da30f1b1b49b7e29e09c961f77a,9e3c248cecf45df8908d2eba7f718498,delivered,2018-02-15 23:31:17,2018-02-17 03:48:00,2018-02-19 12:49:17,2018-02-21 14:11:46,2018-03-02 00:00:00
f3aa2dd753099c0b69934615c49540c2,e0e21892a75d9de82362845630f91efb,shipped,2017-11-04 18:26:00,2017-11-04 18:35:25,2017-11-06 21:22:06,,2017-11-17 00:00:00
7133741ec73ad73f2b0df0078f3dff59,7f89e070ec0556f373339ba76637964d,delivered,2018-06-21 12:20:52,2018-06-21 12:41:03,2018-06-21 15:20:00,2018-06-25 23:26:23,2018-07-18 00:00:00
3c87c321032c0aad76143340499b6b55,d09d7d280cc60fca783c876f460d43a8,delivered,2017-11-21 15:11:07,2017-11-22 03:07:01,2017-11-22 16:02:52,2017-11-29 11:28:39,2017-12-07 00:00:00
adb3a0386f6e1f65d5fa85ecfc0f64a2,efce0446c7a2965ea8f7e70ddb7ebd7e,delivered,2017-10-16 21:51:29,2017-10-17 21:49:22,2017-10-20 11:33:00,2017-11-27 22:14:04,2017-11-09 00:00:00
493c01f6ccb506898f25e3b7eb123d18,36a6601c12cfce27029bbd8be26430dc,delivered,2018-02-17 14:07:46,2018-02-17 14:26:40,2018-02-19 22:28:52,2018-02-24 03:19:11,2018-03-22 00:00:00
5a4f11a9be03037cc84e5b77f4cf9d82,ae83491ae685afa6ec6af5deba64d7a3,delivered,2017-12-19 23:35:52,2017-12-19 23:53:18,2017-12-21 16:13:43,2018-01-05 22:05:43,2018-01-08 00:00:00
9e7b4dc19aadc8298e2984986d3bf014,2ab4c04d8d6160749ea57e125c32a6a1,delivered,2017-10-13 16:52:15,2017-10-13 17:08:29,2017-10-30 17:37:55,2017-12-20 14:32:58,2017-11-10 00:00:00
f4cf1adfbef386f1559758ebe5db01b1,5d970c9d83f58152d477d717c7affd80,delivered,2018-07-21 10:39:29,2018-07-21 10:45:19,2018-07-25 09:40:00,2018-07-27 16:02:10,2018-08-08 00:00:00
07ff1545b26c5800dc2d25ab88055082,7ca700079250fbfa899bb7d098b8b108,delivered,2018-03-05 18:12:13,2018-03-06 03:49:43,2018-03-09 22:42:08,2018-03-20 14:38:43,2018-03-21 00:00:00
3757dc827b45811e32f858867877df67,442c2a88842315cb04a3d46658371689,processing,2017-08-21 10:59:48,2017-08-23 02:46:19,,,2017-09-14 00:00:00
3c98e4bedff26f850c4f9989b16c8ee7,a929dc93107a35a8f1e62177386711c6,delivered,2017-04-26 10:41:39,2017-04-27 08:22:31,2017-05-04 13:32:20,2017-09-19 18:12:28,2017-05-23 00:00:00
9e555160d5ee4c0a12a9451cc98afedc,ec55b85b43b1ea0b5488736283c05e78,shipped,2017-11-16 12:04:23,2017-11-16 12:31:39,2017-11-17 17:34:45,,2017-11-29 00:00:00
334ab6dc70bc9a09b01827959aee65ba,f825273ddca164fab2c91c5bcdc58f4d,shipped,2018-03-10 14:17:54,2018-03-10 15:08:10,2018-03-12 17:21:41,,2018-04-03 00:00:00
fe185068c0d733ffb18fe6636ac8e498,465fb57f1267c03fca458f571bc5fed2,shipped,2017-07-16 12:39:50,2017-07-16 12:50:13,2017-07-17 14:56:54,,2017-07-28 00:00:00
6a19c9502bf44deb70d04ba20d586866,52edc459da15ba6237812975585c88f2,delivered,2017-04-20 09:53:18,2017-04-21 05:33:10,2017-04-25 10:59:43,2017-05-05 18:35:50,2017-05-18 00:00:00
493f708b1e1209147ca4bea838be1148,2cabf0e9d78b9d2f8d6a79ba87f24366,delivered,2018-04-24 09:57:09,2018-04-24 18:14:06,2018-04-25 14:06:00,2018-05-04 01:19:12,2018-06-01 00:00:00
b7afd3ff20d28b3d5ebb3b0f1d4c2ffb,765b16069f3a85853163fa38153e3d0d,delivered,2017-02-18 21:54:46,2017-02-18 22:10:11,2017-02-20 16:22:46,2017-03-04 08:32:45,2017-04-06 00:00:00
417f9f65f61787a7bec245c5e8c589dc,f2220e827c9230ec561dab611317a232,delivered,2017-07-04 20:46:07,2017-07-06 19:30:11,2017-07-07 20:19:47,2017-07-27 19:39:54,2017-07-27 00:00:00
dd8d541616639212eb325bc7d015350b,5d547edb8110d2bfeeedbd045491ac93,shipped,2018-05-16 13:03:16,2018-05-16 13:19:59,2018-05-18 10:43:00,,2018-06-25 00:00:00
95fba842978e008c75e640b1908f1867,a5817e13f0c91bdfddfb326c341451ed,delivered,2017-07-08 21:30:18,2017-07-09 06:43:07,2017-07-10 18:27:49,2017-07-15 03:03:25,2017-07-21 00:00:00
a25eea9aec239850371fc90ff02f45a7,af79c47217ff7e3195ca3bb491e01e8d,delivered,2017-06-28 11:08:40,2017-06-28 11:15:22,2017-07-04 14:36:49,2017-07-05 12:47:28,2017-07-11 00:00:00
ff5b7f440481674b38554434638beebf,e6ab213cb124524887ac41b8eaca9653,delivered,2018-08-15 20:24:56,2018-08-17 03:29:42,2018-08-17 11:56:00,2018-08-30 14:18:52,2018-08-23 00:00:00
3f2467ae6b5a92494a59e95de0d79ba8,83b048e87ab6bc8d7f04a7bd976d9c31,unavailable,2018-01-21 09:43:40,2018-01-23 03:36:52,,,2018-02-19 00:00:00
ac7838d68577acf6e79c465b25ce9268,679d4ea2fbd7a090a67bde09ad348e8e,delivered,2018-03-05 19:58:57,2018-03-05 20:10:52,2018-03-07 20:33:04,2018-03-16 23:04:24,2018-03-27 00:00:00
3975795375144bc36a85de24cd441b21,dfb3fdcc688ded87fb75d226bc3d3eb9,delivered,2017-03-13 10:26:02,2017-03-13 10:26:02,2017-04-03 16:20:52,2017-04-12 17:09:09,2017-04-05 00:00:00
27870055ef90912de8d3ca3524bef306,b55f5e80852ddf5aafeb3d6ad66db919,delivered,2018-04-28 09:23:28,2018-05-01 05:54:50,2018-05-02 08:25:00,2018-05-14 22:20:44,2018-05-24 00:00:00
9fa4ce47e1ab92d83988552a89dc3ed8,ed0ff7e1e92ab6fcd67f435c1baeb562,shipped,2017-07-17 17:39:21,2017-07-17 17:50:14,2017-07-20 17:12:34,,2017-08-18 00:00:00
6a5771a7c4b156a321263b020bd7e3f2,6cca49b1c6983d8a2b755db0d41cd9e1,delivered,2018-01-30 09:29:33,2018-01-30 09:51:29,2018-02-02 03:24:59,2018-03-02 15:58:55,2018-02-26 00:00:00
90a35d9f1707a645c3bd2dda9c3f2643,5d94eb3a651e44419266ec8fddbd57be,delivered,2017-12-02 16:44:06,2017-12-02 16:59:01,2017-12-04 18:04:30,2017-12-19 16:44:45,2018-01-02 00:00:00
6debbd8568d730f4959d1fac74ed0315,66f7666afc694d88befe0d5e48871138,delivered,2018-01-12 19:23:58,2018-01-12 19:31:26,2018-01-23 00:08:27,2018-02-27 00:35:57,2018-02-14 00:00:00
12bab4379a646f08ae89ed0561f5481e,347a3a624ac043af4bc49c2da5b01d95,delivered,2017-10-18 19:41:56,2017-10-20 02:49:34,2017-11-03 22:18:39,2017-11-13 21:02:53,2017-11-09 00:00:00
b0d1dbaf457a73a6acece6bafe89b9e7,2cf009122c9e8663f101b48ac6a60ff6,delivered,2017-12-06 22:43:30,2017-12-06 22:50:33,2017-12-08 21:28:46,2017-12-18 20:03:28,2018-01-02 00:00:00
3e47a8cc66024053901d7313a7d2a0b7,60ce73e9775f73dbdbc1ae5fbd9c2d73,delivered,2018-01-29 10:22:51,2018-01-31 14:31:48,2018-02-01 00:27:46,2018-04-13 17:14:24,2018-03-05 00:00:00
696428244100d1ab711bc608f832e5ef,7c4f2e603bef4befd6c7ea4c855fc817,delivered,2017-12-04 21:08:51,2017-12-05 08:30:59,2017-12-08 19:48:48,2018-01-08 14:57:58,2018-01-08 00:00:00
61920c076c4c9bd3f5e1cd9d42309139,728e53ea927b319d8d4c5e49b8f1731a,delivered,2018-08-15 13:14:00,2018-08-15 14:05:32,2018-08-16 14:44:00,2018-08-24 13:35:32,2018-08-28 00:00:00
4ac05edf248d6206469e17c32e52c9ac,741f00aca12b97beb2db34f629655c30,delivered,2018-08-17 22:35:51,2018-08-17 22:49:33,2018-08-22 16:33:00,2018-08-25 12:07:33,2018-09-12 00:00:00
cf2a9fcfac08206bae42b3118368c9d1,b3670b3da4ad23a4e0f9890e5b6cf737,delivered,2018-08-15 00:39:44,2018-08-15 00:50:21,2018-08-15 12:25:00,2018-08-20 17:06:56,2018-08-29 00:00:00
32be8f17cc988f8a0a52deaa64576dc2,8547b99982b4f351a1ad78a61be2e44a,delivered,2017-09-06 17:55:36,2017-09-06 18:05:12,2017-09-08 15:50:01,2017-09-11 20:04:03,2017-09-19 00:00:00
ad0cbc6e9cc5bce4165e35ad4a42d8a5,dba975f79975d56cf9183c88d5efe0ae,delivered,2017-03-06 20:45:27,2017-03-06 20:55:13,2017-03-08 13:22:23,2017-03-10 09:17:36,2017-03-24 00:00:00
3c75e106ed38695c5bbf7fe5ab77a851,a21aafe2dfc5afc8565390c8459a28e8,delivered,2018-07-08 19:55:34,2018-07-08 20:10:16,2018-07-10 15:24:00,2018-07-11 14:48:26,2018-07-19 00:00:00
eb0b86031f7ecc48bdea37fedd25166c,edbb1df7ea9f65dd2a12a3383ffe79ff,delivered,2017-07-25 16:42:02,2017-07-25 16:55:09,2017-07-26 16:07:01,2017-08-03 13:07:04,2017-08-16 00:00:00
54e9fc9a26833002ae6521780af9dcc6,3dc2249f42d41b0a622da0c82c194856,delivered,2017-12-04 15:07:10,2017-12-04 17:07:53,2017-12-05 20:51:20,2018-01-05 00:13:44,2018-01-02 00:00:00
694226194013138c43ca10eff850b78c,feab0aaf5084b14fd37335fadfe03492,shipped,2017-10-31 22:10:00,2017-10-31 22:25:49,2017-11-01 18:53:37,,2017-12-04 00:00:00
00335b686d693c7d72deeb12f8e89227,d96e5c4400413a11fa8c9fd54be4a20b,delivered,2017-07-17 21:25:23,2017-07-19 03:45:26,2017-07-19 17:07:11,2017-09-12 20:58:45,2017-08-11 00:00:00
81e5023bc130187e464f4f8c328744fa,ad2e63dce7420f1aea7bc997716a32ae,delivered,2018-05-06 16:24:57,2018-05-07 09:12:56,2018-05-07 14:37:00,2018-05-15 18:33:33,2018-06-12 00:00:00
7a6351ddca16a16c5ec71c79dfef9374,cec91dd67b9dcd548f311238e3c1c76c,shipped,2017-11-29 17:43:55,2017-11-30 15:17:22,2017-12-06 17:03:27,,2017-12-28 00:00:00
ba21298fdb05dad91b7b31f4b3b17364,fe25a8b8eb9ca365ba5b01f39f7d0d00,delivered,2018-02-14 14:20:19,2018-02-16 08:20:24,2018-02-20 23:07:46,2018-02-28 15:42:37,2018-03-19 00:00:00
37138848f84d12fc4015d8b261f905b7,b4fa300c78a41ad74748231d43b1423f,delivered,2018-03-19 14:28:12,2018-03-19 14:49:35,2018-03-21 18:51:20,2018-04-02 22:19:02,2018-04-13 00:00:00
028e1ce5e085cc7810f340572c316b35,98250a166957267b24eafb8fd85d8415,delivered,2017-05-21 08:03:50,2017-05-21 09:04:28,2017-05-23 15:48:57,2017-05-30 14:24:31,2017-06-14 00:00:00
8ff1992743a7f3a6daffc9ec9db05cbc,a779b6c2195363f9d7da1e5b3934cb3c,canceled,2017-06-05 21:20:51,2017-06-05 21:30:13,,,2017-06-28 00:00:00
fc72efeda6e41513a1c7956b6a0ccfc3,a5f29d37853cfd28ef2075755ed0cc9e,delivered,2018-03-05 21:23:50,2018-03-05 22:21:02,2018-03-06 21:43:10,2018-03-26 16:28:58,2018-03-21 00:00:00
32c75dfb830b25a968cfd39e54d315a3,08c93b091ea536bc40e8e9436c24f7cd,unavailable,2017-11-07 15:40:54,2017-11-07 15:50:30,,,2017-12-07 00:00:00
252aabc5aca2bc51672fb4ded077dcd7,5974a7436459910a0a91a5e6cdd9c6bd,delivered,2017-12-14 00:06:50,2017-12-14 00:17:38,2017-12-16 13:38:28,2018-02-06 17:27:03,2018-01-26 00:00:00
3d2d939521e7bcf1be4b407ff2690e5f,c2ddb4af80101150ea4ab7b7de63e95c,shipped,2017-11-24 18:44:16,2017-11-24 22:13:17,2017-11-27 22:37:43,,2017-12-22 00:00:00
dfc5c1ae34c30f42aba88ae3a51f97c6,09339f204d1b627af024216de772ccce,delivered,2018-06-27 22:15:52,2018-06-28 00:35:09,2018-06-29 12:41:00,2018-07-02 13:29:42,2018-07-12 00:00:00
cd002226356c8056b3e5d2ab6098543f,ca5a8d53f43c28c976ee6a54bb66d2e9,delivered,2018-03-27 18:21:43,2018-03-28 02:50:28,2018-03-28 22:52:44,2018-05-09 11:05:39,2018-04-26 00:00:00
d730d8d0ea3149120703933fdf98b2d4,ce2a66464da8b80dedd7639a6e489a58,shipped,2017-01-13 20:12:41,2017-01-13 20:25:16,2017-01-16 10:23:19,,2017-02-09 00:00:00
156f6f0ed73a57da184aecc81303bf9d,ef1c3ec5a70e66609b693763c132fdf5,delivered,2018-05-09 17:23:03,2018-05-10 04:16:18,2018-05-10 15:12:00,2018-05-11 21:36:48,2018-05-17 00:00:00
4a6d74776f450ae638cd987636c78491,dd65816219cf87a2d9a157a7c6055ea3,delivered,2018-04-30 23:04:47,2018-05-01 03:35:18,2018-05-02 12:57:00,2018-05-24 13:18:25,2018-05-25 00:00:00
ae83ac701e482df677985b4dfe2960dc,eb6a82aa67158cda7cba8c6ae9a5912a,shipped,2017-05-15 21:33:28,2017-05-15 21:42:55,2017-05-16 10:58:21,,2017-05-26 00:00:00
14699aa32ce85735f3b0ce2ffe417d17,8db7ba9491a09cd557d774a1f4aacc9d,delivered,2018-01-19 20:17:58,2018-01-22 14:19:21,2018-01-23 20:54:43,2018-01-30 22:18:26,2018-02-05 00:00:00
a5b473174cc18cb742dcca534550b5b3,7568bd18487fbdb632e296a69422aede,delivered,2017-11-10 12:40:49,2017-11-10 12:56:07,2017-11-17 12:57:02,2017-11-24 20:41:19,2017-12-11 00:00:00
a0fdcd775c7cf9f4bfa70207f7d6e239,67e270a20e32380799290f749b950b00,delivered,2017-04-07 15:18:30,2017-04-07 15:30:19,2017-04-13 12:26:54,2017-05-19 16:13:47,2017-05-17 00:00:00
688c77c72e79654a39228923333fc18f,77f7c604e368a8138a47ca081a232508,delivered,2017-10-28 07:10:49,2017-10-28 07:26:05,2017-10-31 14:59:43,2017-11-08 20:51:56,2017-11-21 00:00:00
c6c5a3bd6cdccabdc09336d43f4897b0,030ae7b844c8db8738bb14019351ea55,delivered,2018-02-20 10:31:58,2018-02-20 10:47:24,2018-02-22 23:09:05,2018-03-26 18:22:08,2018-03-21 00:00:00
d34e86154f29f6aa2093eb2a578b9326,80b6efab04a0273b5065335546f162d6,delivered,2017-08-01 21:39:39,2017-08-01 22:10:17,2017-08-07 20:07:24,2017-08-08 13:46:01,2017-08-21 00:00:00
c2f065051bb7c9e7f88ebc998f332968,70603180c918c70f8f1455d0ae52a79a,shipped,2018-07-31 13:09:16,2018-07-31 13:25:15,2018-08-01 16:13:00,,2018-08-09 00:00:00
72f164fb286431d6dc328d09e588a434,f47ef1265710e418c2622bd290feda95,delivered,2017-11-24 22:11:47,2017-11-25 01:19:30,2017-11-27 20:46:43,2017-11-29 20:57:41,2017-12-14 00:00:00
75b01078ad5e499d81b6b0f33cfbbf66,08e5b7d999d037498bb7f2b3ffa1ef68,delivered,2017-12-25 12:34:48,2017-12-25 12:48:47,2017-12-26 21:06:28,2018-01-06 14:16:00,2018-01-26 00:00:00
37e5725572d3cbd7aad103b730f9232a,3dd789d5301761182d28eb73ce1558ed,delivered,2018-08-20 09:18:49,2018-08-20 14:53:41,2018-08-28 16:13:00,2018-08-29 22:58:53,2018-08-27 00:00:00
a7de2a15156cab510e1cf5761949255f,0d16bb7bd7c4cb2b20965e3ae4ba43e8,delivered,2018-05-05 09:52:06,2018-05-05 10:13:54,2018-05-09 15:06:00,2018-05-15 21:49:02,2018-05-22 00:00:00
fcda3cc8210e746326864eb933641ccf,fee7cf49127308e2b5402c9984b6f1f6,delivered,2017-01-18 22:41:55,2017-01-20 22:42:02,2017-01-23 11:41:56,2017-01-31 18:47:35,2017-03-02 00:00:00
93881917b8e0f2bf11eec7abbbfe43ec,5c78528de7bc16285f19af96fce88f02,unavailable,2018-08-11 21:38:00,2018-08-11 21:50:11,,,2018-08-21 00:00:00
d731191f76c39fe5c7d22edddb6836ba,0419432b440cac406896f9b2ed4419a1,delivered,2017-05-19 18:13:52,2017-05-20 11:35:21,2017-05-30 04:24:53,2017-07-17 16:05:58,2017-06-12 00:00:00
5f5a937b8e63ac95df2db115354de971,ed71d2c3a3ac53a772b0e8e9db89cc20,delivered,2017-12-23 14:11:57,2017-12-27 04:14:52,2018-01-03 23:08:38,2018-02-08 18:53:28,2018-01-30 00:00:00
c4dacba4560d22bf516c37d850225b2c,ae248597049fb44138b7cc721eb5bc5f,delivered,2017-12-20 21:44:31,2017-12-20 21:56:28,2017-12-21 16:09:43,2018-01-03 23:29:01,2018-01-15 00:00:00
038345c4a9d21c17180f2f77e1701c69,a6e22c9df7242208bd27554da4b6ee97,delivered,2017-11-13 19:55:04,2017-11-13 20:08:11,2017-11-16 18:48:59,2018-01-25 12:59:42,2017-12-04 00:00:00
81c2a9cc7a5d970fa1cb04443002088b,6bba6f64977c6b367a97039f2cc7cc64,delivered,2017-11-27 07:36:22,2017-11-28 02:58:53,2017-11-28 23:59:00,2017-12-01 00:28:24,2017-12-11 00:00:00
2aa928af8787409a83b25d8dd89be295,446b873cefdba6583d42ba7b02ee15d0,delivered,2017-12-11 01:00:21,2017-12-11 01:10:48,2017-12-13 16:52:43,2018-01-15 22:38:57,2018-01-08 00:00:00
1f017356278d0ec178ac6490b8f27d40,da5f449ab9942e1b37e4514206a079fa,delivered,2018-03-25 23:20:35,2018-03-27 03:35:10,2018-03-27 23:18:35,2018-04-10 16:41:38,2018-04-12 00:00:00
4acae38053fac34d667306b2de1445ee,c42f73ace92c8109fb462219dc06a400,invoiced,2017-11-23 11:46:27,2017-11-23 11:55:56,,,2017-12-05 00:00:00
ef95c45a2c0fca1b7aaee8da7c0013f1,81873ffff1e5af1536b3a98f13d8c558,delivered,2018-02-18 22:35:30,2018-02-18 23:46:51,2018-02-19 20:20:47,2018-03-20 22:12:44,2018-03-16 00:00:00
91bcbd0102f5188ea47df5bcc83f3cad,0e63522224dc7d760139532f17a3634f,delivered,2017-01-31 02:29:51,2017-02-02 03:32:06,2017-02-03 11:15:02,2017-02-16 15:54:13,2017-03-22 00:00:00
532eef07d5a2ff826ffd6ef0979e1645,37c45c617af79121039feb49e7ec985e,delivered,2018-07-06 10:18:14,2018-07-06 10:32:06,2018-07-06 11:17:00,2018-07-13 19:47:54,2018-07-31 00:00:00
42ffa304e7e734f00e981f377dd18640,b050c06fc1598b88202301da05929d26,shipped,2017-05-06 14:29:00,2017-05-06 14:42:02,2017-05-09 07:38:08,,2017-06-02 00:00:00
f8812e9ef9494484aad51ddcd52ed382,a3c55d30bd801f65a0462dc4ffed901d,shipped,2018-06-09 20:40:23,2018-06-09 20:59:31,2018-06-11 13:54:00,,2018-06-26 00:00:00
596288a27579ad1fec1d704efe7d9ab7,8e9e28f565a0e470a97fd879909388fe,canceled,2017-08-30 18:48:01,,,,2017-09-12 00:00:00
e8ede6a466c4c9bb0a9db9a3d87f7a63,b152ac3a2f6a8a54b8ba54e119e80710,delivered,2017-05-21 21:23:15,2017-05-21 21:35:22,2017-05-31 11:12:02,2017-06-08 18:12:17,2017-06-16 00:00:00
f757fc88a9be2d57259be12e45955e7f,afcd4050c3409ceef1d6fb4358e70014,delivered,2017-11-10 15:55:41,2017-11-10 16:15:27,2017-11-14 22:41:22,2017-11-21 19:34:45,2017-12-05 00:00:00
c21a68b298ad2f57646d554dcb49fed8,ea3985a57e4a42204cfb13b4ee2ed742,delivered,2018-02-22 12:05:03,2018-02-22 12:29:27,2018-02-27 12:56:37,2018-03-23 11:39:20,2018-03-16 00:00:00
2e404f3ac4dd39d7054b4cbb88ce2c35,85ebbb19844b7b14f228ad32727d272b,delivered,2018-05-04 09:49:02,2018-05-04 10:11:27,2018-05-04 09:41:00,2018-05-09 12:08:37,2018-05-24 00:00:00
cca5e85092bfd9c1cb6c4d936cd86ecd,49d3feed347ec8f74aebf675a422a21b,delivered,2018-03-16 16:08:08,2018-03-16 16:29:23,2018-03-20 13:42:47,2018-05-05 12:53:58,2018-04-19 00:00:00
4ea1ece1ec047c5584158141afd4c500,937fd75e8fa32e22ad08d0f833c5d593,delivered,2017-11-26 20:44:34,2017-11-26 20:55:26,2017-11-29 00:24:25,2017-12-12 22:15:14,2017-12-12 00:00:00
92d277181976dd1ae82d2d739755ec17,aef25365c2c16bfaabe4dd0fe95cd9a2,delivered,2017-04-04 18:02:11,2017-04-06 02:43:18,2017-04-06 13:48:34,2017-04-10 16:54:45,2017-05-03 00:00:00
b2882c91557edcc086bc11bc8aa0805a,690ba4d5f5c3850bc7377fe13e6f353f,delivered,2018-06-16 17:24:06,2018-06-16 17:38:50,2018-06-18 15:45:00,2018-06-22 21:04:21,2018-07-19 00:00:00
0bd6f6cbd1aa613a762bcc714ffcadd5,a2201a196851d833c88b932614aa23a1,delivered,2017-08-01 22:24:02,2017-08-01 22:45:06,2017-08-03 16:13:43,2017-08-10 01:13:36,2017-08-23 00:00:00
7773180c4a22f3438081f3a2b32f86d3,0b47ec0351108af80246d8f74b65d63a,delivered,2017-08-20 16:09:44,2017-08-21 16:25:53,2017-08-22 17:33:05,2017-08-28 22:47:49,2017-09-13 00:00:00
6939929750f1b79c68d653a9402d14a3,25e1b9e1bafe3e3ed4b3f37fc6c8136b,delivered,2017-10-05 20:25:27,2017-10-05 20:44:47,2017-10-06 18:06:28,2017-11-10 23:58:33,2017-11-03 00:00:00
3deeaa4d253d9612fe55428163839325,fdf2f42ec3ca9c7b2443d1501ba9f0db,delivered,2017-08-22 15:08:05,2017-08-22 15:27:10,2017-08-24 16:43:28,2017-08-25 16:20:31,2017-09-04 00:00:00
0cd059c0a0fa574521d20387f7156ed3,2f32a584ced80167b95fa5b259801864,shipped,2017-08-12 16:31:47,2017-08-14 09:25:11,2017-08-15 15:30:00,,2017-09-06 00:00:00
2537dc25ebd836a44792c49ab1914c7d,44e530a27be6cdcc7b0514491f0ddb67,delivered,2017-09-13 10:36:49,2017-09-14 02:55:42,2017-09-14 15:32:03,2017-09-18 20:22:33,2017-10-11 00:00:00
fa82d85bb112828230b13452cbd18595,2ee4ab7bce291f4adeec13705aaccb78,delivered,2017-10-26 18:44:28,2017-10-26 18:55:06,2017-10-27 20:18:35,2017-10-31 16:48:01,2017-11-08 00:00:00
46eb75885eca03736c4188871c0a9ba3,5371cc1698f54400f167d8fc79d6ad93,canceled,2018-01-29 22:54:58,2018-01-29 23:11:24,2018-01-31 22:28:35,,2018-02-23 00:00:00
7bb355355c075d74665d97db859cfb45,ff5a0334a979c80401bdb686ebe6512a,delivered,2017-11-30 11:48:20,2017-11-30 13:31:19,2017-12-04 17:54:48,2017-12-14 14:22:40,2017-12-27 00:00:00
1e57bb5d95b6233ac77353120c7c23f6,782d7378428276999daf47cec05cb938,delivered,2018-07-04 16:07:06,2018-07-05 16:11:43,2018-07-10 14:33:00,2018-07-12 19:03:24,2018-07-24 00:00:00
8a5631237c1d8626971f2867b25c076e,3e6ed5c2c1fc1db541037c7d9577d675,delivered,2017-05-11 14:52:11,2017-05-12 15:02:41,2017-05-15 13:58:22,2017-05-23 11:47:56,2017-05-31 00:00:00
29fafeedea8220ed8162dcafe8a89483,574e7fc4efc2ba7caa7c4a006633f6bd,delivered,2018-07-26 22:34:04,2018-07-26 23:04:17,2018-07-27 14:24:00,2018-08-02 22:58:50,2018-08-15 00:00:00
e8606bd877aee06d98501a6436ee8576,20c6e80eac41498aa2df150ffd6b4acb,delivered,2017-09-18 18:09:20,2017-09-18 18:25:13,2017-09-20 21:23:58,2017-09-29 12:21:40,2017-10-04 00:00:00
6d2723b45ea982b9ea010813e96115ba,f0fd5014127731d2b97372f7a4012535,delivered,2017-07-12 11:29:42,2017-07-12 12:30:14,2017-07-14 14:55:47,2017-07-21 18:03:56,2017-08-09 00:00:00
835654b76a16c7f8b71678907312f8b3,d26c3ddd8d86568b8519393578c78c0f,delivered,2018-07-10 06:45:51,2018-07-11 06:45:52,2018-07-11 14:52:00,2018-07-14 00:28:25,2018-07-19 00:00:00
a767f123fcb9ebe4eea953349dfd5a81,e8945aceed698580f92f6d9e4ecaf34e,delivered,2018-04-05 07:53:47,2018-04-05 08:10:08,2018-04-18 01:52:38,2018-06-05 18:11:00,2018-05-04 00:00:00
95247e44ffe87a1402f04c0023650fb4,1b1df3f7ad4fb62fac0fcde671089db8,delivered,2017-07-18 12:01:46,2017-07-18 12:15:15,2017-07-26 21:24:48,2017-07-28 12:33:18,2017-08-17 00:00:00
482b0898624ebab18e90d224126c98a8,6e422478a5ccc422a4a7e50df1bff41e,delivered,2017-11-21 10:46:57,2017-11-23 02:35:22,2017-11-23 22:32:01,2017-12-21 14:22:58,2017-12-12 00:00:00
84a0da4c506ee63e6163cfab9141964d,f7aa8e63ec5f931263acfecaaa58b7a4,delivered,2018-03-07 16:53:53,2018-03-08 02:30:50,2018-03-08 20:27:18,2018-03-17 13:52:36,2018-03-23 00:00:00
648fd7a88c08b7d6fdf29c28361c87d5,17f0a8fbb9f43468d2592cff8a70cce2,delivered,2017-11-25 01:06:42,2017-11-25 03:52:51,2017-11-27 16:48:52,2017-12-07 21:17:07,2017-12-22 00:00:00
bc1b85147b5edbb7cbefcf5c1bd5ded9,6a14261933e6337fd29022acdd3a26cc,delivered,2018-07-24 11:50:06,2018-07-29 23:30:54,2018-07-24 15:16:00,2018-07-25 20:56:35,2018-08-01 00:00:00
19c54d85fa291d4193fe838cbde71403,14eeea169995dfbeb15c6aa67faf49eb,delivered,2018-02-26 20:19:48,2018-02-26 20:28:49,2018-02-28 10:38:47,2018-04-10 20:38:44,2018-03-19 00:00:00
560f8dd770a2b2c009a4fc935c507014,8ba0374666bfb38c409875762a5af81e,shipped,2017-12-16 18:51:09,2017-12-16 19:10:22,2017-12-19 20:28:56,,2018-01-12 00:00:00
0d78ff8b7d8f2a3590a2e4745240f97b,2bd3ae402537c443ec6aab0feb74cd65,delivered,2018-01-27 12:32:23,2018-01-27 12:53:25,2018-01-30 22:46:42,2018-02-14 21:39:01,2018-02-14 00:00:00
8d7c561ff34d8fb665da2d7cd9eea5ea,e3267c909d1d6265381c696a7576de9c,delivered,2017-07-31 14:00:27,2017-07-31 14:10:16,2017-08-03 20:09:48,2017-08-09 20:32:58,2017-08-24 00:00:00
81369b7885f7b27b5e7c427f1a812374,b3693344be6dbc656b4783db6285d419,delivered,2018-01-03 01:34:09,2018-01-03 01:49:03,2018-01-03 20:13:30,2018-01-13 15:52:22,2018-01-29 00:00:00
3bc0b582f495fdc4dbec054f04f9fa3a,27a265848933c38398bf255657aab5b2,delivered,2018-04-15 15:10:31,2018-04-15 15:30:26,2018-04-16 22:51:07,2018-04-20 22:46:42,2018-05-03 00:00:00
bb7d0e5b853f82d1aac9d4f51ec59500,aa3feb1d75f1019a22cc8a83c06c1c63,delivered,2017-11-25 10:03:01,2017-11-25 10:14:54,2017-12-01 01:09:15,2017-12-23 16:48:54,2017-12-19 00:00:00
0c6036de51fa390a9f4491643bfcf4df,30d9367a01aa566cd76f62e91cdd40c7,delivered,2017-02-15 09:35:30,2017-02-15 09:45:10,2017-02-17 13:54:04,2017-02-21 17:46:20,2017-03-16 00:00:00
29b864f0e9959e828d0be8a00fba46bc,6e7327737d52fc646245974b828201e7,delivered,2017-07-15 18:40:54,2017-07-15 18:55:15,2017-07-17 21:46:46,2017-08-25 15:49:33,2017-08-16 00:00:00
c0d9cb07f94365a3f747472d6121a158,29351e4f1fcfd1468cd282296d2e4d72,delivered,2018-05-07 20:27:12,2018-05-07 20:51:25,2018-05-10 16:37:00,2018-05-11 23:47:00,2018-05-17 00:00:00
bb87d6748da724f69c5e62274dc7aae6,365ad3f217e2d051fd7f5daf436e4ad8,shipped,2018-05-10 16:44:57,2018-05-10 17:09:29,2018-05-12 08:55:00,,2018-06-13 00:00:00
52d460ae47aa90f9b540f2f869f62d41,183cd2d0c831f0ed7444c34ad10262a9,delivered,2018-01-07 22:06:21,2018-01-08 22:31:38,2018-01-09 16:18:59,2018-01-16 14:42:44,2018-02-07 00:00:00
1861e4e81b5e158dc1b6007cd95a61cd,7a446e358905474df5d0276236e4cf80,delivered,2018-05-07 07:36:50,2018-05-08 03:51:54,2018-05-08 14:17:00,2018-05-24 23:57:32,2018-06-04 00:00:00
4ae0a4ebc7224b287836fc665b499b69,d66fa96edd46013ecf2ee21ee3213c5b,delivered,2017-11-25 00:20:28,2017-11-25 03:11:26,2017-11-28 21:47:36,2018-01-04 16:17:48,2017-12-22 00:00:00
c581b368f1c9fc02caaa71e42809baf9,a67066f37fd7f046f8ee58067dc9abbe,canceled,2018-08-10 14:44:24,,,,2018-09-06 00:00:00
a536059a071793ef05e7e63cbac9d50e,fc475d3aba4d37f81edce933ce07ed1b,unavailable,2017-11-20 17:13:05,2017-11-21 03:46:22,,,2017-12-06 00:00:00
e6135c8e8606487b103a6835a5c429ff,eb8fa9d9b120b9368060017e95e085c6,delivered,2017-12-08 20:17:30,2017-12-08 20:30:57,2017-12-12 23:53:16,2017-12-28 20:34:20,2018-01-09 00:00:00
53e47f7fef72225bb63f3618e3301f15,1a3604da5f3df07bf34888beea7ed6f9,delivered,2018-01-20 12:10:35,2018-01-22 13:47:58,2018-01-23 17:28:43,2018-02-20 01:43:17,2018-02-14 00:00:00
68ba0b1bfcbf8d877ba255499b0853cb,603583f5202f4702d8d3b5449c17b420,delivered,2018-05-21 10:49:37,2018-05-21 15:32:09,2018-05-22 14:15:00,2018-06-04 16:43:27,2018-06-08 00:00:00
72b48d2ee1353308077d11c354decaad,7bc2e455b6baa1f35526ec0f24968e34,delivered,2017-08-09 06:58:46,2017-08-09 07:10:12,2017-08-10 13:33:11,2017-08-11 16:30:09,2017-08-25 00:00:00
458a97b5d6f66560f0b625effac969a2,d0fdc4eee859debee52ef91f106c963c,delivered,2017-12-06 13:46:32,2017-12-07 03:14:05,2017-12-07 22:21:29,2017-12-14 14:55:10,2017-12-29 00:00:00
c5351b62ac42d8a63b11a24ca403a30f,0d34dca8c8a02afc52be8689c8774af6,delivered,2017-11-30 11:48:21,2017-11-30 13:31:19,2017-12-09 12:42:09,2017-12-14 16:38:47,2018-01-03 00:00:00
7e44996f9c5d93e3f1fccddf9cf0b4bf,2366d8efd1501a7983ee949c05a7d2d8,delivered,2017-08-12 10:25:24,2017-08-12 13:23:17,2017-08-14 16:05:52,2017-08-21 21:17:56,2017-09-05 00:00:00
4418e54649d925fb8532ff8d11bcea61,79fb413fa9fc055b6da5fdcc04315f94,delivered,2018-07-30 15:43:39,2018-07-30 19:32:09,2018-08-06 14:43:00,2018-08-07 21:32:51,2018-08-07 00:00:00
d012bfc203fbb4ce9a0b4e19c4dcb375,a74dc36fcd7b3552e221b5ce1abf2021,delivered,2017-09-25 00:09:26,2017-09-25 00:24:26,2017-09-26 18:33:15,2017-10-31 23:52:03,2017-11-16 00:00:00
23fbdff7118cf3f2b0f4eb5b74f6ee2f,b03f7ab5ddbcc000daba51e85edc1948,delivered,2018-02-21 19:25:41,2018-02-21 19:49:21,2018-02-22 19:28:01,2018-04-21 19:04:28,2018-03-16 00:00:00
65d949ae1a2e6f0e1c65dd06b9fb5eb2,f681e458ef2c62a0c8763e1d0276913e,delivered,2017-09-11 17:51:34,2017-09-11 18:05:10,2017-09-18 20:02:51,2017-09-25 15:42:09,2017-10-13 00:00:00
0823dcbe6114c3aab2fc53d98117d916,7c098bfcf0f5c554326618d8efd982be,delivered,2017-09-14 08:56:38,2017-09-14 09:05:44,2017-09-15 19:23:39,2017-09-26 20:24:02,2017-10-11 00:00:00
6340164ffcc87a11dd0ad37d2551994c,0bd8656da445cf7cf9f59a2fa41f9e91,delivered,2018-06-03 12:26:22,2018-06-04 12:31:19,2018-06-05 14:34:00,2018-06-14 22:07:43,2018-07-12 00:00:00
3e141e345041b9a2a2648dca90d431c7,a7acf0a4c0a4d6ea3d93b47a489219c6,delivered,2018-01-03 21:20:26,2018-01-03 21:29:22,2018-01-09 19:39:12,2018-01-11 17:17:01,2018-01-19 00:00:00
eb7efe0b8397cce63c22e0d6bc566dd9,0e517ed81899c398fa556219eec03f57,shipped,2017-04-19 10:38:27,2017-04-21 05:10:39,2017-04-25 09:56:33,,2017-05-24 00:00:00
0e44e7b0102a1f19aa9d7643e45dbbdb,cceee7ffa972348a332be8e08842dfb5,delivered,2017-12-11 18:21:52,2017-12-11 18:33:29,2017-12-18 18:53:17,2018-01-23 17:19:08,2018-01-15 00:00:00
6fa75611a64dc552025fc1c48cc75cf4,05918175d2c82af715f5ca32bd7c5e9d,shipped,2018-03-13 13:22:02,2018-03-13 13:30:28,2018-03-14 18:32:04,,2018-04-13 00:00:00
b29cb9e8d3d9563d11aba58b276705d1,be86627bd51be1f543e75f01a3c89acd,delivered,2017-05-17 20:31:55,2017-05-17 20:45:18,2017-05-24 14:10:58,2017-05-30 05:49:38,2017-06-21 00:00:00
fecda210da4a36546b91948ee43af90d,66af94f0d6175f030731ae8ae7ed580c,delivered,2018-03-29 16:42:35,2018-03-29 16:55:28,2018-04-04 02:20:57,2018-05-02 20:36:49,2018-04-23 00:00:00
a05fc37f43df506f00a32f1507e4d360,7a542429a51807452d689223d25878d2,shipped,2018-02-25 21:46:50,2018-02-27 05:30:54,2018-02-27 22:09:37,,2018-03-22 00:00:00
a58490145a93745e5cce4c644ecd9153,2112c4a6723c3b43f081aa5e1129b25a,delivered,2017-10-24 15:05:47,2017-10-25 15:14:35,2017-11-22 19:38:53,2017-12-05 01:27:03,2017-11-14 00:00:00
5b3bc5b8d24159d46b9d4a9ff4383f8f,af006f83373d2d370129421a634263db,delivered,2018-03-03 13:09:09,2018-03-03 13:28:29,2018-03-05 18:57:58,2018-04-03 01:28:49,2018-03-22 00:00:00
6fc43344397e467b002e0255391ffc12,bd394e7a5c0a3aa178be002bec55877c,delivered,2018-03-05 15:22:00,2018-03-05 15:35:36,2018-03-08 01:38:35,2018-04-03 19:30:50,2018-03-23 00:00:00
049c844d7707d97ba1600196919474f4,ec2d96d8dd0823d489423155370a247e,delivered,2018-02-27 15:31:49,2018-02-27 16:35:43,2018-02-28 23:52:14,2018-03-22 00:28:51,2018-03-23 00:00:00
db0c400a715a4ade505cf24a95e5ade3,0f935b86bea2bcf211fa481f05d4ae85,delivered,2017-06-06 12:42:39,2017-06-07 06:35:10,2017-06-07 15:43:29,2017-06-16 14:37:59,2017-06-29 00:00:00
0c62ca8afaf8a77c7776893cb9866668,9f914e7e5ca3b73706d38f603f7a9a8b,delivered,2018-02-09 11:51:44,2018-02-10 11:50:24,2018-02-15 15:17:44,2018-02-25 12:21:42,2018-03-05 00:00:00
751e2321971174010eb1fc0e8a99f78f,f1d7846fb1398fc65697ee1c7bebe0d9,delivered,2017-09-13 20:51:13,2017-09-13 21:04:34,2017-09-15 18:49:57,2017-09-27 19:03:44,2017-10-11 00:00:00
47e96b5cb6f0592d336b6bf8a817d1c3,9cce7727e7d1d1a738ccc755eae38e93,canceled,2018-01-21 12:44:16,2018-01-22 13:49:10,2018-02-01 00:08:56,,2018-02-19 00:00:00
56fd7f1e63ea8177e02f64f5077ee7f3,b56ae5e64e7fe3540d496019baaa61b5,canceled,2017-02-12 13:41:41,2017-02-12 13:50:20,,,2017-03-21 00:00:00
698428b13a63630f0ced51f2cbd1b947,3800248c953f6bfec3795d74958647d8,delivered,2018-01-23 22:22:28,2018-01-23 22:34:52,2018-01-24 16:03:24,2018-02-02 20:19:32,2018-02-26 00:00:00
39a6ecead949b006d60a132d146ea284,279ca766397588e704abddd56d2dc131,delivered,2018-05-21 14:56:42,2018-05-22 23:17:46,2018-05-23 19:16:00,2018-06-05 20:12:55,2018-06-19 00:00:00
bcc632609d99be3eeaf01c6916f9604e,d719eace562b89db5f0f0f627aebdc67,delivered,2018-01-06 00:09:51,2018-01-06 00:18:19,2018-01-09 00:12:23,2018-01-09 12:54:25,2018-01-26 00:00:00
47d346b7368958cb0bd17880b2af14e9,81004804a2d5f73c310aa097c6633778,shipped,2017-05-10 22:45:16,2017-05-11 22:50:22,2017-05-12 15:33:27,,2017-05-30 00:00:00
cf5b244fd1f7002efc7929be945f1d44,c05ffba0ae84172ddd1098226dfd91ea,delivered,2017-07-16 21:23:35,2017-07-16 21:35:18,2017-07-17 18:12:03,2017-07-31 16:03:03,2017-08-09 00:00:00
ab14fdcfbe524636d65ee38360e22ce8,bd5d39761aa56689a265d95d8d32b8be,delivered,2017-08-23 09:22:34,2017-08-24 14:30:23,2017-08-25 20:07:36,2017-09-02 12:13:03,2017-09-21 00:00:00
df3166e4db1badb2414e9e95790a1771,0f4dc8c2ac6d18e946192066eff7fc5a,delivered,2017-09-27 23:52:43,2017-09-28 00:07:18,2017-09-29 19:38:41,2017-09-30 14:22:26,2017-10-13 00:00:00
dc608454ac1f85d42db31f7d558afff6,d0472a32770b2d07b3746ba671268938,delivered,2018-04-02 18:23:58,2018-04-02 18:35:22,2018-04-05 21:45:49,2018-04-13 13:19:35,2018-04-20 00:00:00
49fdf5b0134c7c1445f6bbf018beaf1c,7fff57779c5364c51a1463b7133b38a1,delivered,2018-01-06 17:48:38,2018-01-06 18:26:39,2018-01-08 16:25:11,2018-01-17 00:18:19,2018-02-06 00:00:00
c2889b2085529be65218f712352769e6,fc5a45c75c8665a80c5d2b5ce7ad9f1d,delivered,2017-09-09 03:22:19,2017-09-09 03:36:32,2017-09-11 19:56:43,2017-09-13 19:33:26,2017-09-27 00:00:00
8a93f4f9e595aba3253cd1896fc4dc36,788026d4f19935bd583197a8e62211ec,delivered,2017-11-24 21:19:48,2017-11-24 23:59:45,2017-11-27 18:39:03,2017-12-04 20:33:35,2017-12-15 00:00:00
233962c509ebbdb05dacfbe831d15d5b,d228372e688f6c326c828e9ff761dc37,delivered,2017-10-11 20:38:13,2017-10-11 20:49:19,2017-10-18 17:51:42,2017-10-23 17:56:12,2017-10-31 00:00:00
197b967f01bda6ab29436b91844e5e90,54c1128e63b28664c615c1b7f33636bc,delivered,2018-03-26 19:55:47,2018-03-27 19:50:21,2018-04-09 23:23:25,2018-04-22 14:58:33,2018-04-13 00:00:00
02190241f7190a1f3c7e0df95a749c6a,55c9044401ffab0c717f24405e2e042f,delivered,2016-10-07 10:52:22,2016-10-08 04:44:22,2016-10-21 12:47:02,2016-10-27 09:37:52,2016-11-29 00:00:00
ce6c67f20356e5d9c8e6fa1d8f7becea,3ff87350efde8567f0c3af39a6f236a2,delivered,2017-06-11 23:33:52,2017-06-11 23:50:11,2017-06-12 15:20:46,2017-06-16 18:22:06,2017-07-03 00:00:00
98cdb0b0199939368746cb2beba58efe,b56d919e0493a7ddf684105e54a51c5e,delivered,2018-01-21 19:57:34,2018-01-22 13:58:16,2018-01-23 13:59:50,2018-04-03 20:32:52,2018-02-14 00:00:00
f943e18398079cee438234bf6482996e,7220c5e391b6c80f16ffcca8a67a3382,processing,2017-10-12 11:18:32,2017-10-12 11:35:19,,,2017-11-08 00:00:00
5535824c4716c782eed6edd2624a79ce,581ed420cd31ed56bec49cff51d2e42e,delivered,2018-05-05 18:06:22,2018-05-05 18:30:12,2018-05-07 08:53:00,2018-05-10 14:37:33,2018-05-23 00:00:00
8dabb452ae99a1e4d68d506101882e7a,c6ca3f94246a2464e5039cf39d704640,delivered,2018-06-22 12:12:58,2018-06-22 12:36:25,2018-06-26 11:26:00,2018-07-03 03:32:46,2018-08-01 00:00:00
e4e3903e4a2fedf6bc3b6e40262e05c1,a61eaeaadf9c45eefbda461f552dfa79,delivered,2018-04-02 23:28:03,2018-04-02 23:47:54,2018-04-06 00:34:36,2018-04-06 23:19:10,2018-04-17 00:00:00
5abe202b4aa14c9b12e9661641d2f8e0,b10c5ba343a99bacbba82eb53d10bd33,delivered,2018-03-24 20:27:11,2018-03-24 20:47:21,2018-03-26 19:03:49,2018-04-19 19:48:24,2018-04-17 00:00:00
4930f37130adb20a3c7d0b02b07050ca,5a5be2ffc3579ec82f4d6c04f563efa1,delivered,2018-01-28 20:53:27,2018-01-29 20:52:01,2018-01-30 22:51:41,2018-02-19 16:09:27,2018-03-06 00:00:00
c9653cca1e27f0816402332712a4c87f,4500849020b5728840a0fcaf0531f786,delivered,2017-11-24 19:53:18,2017-11-25 04:14:21,2017-12-01 00:16:56,2017-12-09 11:53:38,2017-12-08 00:00:00
b18574ff0d88a32cf00f56fdf8423a73,1d37f7f2a4d76f4f6d3f6cd54d21f27c,delivered,2017-04-01 21:26:26,2017-04-01 21:35:27,2017-04-05 08:51:23,2017-04-28 18:23:41,2017-04-26 00:00:00
34ece4e04b8152221159d0a86ed3a0ee,a7416077f173333b46faea93411e3872,delivered,2018-04-09 20:54:34,2018-04-09 23:10:31,2018-04-12 15:44:56,2018-05-09 23:34:35,2018-05-22 00:00:00
5b223cbcbd1c52a014fa6acdecb59ce3,cfa6531597602cee814e699da14247dd,delivered,2018-04-15 22:42:08,2018-04-15 22:55:14,2018-04-17 22:21:17,2018-04-19 22:15:45,2018-05-14 00:00:00
d147001bf6f7a4295040343db205d9c1,af5555169a360e0fdd4e79ad4e5497ef,shipped,2018-08-01 15:42:20,2018-08-02 05:15:19,2018-08-02 13:24:00,,2018-08-10 00:00:00
2645cc3b2e6b295a4bbc6defcb66d817,3c41594aff9c0afdb81a35dc18102522,delivered,2018-03-11 17:48:28,2018-03-11 18:08:29,2018-03-13 17:18:56,2018-04-05 20:02:07,2018-05-07 00:00:00
bb9a2de2f513259a76f6cab031523257,cee868431579ba2636577e88ccedeba6,delivered,2018-07-24 12:42:16,2018-07-24 13:40:15,2018-07-25 13:46:00,2018-07-26 23:04:53,2018-08-14 00:00:00
f19ea7019ed413c8722275d4c9c08dcd,251bc9a9cbf1b7e5df9c11589d01a6cb,delivered,2018-04-02 23:19:45,2018-04-02 23:35:13,2018-04-16 21:48:37,2018-04-18 22:21:46,2018-04-27 00:00:00
d075def20463f58225a279f6e36d8669,ed633bdf429697a6305355676bf12644,delivered,2017-09-10 21:16:47,2017-09-10 21:25:14,2017-09-11 18:57:40,2017-09-15 18:35:58,2017-09-28 00:00:00
81a37715c2240c1701ab6b81bb52e737,df502ed1401ddf419c212172aa486e71,shipped,2018-05-08 22:12:45,2018-05-08 22:31:50,2018-05-09 10:13:00,,2018-05-25 00:00:00
6c895a26a7b113a890c888e46f106907,55eaa25f13d0d25081e707fc622c64b1,delivered,2017-02-09 11:38:52,2017-02-09 11:45:32,2017-03-03 12:43:53,2017-03-14 16:22:24,2017-03-10 00:00:00
615d26dd80fd83e9f66e00ab0d36b764,302037e19e5e8b4a502e3d66d59464e7,delivered,2017-10-26 14:52:40,2017-10-26 15:08:08,2017-10-30 15:39:42,2017-11-08 17:08:49,2017-11-14 00:00:00
46ab5f4b3a88ae05be005f9736c0e9e6,1a455c3578447cae5fde99531bb7dc8d,delivered,2018-01-10 19:48:48,2018-01-12 02:36:41,2018-01-19 19:52:26,2018-02-01 18:26:05,2018-02-22 00:00:00
e861307609af3dd1a985ad0972fb9c16,6967af003c642a30a79242f2756a73d5,delivered,2018-03-19 13:00:04,2018-03-19 13:49:15,2018-03-23 15:16:40,2018-03-31 13:08:25,2018-04-27 00:00:00
3354a9e699cdd99dae33906e55a8ca17,034ecc550de79becac426a8ed79722f9,delivered,2018-01-15 10:18:09,2018-01-15 10:30:26,2018-01-17 19:29:07,2018-02-15 15:32:30,2018-02-09 00:00:00
2da01b4da104add683f87af323a0e9d1,4833bffdf808dd229fb636eacf117d88,delivered,2018-08-01 08:33:57,2018-08-01 09:20:06,2018-08-06 06:46:00,2018-08-13 11:22:45,2018-09-06 00:00:00
9757bb9b0d295ca539b1b15c3eab9b2e,c4fbb5a95dc900f4bd12838d8e8bf99a,delivered,2017-07-30 20:17:31,2017-07-30 20:30:06,2017-07-31 19:34:26,2017-08-05 16:03:44,2017-08-24 00:00:00
39d90234aa561e2f6a0ca08926c4f678,da5a76cb142d1caffc89b063aa35d07b,invoiced,2018-05-16 14:57:49,2018-05-17 02:37:24,,,2018-06-04 00:00:00
8c1340adfa38dcce671b3e2eaece6cdb,7494240f5d789b28dd2814f66140f069,delivered,2017-06-27 10:57:42,2017-06-28 02:44:10,2017-06-29 11:17:57,2017-07-08 12:32:01,2017-07-19 00:00:00
dcdfc540e42725663242bb884c28f0a6,38972104038aa68fcc61277dbf6e7ca9,processing,2017-10-30 10:46:44,2017-10-30 11:09:55,,,2017-11-23 00:00:00
0a0d4509c14ceb9b0f6555e07c45d167,987d489e68b88750c3f60a22c29faa18,delivered,2018-03-14 09:52:04,2018-03-14 10:08:30,2018-03-16 23:15:45,2018-04-11 22:06:48,2018-04-06 00:00:00
d4ceda456a12b48a1f8a592aa2070b30,e4bf116432cc20a97e01b9f6abfe6e98,canceled,2017-10-10 14:07:52,2017-10-10 14:41:31,,,2017-10-27 00:00:00
724c93e86fd1a0d2f740a8e94e862e95,e373a1e26d96df390fe56367ac0bdfde,delivered,2017-06-03 13:25:22,2017-06-06 13:30:46,2017-06-12 12:22:11,2017-06-14 11:46:07,2017-06-19 00:00:00
95ecc4683cb56cd525c1488adf228175,66803c74df107dfbfc7492cd887c7401,delivered,2017-06-07 07:04:25,2017-06-07 07:15:14,2017-06-08 15:42:08,2017-06-26 10:25:49,2017-06-30 00:00:00
2fb41f7fd5712215690c4c8a37fdefc5,a65c7113cc2483029fc52ce8c6af46cf,delivered,2017-08-28 23:01:59,2017-08-28 23:15:18,2017-08-29 19:48:00,2017-09-04 16:05:34,2017-09-15 00:00:00
a300448deabccb27ee1eb60ca3d2164b,e09ec3a1c4e873153d85eb53c411553b,delivered,2018-03-12 20:22:36,2018-03-12 20:35:36,2018-03-16 19:45:03,2018-04-07 01:12:04,2018-04-03 00:00:00
aec47b9987c836ffee2d7664b0929ec1,9f6f3da49e2d46e3a7529f5e3c25ecce,delivered,2017-10-10 18:31:36,2017-10-10 18:49:10,2017-10-13 17:07:01,2017-10-20 18:29:16,2017-11-17 00:00:00
7d9dad1ac923f80a77b7a8fdd10a7201,05f74b0eb7b097f9b6180c90576decbf,shipped,2018-03-22 16:17:04,2018-03-23 16:15:30,2018-03-27 16:58:36,,2018-04-04 00:00:00
f73c0c32115b0bbfd5769c0cf67fb1c7,6466a7006594fde33f3ac032585147bd,shipped,2018-01-08 23:35:29,2018-01-08 23:47:37,2018-01-09 20:37:41,,2018-01-24 00:00:00
87230abed36d9ec9a1dafd369948b4df,dd100b331fc16cc3ba9925da41fd5c09,delivered,2018-04-26 17:32:49,2018-04-26 17:52:44,2018-04-30 17:53:00,2018-05-28 19:41:46,2018-05-22 00:00:00
3dc3b3d8c073e795040be5836fdd8691,a255c79850f6fec25ccd1acabd4a98da,delivered,2018-01-17 18:13:00,2018-01-17 18:29:58,2018-01-19 02:48:35,2018-02-07 22:28:35,2018-02-16 00:00:00
a59ef0abffbef8ddaae23600b6ee6604,49e64271fb8eeb19851dc7e850e92204,shipped,2017-11-06 17:35:49,2017-11-07 06:31:44,2017-11-07 18:57:39,,2017-11-24 00:00:00
9c753fec37c64b5771eb77ef982c34dc,fe287f582b6ae5c87674e95f6ee11130,delivered,2017-11-29 20:44:54,2017-11-29 20:55:39,2017-12-01 18:17:51,2018-01-03 13:07:33,2017-12-29 00:00:00
0c65b0adb51e15670674ed805d0f4b7b,c9bd8778478d381ddb117b541133bc1a,delivered,2018-01-15 02:39:35,2018-01-15 03:22:53,2018-01-17 18:32:56,2018-02-02 16:33:46,2018-02-05 00:00:00
0c384d67524b5b92aa2fa6c8baa9a983,53421895d40d7df28d68c22ffa043355,delivered,2017-06-05 19:20:11,2017-06-05 19:30:18,2017-06-07 11:23:06,2017-06-13 14:09:21,2017-06-27 00:00:00
906a6b0a96d89ee226e4977e99b80b9e,274a720e69d300bc7696c8570f8978fe,delivered,2017-08-28 15:14:21,2017-08-28 15:25:29,2017-08-31 15:25:01,2017-09-05 19:47:44,2017-09-18 00:00:00
5333db16fe357175d39c82840dd3269d,7e008e5ec21e044fe30c34ec4e9d0747,delivered,2018-03-10 18:18:20,2018-03-13 04:08:22,2018-03-13 17:58:52,2018-04-03 15:32:52,2018-03-29 00:00:00
2f2df159f26ddb73d55ee72372200d3e,86a7245fffe6a418ca1658a13ecc4531,delivered,2017-07-17 01:19:50,2017-07-17 01:30:09,2017-07-17 22:14:50,2017-07-26 09:44:00,2017-08-09 00:00:00
dff2b9b8d7cfc595836945e1443789c3,2436fb2666a65fbacae82532e797cabf,delivered,2018-07-16 12:59:02,2018-07-17 04:21:00,2018-07-17 15:08:00,2018-07-20 20:41:32,2018-08-07 00:00:00
