order_id,customer_id,order_status,order_purchase_timestamp,order_approved_at,order_delivered_carrier_date,order_delivered_customer_date,order_estimated_delivery_date
8e24261a7e58791d10cb1bf9da94df5c,64a254d30eed42cd0e6c36dddb88adf0,unavailable,2017-11-16 15:09:28,2017-11-16 15:26:57,,,2017-12-05 00:00:00
c272bcd21c287498b4883c7512019702,9582c5bbecc65eb568e2c1d839b5cba1,unavailable,2018-01-31 11:31:37,2018-01-31 14:23:50,,,2018-02-16 00:00:00
37553832a3a89c9b2db59701c357ca67,7607cd563696c27ede287e515812d528,unavailable,2017-08-14 17:38:02,2017-08-17 00:15:18,,,2017-09-05 00:00:00
d57e15fb07fd180f06ab3926b39edcd2,470b93b3f1cde85550fc74cd3a476c78,unavailable,2018-01-08 19:39:03,2018-01-09 07:26:08,,,2018-02-06 00:00:00
00b1cb0320190ca0daa2c88b35206009,3532ba38a3fd242259a514ac2b6ae6b6,canceled,2018-08-28 15:26:39,,,,2018-09-12 00:00:00
2f634e2cebf8c0283e7ef0989f77d217,7353b0fb8e8d9675e3a704c60ca44ebe,unavailable,2017-09-27 20:55:33,2017-09-28 01:32:50,,,2017-10-27 00:00:00
ee0db22a8e742b752914016708470ec8,aae50600d30bf2efe013ca4c1754ded7,unavailable,2017-08-24 11:04:41,2017-08-24 11:15:11,,,2017-09-18 00:00:00
ed3efbd3a87bea76c2812c66a0b32219,191984a8ba4cbb2145acb4fe35b69664,canceled,2018-09-20 13:54:16,,,,2018-10-17 00:00:00
6ad57aecbae806a7e9cc2cdb6b380711,d31dbd02ac052d662285f678f8994326,unavailable,2017-11-30 07:48:24,2017-11-30 08:14:42,,,2017-12-29 00:00:00
df8282afe61008dc26c6c31011474d02,aa797b187b5466bc6925aaaa4bb3bed1,canceled,2017-03-04 12:14:30,,,,2017-04-10 00:00:00
8d4c637f1accf7a88a4555f02741e606,b1dd715db389a2077f43174e7a675d07,canceled,2018-08-29 16:27:49,,,,2018-09-13 00:00:00
9f3458f0433d4cfa472f4682654b8d49,99ebfafde8b9e58fd12db9d5cc83132f,unavailable,2017-07-18 23:36:55,2017-07-18 23:50:17,,,2017-08-09 00:00:00
7a9d4c7f9b068337875b95465330f2fc,7f71ae48074c0cfec9195f88fcbfac55,canceled,2017-05-01 16:12:39,,,,2017-05-30 00:00:00
f0df036e9be21fc238f131bbfcdde769,1fa16395beca89233661543954ca6cf1,unavailable,2017-02-24 23:39:21,2017-02-24 23:45:14,,,2017-04-07 00:00:00
86f0bcd9b426a2c1022ae317c7f27be6,dd24965dd5aa551df36ce4baf180445b,unavailable,2017-03-08 15:13:03,2017-03-08 15:13:03,,,2017-03-29 00:00:00
98fe01bc254b759c1f2c11d77c2891d5,30f3b26a06e5a67682305298f83e6be3,unavailable,2017-10-17 18:34:56,2017-10-18 18:37:08,,,2017-11-24 00:00:00
f56dc9034c3962e36d49fb73baa12800,5c4795c07c0bd317adaf7406327bbfa9,unavailable,2017-08-10 22:20:51,2017-08-12 02:09:15,,,2017-09-14 00:00:00
0130f0f71fb0e831d18e6a3b33a3a50c,e56f6dff7b8ac9813ddeb2312f0d834f,unavailable,2017-05-12 10:17:23,2017-05-13 03:10:13,,,2017-05-22 00:00:00
ddaec6fff982b13e7e048b627a11d6da,68f4ad79cc0c2ad06e19088f5c00e9fa,canceled,2016-10-04 19:41:32,,,,2016-11-16 00:00:00
84b8ba39037606b7b30a39d02e9e4154,7c2bf05f6902368e5d21040b68c2bbdb,unavailable,2018-06-27 19:51:02,2018-06-27 20:11:41,,,2018-07-12 00:00:00
5290c34bd38a8a095b885f13958db1e1,92af427e290117f39d9ff908566072e0,canceled,2018-08-21 10:25:18,,,,2018-09-06 00:00:00
2f30c0b1905c65a8ff6c6358bc909625,e963d0e4f815dcd28b135d7d340ec51a,unavailable,2017-12-08 09:32:48,2017-12-09 13:30:49,,,2018-01-03 00:00:00
534a0fbe91a806a1dc6bf09b497e3d6f,d17ae8582d302dbd41b87e5028e8c0e2,unavailable,2018-01-22 02:45:40,2018-01-23 03:36:43,,,2018-02-06 00:00:00
5965bbd72c3ca0d9634419437ca53897,3dd8536c33d454b9a9d05ba357eeaaa9,unavailable,2017-01-30 10:29:25,2017-01-30 11:31:31,,,2017-03-08 00:00:00
03310aa823a66056268a3bab36e827fb,25dbbf0c477fd4ae0880aaffbb12e8b3,canceled,2018-08-07 16:33:59,,,,2018-09-04 00:00:00
b07abc8b9acaf00e79b4657419f469f3,15308b044c9608fc82e57f2e5d6878f6,unavailable,2017-03-09 17:45:04,2017-03-09 17:45:04,,,2017-03-28 00:00:00
1ff6183537eb3a189de77b309ed28ad1,52ac1d5c2063338b5a45f69a14528c9b,unavailable,2018-01-02 17:31:02,2018-01-04 11:57:21,,,2018-01-31 00:00:00
2411e5019928e883d049f7242362c23b,92ac70cce9e5ac1bb34996610d9564a4,unavailable,2017-09-17 12:15:07,2017-09-17 12:25:09,,,2017-10-05 00:00:00
f8303e6eff198d1749d04649a1eb2bb6,4569e86ad4faba51cadc49ea1657ac3a,unavailable,2018-01-21 20:44:54,2018-01-22 13:58:50,,,2018-02-21 00:00:00
4c8b9947280829d0a8b7e81cc249b875,403c35c4d8813bf67b3d396b91ca1619,canceled,2018-08-09 14:54:47,,,,2018-08-21 00:00:00
c2ccb6c2af36d8492e83ecf528f2755c,07a4bb60f62e5ce83b63a08f0cd050bc,unavailable,2018-05-21 13:48:16,2018-05-21 16:14:54,,,2018-06-05 00:00:00
b7be5e58fd37e6165dbb39e8362c8446,021ed85d23b734289c4dd0c827a3559e,unavailable,2017-06-29 18:07:49,2017-06-29 18:23:47,,,2017-08-02 00:00:00
b13ea375fe9c728832688264638f84cf,0dc5884bc5ffba283678229f27e07ff9,canceled,2018-08-22 18:52:29,,,,2018-09-19 00:00:00
bcd65d5c97ac448bb3efc90b759909fd,b6ba3ad41b033a7f107aabad3dabff93,unavailable,2018-07-20 16:24:23,2018-07-20 16:44:16,,,2018-08-01 00:00:00
46f36d95da75ced0462d57df904d36d0,06c629d842cb8236fceea0a9e90ccd1a,unavailable,2017-03-02 15:27:25,2017-03-02 15:35:19,,,2017-03-23 00:00:00
4748c7d66bbedbf52de84b3bc4cbc482,59e42a0f4ed79508f022aca1f2f87e25,unavailable,2017-05-25 21:45:54,2017-05-25 21:55:08,,,2017-06-08 00:00:00
ea844c92cf978ea23321fa7fe5871761,6ddc45ad08e6a2c885ca2255fc52d6df,canceled,2018-09-13 09:56:12,,,,2018-09-27 00:00:00
79563470c891926bb9507d1ad1ff661d,27fc1e85ea154f4ad91805cf8ce1fb55,unavailable,2017-07-05 13:51:35,2017-07-05 17:39:16,,,2017-07-27 00:00:00
9be3c9722389548409bf4cb39d07e347,259a69df1ae08bfa31e849741233d520,unavailable,2017-11-17 13:12:46,2017-11-17 13:50:33,,,2017-12-11 00:00:00
85e05c3c9aa9834518f35d4f286014be,1d07a80a15700b40cb15ff5870ee8b48,canceled,2018-08-28 08:18:22,,,,2018-10-10 00:00:00
38a86eb53c2309d6234fc9bad96331ac,82d98198f7fb1687858e03a5322e1621,canceled,2018-08-18 12:39:31,,,,2018-08-29 00:00:00
c5a468ae781ffb0ec6d36ae89fe512b0,ed7ef682569428c1afaf73b39a2f602b,canceled,2017-01-13 11:06:56,,,,2017-02-13 00:00:00
05e8a1fd3d354369a3de6e7230a3651f,6fc1bac3e55ec9c69f1f65253026ffdb,unavailable,2018-02-16 16:54:07,2018-02-16 17:10:47,,,2018-03-12 00:00:00
2dd5bcfb8c66b22a80ffe45078eb2a99,eb55392e91ca4fb066e8c3d099400dd1,unavailable,2017-03-06 21:31:42,2017-03-06 21:45:13,,,2017-03-29 00:00:00
d1b4fc9a8c1207433519a8ec52e2d03f,f9a6bf8bc89af704ecd48975eff11800,canceled,2018-05-08 10:05:26,2018-05-08 10:31:28,,,2018-05-16 00:00:00
9d4e334ddde795cd4fbee24dc4b68cfe,63531fc8d878fe9a0ac4fd07a4d8a7b1,unavailable,2017-11-27 16:03:51,2017-11-29 16:22:32,,,2017-12-22 00:00:00
f63be24880200ae32aa24f5b458a3dc3,a6954f48f5d8a0dcbad1a0921109cb56,unavailable,2017-01-27 13:39:53,2017-01-27 14:31:44,,,2017-03-16 00:00:00
2bb02fdf5637a68cd5d13c78c37c3376,8c468917b274857623298a1627369866,canceled,2018-08-09 10:55:10,,,,2018-08-17 00:00:00
b842e9225252d13f6af62ff4508d7c43,d9a4b5aa53433b592bdea6b33f44a8e8,unavailable,2017-08-02 22:17:16,2017-08-02 22:30:14,,,2017-08-15 00:00:00
f2a335c81aebf64a9a4309436e7af4a8,cca8b12b9e669afd8a28ff57fd5c5e75,unavailable,2017-06-05 17:16:12,2017-06-05 17:30:06,,,2017-06-28 00:00:00
50428fc6ef58fd5cebf433ef7f06be0d,7dab920e35ce0d5b1139e8999423fcc1,unavailable,2017-12-04 23:10:03,2017-12-05 10:30:43,,,2017-12-27 00:00:00
8a20e2954602a0738f264299255fd5af,36ecc6ff2c4a59fd150e9524b12b9259,unavailable,2017-12-27 22:41:49,2017-12-27 23:30:57,,,2018-01-22 00:00:00
2de47e473306065fb0cd0322d8d9952b,fcba0880d404156b4c9d6361b68f16af,unavailable,2017-10-25 13:15:01,2017-10-25 13:29:04,,,2017-11-16 00:00:00
3a0b1b5c52367a68f9deab55f3464a14,35162935be1761d5f1fe05a66870794e,unavailable,2018-03-19 16:22:05,2018-03-19 17:29:41,,,2018-05-10 00:00:00
6f04a69509e62866b1837e6a4f22c47f,a20d6adbad4402ec49b426fb65e5700a,unavailable,2017-06-12 12:04:09,2017-06-13 04:30:37,,,2017-07-05 00:00:00
5226f1a731e8a1215da5e1bea64e2130,3489fb03bfa99335c385df8b863a701b,canceled,2016-10-10 09:51:13,2016-10-18 15:19:11,,,2016-11-18 00:00:00
2b3d870a4d670c91f15668cea4fe3aa5,a897d52db6440afe445137c35a4add64,unavailable,2018-01-15 14:32:42,2018-01-15 14:50:13,,,2018-01-30 00:00:00
b5359909123fa03c50bdb0cfed07f098,438449d4af8980d107bf04571413a8e7,created,2017-12-05 01:07:52,,,,2018-01-11 00:00:00
9380c59012c11f49c549ef8dffef1367,07838708499d3eb9da748cb10b8ddf0a,canceled,2018-08-15 11:05:44,,,,2018-09-21 00:00:00
d9091cd1d6e36cfcebc8b01aab81eff8,f58997d56b1cf164d4fb0518c0574422,unavailable,2018-01-04 11:30:24,2018-01-04 11:39:32,,,2018-02-02 00:00:00
9b932dca249f9971b86dde2f2d7ad412,882b44646ab3f186597b1622a9443ff9,unavailable,2017-11-20 17:08:43,2017-11-20 17:26:54,,,2017-12-07 00:00:00
c24b8b41e6857d59a27f2b150bb669d9,b84ee32cfcdb1695b4638a90864e9f96,unavailable,2018-03-14 08:45:03,2018-03-15 03:16:17,,,2018-04-06 00:00:00
35dc5c3a87f9e9cf93676b98d4bc35a2,be59c56551fe3cef6d7019c7ab1fddb0,unavailable,2017-02-14 14:26:02,2017-02-14 14:35:22,,,2017-03-15 00:00:00
30cdf125a8d4f89d00dee4b9af9194ee,91923b65b54ca037b3bb73ea40de36dd,unavailable,2017-12-08 15:34:33,2017-12-08 15:52:48,,,2018-01-12 00:00:00
4317fe882d992cda2fb3d51baeb2751c,fe3a61bdb29c2b230185ba088ac71486,unavailable,2017-10-07 11:51:46,2017-10-07 12:07:44,,,2017-11-08 00:00:00
0bde826daa0bd10393e958cf5d69dd26,dc9e4413d260758a6e889a0f87aefa7d,unavailable,2017-02-04 10:28:25,2017-02-07 04:10:23,,,2017-03-01 00:00:00
672ab3776d5b25e586521469609ae774,8c8b3a28c07f67148f86f297604b9875,canceled,2017-05-10 11:52:51,,,,2017-05-26 00:00:00
3438960569bf3e42fa63f8e7bab0ac03,521896033ed628472193e3adccf722e4,unavailable,2018-08-02 15:28:32,2018-08-02 15:43:56,,,2018-08-10 00:00:00
12e5a909c18964acada1ce9a760d9afe,bb70ba0acc9ac14d6ba0356f598f4bb0,unavailable,2017-03-23 23:41:40,2017-03-24 15:05:33,,,2017-04-12 00:00:00
ad0f5b61c49281e7ccac5a986968f347,2c0eaa1df8f0066e0d344cf609f8fc9b,unavailable,2018-07-24 09:26:34,2018-07-25 04:10:09,,,2018-08-03 00:00:00
127f8f54e84665683a3c9bde5b3e768c,1396bd8f880391136e575e2176f68157,unavailable,2018-02-08 18:26:32,2018-02-08 19:01:40,,,2018-03-06 00:00:00
d200a7526c6d29e8c2742a0bff8cff14,ce976f549c104536bfe1468454154b35,unavailable,2017-05-04 15:19:42,2017-05-06 02:15:13,,,2017-05-29 00:00:00
31c6c41e2949f1a20c6f8e60ac17d4fe,86c608f34ba6e73337c7fb6bb4db336b,unavailable,2017-03-21 23:15:29,2017-03-21 23:15:29,,,2017-04-10 00:00:00
648637c544f762334d4ce9bbe88ebe21,9df7ac1b5662e707e172cdb698820360,unavailable,2017-11-09 22:40:17,2017-11-09 22:50:29,,,2017-11-29 00:00:00
dba5062fbda3af4fb6c33b1e040ca38f,964a6df3d9bdf60fe3e7b8bb69ed893a,created,2018-02-09 17:21:04,,,,2018-03-07 00:00:00
8347204e1ae41b2ad30899fa41a0a889,67e68659e454ee97821ddb96f4b91c11,unavailable,2017-03-03 23:49:03,2017-03-04 01:33:07,,,2017-03-22 00:00:00
87ae60ef8b08ae0e5f903cacb53a6904,fea4d57ed3a45455f89c25ef3dae8ee8,canceled,2018-09-11 16:45:54,,,,2018-09-26 00:00:00
809a282bbd5dbcabb6f2f724fca862ec,622e13439d6b5a0b486c435618b2679e,canceled,2016-09-13 15:24:19,2016-10-07 13:16:46,,,2016-09-30 00:00:00
6178d892fe5eef77fb756aed59b758bd,4d4200b96b8a9f6d9c8dabbc0e47e028,unavailable,2018-01-15 14:08:28,2018-01-15 14:19:28,,,2018-02-07 00:00:00
feae5ecdf2cc16c1007741be785fe3cd,ca05f8b53b1ad2a64bf34baa8aa7f4f6,unavailable,2017-11-11 16:41:06,2017-11-11 16:56:15,,,2017-11-27 00:00:00
651a89e11653d8df43a624a903fe0f5e,e536e3de6a1ac1c527acb004f4120d81,canceled,2017-06-06 20:31:46,,,,2017-06-29 00:00:00
996316cf1b7d0bf4a95a9b5f81d7f22a,6db0a04691d445170c02d01966e8b083,unavailable,2017-09-25 21:50:25,2017-09-27 02:49:19,,,2017-10-10 00:00:00
e744792a1abc89d92d36e086697eaf97,b3b41a1b2f4447baf0ff13137fb8d088,unavailable,2017-03-06 21:28:55,2017-03-08 03:30:17,,,2017-03-29 00:00:00
947e9c6bfd83a06953c420ef92d3da6e,2737211835d5ea370af15ee145f7840c,canceled,2018-08-15 15:13:32,,,,2018-08-28 00:00:00
4ffaf2cdcc432ea3cd8ae0ab7a789cb0,d505c458ae00e3745b5fe126f21c4e25,unavailable,2018-01-30 10:25:41,2018-01-30 10:55:52,,,2018-02-20 00:00:00
04770bff63a120fbf0eea1f62b84f8f0,830ed363f26a7624bd458c1931d348ea,unavailable,2017-02-01 21:07:12,2017-02-01 21:15:18,,,2017-03-10 00:00:00
a91fed0c79559403d648c1161a2d8500,d216a2192cf1da83e57ef65366823a04,unavailable,2017-10-30 11:46:41,2017-10-30 12:06:58,,,2017-11-10 00:00:00
97b22dcad89f4916db427544e655d1b2,a746c825432e5eaf2b8eeece33ca54b7,unavailable,2017-05-15 10:57:13,2017-05-17 04:02:11,,,2017-05-24 00:00:00
0e6dbbc7484dc1ee0392c9ca801035c2,90f65e1539426f18ab1941841d728c72,canceled,2018-03-01 22:40:51,,,,2018-03-23 00:00:00
d7a2d4a7a03831ac687a53e339593570,65a785a36616bb42c2ccc8af733fc72c,unavailable,2017-03-03 18:15:37,2017-03-03 18:25:18,,,2017-03-29 00:00:00
629a524cbbd0a42a04f87ad39648d4ca,113ccf9504bda6180e498d862b8e9815,unavailable,2018-07-12 20:26:19,2018-07-13 20:25:14,,,2018-08-08 00:00:00
bac8ca7a0aea7f37457fb19140d2c5fb,fdfbe88380f4eec04babf18396a62e6a,unavailable,2018-01-04 11:42:53,2018-01-04 15:27:22,,,2018-01-22 00:00:00
68664ce4c84bcf1e6682d90992c7504d,fdce8fd151f9263bb677e873409843dc,unavailable,2018-03-01 09:33:06,2018-03-01 09:56:03,,,2018-03-15 00:00:00
ecb1a8e8b5c6316fe7891f7b556fee28,e14de304ff77ad69b22fc75b5e6c9e69,unavailable,2017-02-07 00:18:03,2017-02-08 03:25:31,,,2017-03-16 00:00:00
3859aef969659dcc5439967f8ffbbc07,8210d3d4c6ffbe4d7cbe7aa1f0e73f00,unavailable,2017-07-12 08:13:51,2017-07-13 07:23:36,,,2017-08-03 00:00:00
92acd9b1e9af0117eee9aa972e0a4841,e9be7eb31a9fc54d1ae7abc6c3595ac3,unavailable,2017-11-22 20:57:12,2017-11-22 21:07:31,,,2017-12-13 00:00:00
7533138abe254f5d3856101e4a21e5f2,5164e21ce84142db5439f4ae25f579a5,unavailable,2017-11-17 19:42:36,2017-11-17 20:35:41,,,2017-11-30 00:00:00
607cf95d7f8a8c1590f421fecdf0d95c,b1f66681b5134dc6670fc734a832e94c,unavailable,2017-11-15 18:34:26,2017-11-15 18:50:35,,,2017-12-12 00:00:00
45daa18f4e3e34c727128f6a775fff95,3aecaefcdaecb42530fd1efe4becc883,unavailable,2018-01-07 13:49:11,2018-01-07 13:57:21,,,2018-02-05 00:00:00
6338011716bfe53b960847be47479662,74671791c2cc61942ae043b7da20b07c,unavailable,2017-11-16 12:28:25,2017-11-16 12:56:02,,,2017-11-29 00:00:00
90e258ad907d8401c4f1107ea9e55f1b,358a7b26ad67e3a183c191ed367e64b3,unavailable,2017-09-25 16:03:27,2017-09-25 16:15:19,,,2017-10-31 00:00:00
4ffd41fadb59bd398d869be78f1b2be3,cb3f24783eb4c4a37cfd6e35b41f3e4c,unavailable,2018-03-26 09:37:59,2018-03-26 21:47:35,,,2018-04-10 00:00:00
62492d216bd7ca39cab1f24109b6bfd7,0eeef532854817bddb1fe6fea6c20b6b,unavailable,2017-11-05 08:26:50,2017-11-09 16:07:14,,,2017-11-30 00:00:00
2636a02ee7de9590df86a4c24b739c49,1fd1e40209824b4d0782d64047b915fb,unavailable,2017-06-29 09:10:37,2017-06-30 09:23:08,,,2017-07-27 00:00:00
186d3cd768be1890d832106f914ba37c,07b0857255ede98368d11c60ae263bfa,canceled,2017-06-09 10:16:21,,,,2017-07-05 00:00:00
8603de8fb5551ed7faf81d2a31b8bf0e,0037d14e53af1d555a582504a4058f4c,unavailable,2017-06-11 17:40:22,2017-06-11 17:55:17,,,2017-07-05 00:00:00
a6f980db92567852107fe54fa64726f2,f7e9bfeb793e02ca1a2fbadb9e1f4a69,unavailable,2017-10-28 10:33:24,2017-10-28 10:45:51,,,2017-11-24 00:00:00
208edba34ba9cf8d8f603672e1966b75,41b48c909c686ce16083f7912ba43196,unavailable,2017-05-08 17:41:44,2017-05-13 20:32:52,,,2017-06-06 00:00:00
c038b4c610ae79ae8e3d191f7293fbae,f678799cf04c0c8c731552419b6a03cb,unavailable,2017-02-01 13:56:13,2017-02-02 02:41:20,,,2017-03-01 00:00:00
294b367987f073eb316ecef17f1078a0,b2faeb7f4e8636d79e2059983c5e6cd0,unavailable,2017-09-22 10:00:20,2017-09-22 10:15:10,,,2017-10-19 00:00:00
ebcb685bc1704615fc22e5a0b73f2dc7,a4747f37f033452617ad330896f582c6,unavailable,2017-05-24 19:10:03,2017-05-26 02:35:26,,,2017-06-13 00:00:00
9566b36fbba7756a79b5d2cba4e058d9,6c60cba0b553924964bcbf588c7fec36,unavailable,2017-07-10 16:47:00,2017-07-13 10:04:11,,,2017-07-21 00:00:00
498081e5523106ea57b698fb881fb1c8,d894f02e84fea96e3008412ccaa861d5,unavailable,2017-05-16 17:26:24,2017-05-16 17:35:18,,,2017-06-09 00:00:00
2e9d8db9e132a9b5e1236618b7e8ef4a,51c6f517f4492a9c2ab4153e998b018e,canceled,2018-08-09 18:42:38,,,,2018-09-04 00:00:00
5d9e1e0e7084f2f9e90a7069e64cba61,5a0e3721a8ca7e273f07af1ead76605e,canceled,2017-11-05 13:58:19,,,,2017-11-17 00:00:00
2c44ef48e157c9a43e9998da9a3248bd,1b38122bd6186b187d3af336471189e8,unavailable,2017-07-17 15:43:37,2017-07-18 06:35:14,,,2017-08-18 00:00:00
0e64b89242bbb62b8ea29c57fc8073fb,8383f6013f8c865be8aa873dce7f43a1,unavailable,2017-11-23 10:53:08,2017-11-23 11:08:21,,,2017-12-20 00:00:00
e2a5a9157ae607d38cdb1593f74c0686,f81114079f5dbe4fd576d9f5a0c243fc,unavailable,2017-11-24 13:40:14,2017-11-24 16:16:30,,,2017-12-13 00:00:00
8ad27f298f11ab1248784468b3fa24e0,a5b99bf549cd3aebde88c53e7fb9f70a,unavailable,2018-05-07 15:27:22,2018-05-09 04:31:31,,,2018-05-24 00:00:00
03227bf7c543bbee4efa38bb6c6763c8,416d631088217221eb0b4c18b9b8992f,unavailable,2017-09-08 17:57:39,2017-09-08 18:15:20,,,2017-09-25 00:00:00
252788350f9dad30b31847845fe119fe,43c2e0c2bffdba58e569a9cf02d9b508,canceled,2017-04-23 14:58:37,,,,2017-05-23 00:00:00
9a209e12ca9ee385ad1ce1510ecfd6fc,1e4d36637a15225a983ee62a35fe577a,unavailable,2018-05-12 16:03:28,2018-05-15 04:15:20,,,2018-05-29 00:00:00
9a8fb2a3a77dab1c301506cd5af2e845,bfdbe6cffc004496c3db4b194181d3d5,unavailable,2017-07-26 08:37:07,2017-07-26 08:50:16,,,2017-08-08 00:00:00
5837a2c844decae8a778657425f6d664,31dd055624c66f291578297a551a6cdf,unavailable,2017-07-17 22:11:13,2017-07-17 22:23:46,,,2017-08-17 00:00:00
bd35b677fd239386e9861d11ae98ab56,ad2eb5d02c0808bcd8743117f6383cf6,canceled,2018-09-17 17:21:16,,,,2018-10-01 00:00:00
b642a3e08bfd10119c9b7e948c936e93,f623e071624706724ec88fbb991b6833,canceled,2017-02-03 01:03:44,,,,2017-03-06 00:00:00
0cafd6a7576a6aae0f891008a87f1546,c758396a502648cb2e77ef06e0807a00,unavailable,2017-01-20 10:31:53,2017-01-20 10:45:12,,,2017-02-22 00:00:00
00d0ffd14774da775ac832ba8520510f,a2f3de2a0a84803cef018776a2e76c9b,canceled,2017-12-23 22:25:00,,,,2018-01-19 00:00:00
2ddc0120a9ee5d965a08b68f6a3e2885,5820efa64bd8d85cb4c4e67eeb40a6b9,unavailable,2017-09-24 00:24:28,2017-09-26 03:28:33,,,2017-10-10 00:00:00
aeef968fdf13e92d3b80306d114ed681,f4057fb491fa03913c1affbf370cf24f,unavailable,2017-03-02 13:39:49,2017-03-02 13:50:19,,,2017-03-21 00:00:00
084d2c70d33f8b9a1e21393471844591,65b3d39ada427bd2eb9747ba626036a9,unavailable,2017-05-16 21:56:29,2017-05-16 22:05:12,,,2017-06-05 00:00:00
60260cf275316912451558bb743bbfc7,9bba7a44753204629a5884736b7d5c74,unavailable,2017-06-27 10:51:39,2017-06-27 11:11:16,,,2017-07-17 00:00:00
93274b931b5771bd02154c9b716168ba,0d6ea3b6f1bf6ef08e6b60ce23db077b,canceled,2018-05-08 10:13:06,2018-05-08 10:31:32,,,2018-05-25 00:00:00
08ea65e91550ee222548404d16eb06b4,10991df83f792039271d758081a2aca8,unavailable,2017-11-14 23:59:15,2017-11-17 04:15:38,,,2017-12-04 00:00:00
63802c52ced9ff923c962ecbf4b3a2a2,8424f98d9254ad85c24141f3cd2fe8c5,canceled,2017-12-03 11:32:32,,,,2017-12-26 00:00:00
a0c1b0545665f839199e53177bc639f7,866945c325644a98b1356b2b50663c05,unavailable,2017-11-23 23:03:25,2017-11-24 00:09:29,,,2017-12-15 00:00:00
8c0ba0ee5bf1417ede40de0a3621f727,54ad906d580b519997fe18d8420acdd1,unavailable,2017-09-29 13:23:03,2017-09-29 13:35:21,,,2017-10-17 00:00:00
e7e4ea34d176d9efab560f0db16925fb,03c19066495ef91f92b31005d5c4cccc,unavailable,2017-11-30 06:57:07,2017-11-30 07:16:58,,,2017-12-18 00:00:00
151e44f3dd461fe0838b6f59f884749f,4874fe3c17665962a71cdcdf3f9cd9a0,unavailable,2018-02-22 16:06:11,2018-02-24 02:55:40,,,2018-03-19 00:00:00
8c8527960c6b98fe66936cff2603d394,7b7e1565386ae5a382118296494338ab,unavailable,2017-07-03 09:12:25,2017-07-03 09:25:11,,,2017-07-14 00:00:00
64a58e424494f1f8ed5895885b9dfe16,35c4894c0ac3f346ebe6bb4eafe572b7,unavailable,2017-10-23 13:19:27,2017-10-23 13:28:24,,,2017-11-03 00:00:00
0a472c47d928bf4cd8b6a7a30345eeb7,8762d94c493b70216cd453ea2320234e,canceled,2018-08-30 10:14:00,,,,2018-10-02 00:00:00
569d43a54c364df5b367ab33e96eacf0,de67b8bed7fa293d54466d66bdaadc62,unavailable,2017-10-31 08:50:06,2017-10-31 09:06:23,,,2017-11-08 00:00:00
6d928ae5792f61a71bb3e3e528bf4a28,d9d61633a0d9de07e5224885bbae0c7a,unavailable,2017-05-06 14:18:42,2017-05-06 14:25:22,,,2017-06-02 00:00:00
95251874fe384d74df990ccb85bea4ab,ef872dc5ea12abe6c43728f4a6015a39,unavailable,2017-07-05 13:55:19,2017-07-05 17:38:16,,,2017-08-10 00:00:00
ccd4eb95e68cb64e666ddcb84f8dfb1e,daac514ffdd2cc0cda0e9686c63a9cad,canceled,2018-03-05 22:57:35,,,,2018-03-21 00:00:00
6a30e349ceba14fcd64f13c3fd62aed3,3a011cc7716b214b68664fa2a3283d79,unavailable,2018-03-10 01:56:16,2018-03-10 02:09:37,,,2018-04-12 00:00:00
c47e4de55f6735f7ddc4c6026769d569,d3f8f35f89101277e688d1965dca40b3,unavailable,2018-02-28 17:29:34,2018-02-28 17:49:45,,,2018-03-13 00:00:00
f0f94b7c7548150f33f5d9e7597d396f,cb5a3d3dea83e4200af551141613ddab,unavailable,2018-05-25 19:17:35,2018-05-25 19:38:35,,,2018-06-19 00:00:00
b4ec6d93789e37e779f86f3b7a9982e5,a79c3eb63791c42b3c065e2f942d84e5,unavailable,2017-10-10 09:25:47,2017-10-10 09:35:32,,,2017-10-30 00:00:00
752c0993c4993edea8eac33fda648244,a1bf5849a8b9f1535ddce758f6c0c41e,unavailable,2017-11-22 13:44:56,2017-11-22 13:53:30,,,2017-12-04 00:00:00
23fdd0e16ad79ceab4e5f407772d64fa,f915ff705480d8952c4e91371c39e95e,unavailable,2017-03-20 15:29:38,2017-03-20 15:29:38,,,2017-04-19 00:00:00
d8198b1933966d7baf7a7d758bdde142,24eab5309a4f60346c0fe93388afe166,unavailable,2017-08-09 13:34:56,2017-08-11 04:30:25,,,2017-08-29 00:00:00
ca9d82b594244464dddfac0959180268,f02b2fdb876bcf76b53082baed71b52e,unavailable,2017-08-09 12:26:30,2017-08-11 04:26:11,,,2017-09-13 00:00:00
a84212c880e5635e2a0888ba25c027c7,c9f3088ce9c367359bf7c688da45a639,unavailable,2018-05-11 15:25:59,2018-05-11 15:38:11,,,2018-05-24 00:00:00
940018724d5c0c1847f642dc1d8d0ea2,f0c28fc86c8f71812a74ea225c8fda1c,unavailable,2018-04-19 14:23:49,2018-04-19 14:35:41,,,2018-04-27 00:00:00
e9f308c243d53135de5a481bf3a9cb86,c5278def2d7c1e27ac0a75b3c7ee783d,unavailable,2018-02-10 11:14:30,2018-02-11 11:10:23,,,2018-02-26 00:00:00
eb3c2af8fb549b98c453e7bfb641da91,9323fd17ec223b6127816f5a6b2e99bf,unavailable,2017-05-09 09:37:25,2017-05-09 09:55:25,,,2017-06-05 00:00:00
60d7d8686099e4682199966963c66ae2,58efc48a0054d0f88fa75bb458a3ecc2,unavailable,2018-07-13 09:24:40,2018-07-14 04:43:54,,,2018-08-10 00:00:00
a3beebf1efa956ba70cf01a80c483367,9da570dd0f573074ad3458b7ba281a62,unavailable,2017-10-12 15:15:50,2017-10-12 15:28:10,,,2017-11-06 00:00:00
ad9a8214948a5bbd4fa03af2ea598a20,921e7175793c295e163d9bd7c8b1c1ee,unavailable,2017-05-07 21:27:38,2017-05-07 21:42:10,,,2017-05-31 00:00:00
1a41f24ba682e06e82dd1ce5f77b6f5e,466417076987cafe57f66ad974bbab6b,unavailable,2017-07-09 13:28:08,2017-07-09 13:42:51,,,2017-07-21 00:00:00
4d59cc2a2e7bb6c0a851725f5888a9b5,ead83a4f8f7be8c3034b2e98754a6147,canceled,2018-09-06 14:50:07,,,,2018-09-21 00:00:00
7c496cea7613c2efe6033e93e573347f,2b629d0b742814e674442efd475d0c7c,unavailable,2017-11-23 19:46:09,2017-11-23 21:39:27,,,2017-12-14 00:00:00
52dfaf3e430903d40571c0eb44d324b5,c778549cf25c2a4fb1b3a5e1874c91e9,unavailable,2017-02-16 20:55:53,2017-02-16 21:05:16,,,2017-03-15 00:00:00
2c885b285dce307562d7f4caae89c6dc,1028ae318a4846d5f21db7dd749f2ee3,unavailable,2017-09-07 07:46:20,2017-09-07 08:03:28,,,2017-09-26 00:00:00
61839bad7238b99a645d22f47028722c,07af2b5f94948733e7e9bf819c3d25ef,unavailable,2017-10-06 20:05:06,2017-10-06 20:25:23,,,2017-10-24 00:00:00
7a4df5d8cff4090e541401a20a22bb80,725e9c75605414b21fd8c8d5a1c2f1d6,created,2017-11-25 11:10:33,,,,2017-12-12 00:00:00
4a5cf649e3eb500fc079aace5f03583e,128433c9283a98b6eddefd309edc7e00,unavailable,2018-03-05 14:37:40,2018-03-05 14:55:39,,,2018-03-28 00:00:00
1770ee9dc600eccda7bfb6c56562b91d,c17bfc06e780f1956ebe2659b2a90caa,unavailable,2017-08-22 19:54:54,2017-08-22 20:06:18,,,2017-09-27 00:00:00
d6bf93d827293f0b9a1582be0719a1e3,d4efc1f03bf9506b5b8571e78a4cd370,unavailable,2017-09-20 17:48:30,2017-09-20 18:05:47,,,2017-10-25 00:00:00
b210c676cae65f95f7e08a49d195e1a1,44cb55a7202fc9fccf83f653373bb000,unavailable,2017-07-21 14:40:21,2017-07-21 14:55:15,,,2017-08-16 00:00:00
81b7c7bbc8ec003eeb67d87441a6a148,75c6e03e7206bd1dd59f427c9f75142a,canceled,2018-08-20 09:03:23,,,,2018-09-03 00:00:00
b4ef4b05fef13db5a94b0ccd497c521c,046a5261421159f926af159485832725,unavailable,2018-07-12 09:41:54,2018-07-12 09:50:20,,,2018-08-01 00:00:00
5ae7a6fa175ab7b180b6c0142e5466e9,bc7b861ebaf4366268881e14b4a52666,unavailable,2017-02-03 16:08:21,2017-02-03 16:21:39,,,2017-03-14 00:00:00
5034308872e3b0e7c30ab14859feef53,b4bade0909a2956cbeef036f6fd7b95e,unavailable,2018-01-18 17:41:34,2018-01-18 17:54:08,,,2018-02-09 00:00:00
798738fb83403d78d10892ac46cf8065,ca860cef411f1bc07c2e4a2b19fdfd4d,unavailable,2018-01-24 18:44:14,2018-01-24 18:56:24,,,2018-02-08 00:00:00
736dca37c6d52d16556556bdd7d208ff,cbb02f3bc8481f06cacb94dcde253af5,unavailable,2017-12-04 13:01:38,2017-12-04 16:33:17,,,2017-12-20 00:00:00
f1ee3463a2c0ddd328a63ac9db6af746,5645f6b97d3740bc2846f27af1fe973f,unavailable,2018-03-15 19:08:52,2018-03-17 02:55:36,,,2018-04-04 00:00:00
a68ce1686d536ca72bd2dadc4b8671e5,d7bed5fac093a4136216072abaf599d5,shipped,2016-10-05 01:47:40,2016-10-07 03:11:22,2016-11-07 16:37:37,,2016-12-01 00:00:00
15ec3d48383c58c0dc96cd66f8884630,fc768a2275c44d9383cc6926adac469d,canceled,2018-08-23 15:17:19,,,,2018-09-20 00:00:00
294bc47f2c556ebbec32a74c4811efd5,4bd474d81a0e7b62ee85040e4bb4035d,unavailable,2018-02-26 21:32:49,2018-02-26 22:08:40,,,2018-03-21 00:00:00
232674aa2334edfdd9c2dbe346291712,b8cbb2fa6090f51abb6076e2b26ca3ae,unavailable,2017-11-09 23:51:34,2017-11-13 20:07:20,,,2017-11-23 00:00:00
dd1341091b6a6b619079944b4aa45eb7,dfff377396a4ab6e54d73dd479008d66,unavailable,2017-09-23 11:36:05,2017-09-26 04:14:15,,,2017-10-10 00:00:00
410d704bdcbe2893fd5ad73fe8166f43,0424e2f81bdfb77d7c11c3f447c7b241,unavailable,2017-12-10 15:25:51,2017-12-10 15:32:40,,,2018-01-04 00:00:00
33fe1cb532ac16a48902980e00c26da6,e0669fc658288e9aea6d958ea90fb9b7,canceled,2017-07-25 19:26:15,,,,2017-08-28 00:00:00
b6d6730512437da0a234e99ea7885212,a5569eafa093045938b448b5f802032d,unavailable,2017-09-04 09:44:46,2017-09-05 08:33:58,,,2017-09-21 00:00:00
df8c077268f7f3baaac0892eb3143642,5bfe800011656c0afb81db64519982db,unavailable,2017-02-01 00:04:17,2017-02-01 00:30:55,,,2017-03-10 00:00:00
fa5dc4c3b8326a0da88dc49b20e0ed27,6311060a7264023c715502f1608b1147,unavailable,2017-11-17 20:08:03,2017-11-21 05:09:15,,,2017-12-06 00:00:00
0d3adebce4bebc1f80a7f36e9833f497,a7c87c25dbdded68c26c640582cb5ddb,canceled,2018-09-03 18:40:50,,,,2018-10-02 00:00:00
930f7f40db5f938e56fbc1bdcd1bb28b,ab3ac67d2fba82499b0d71c4d16f76c8,unavailable,2018-02-16 20:04:22,2018-02-16 20:10:31,,,2018-03-13 00:00:00
f87f3a5e91df877dc36b65fb69ff2465,c13b88bfce55305a9240404088bd6a46,unavailable,2018-07-30 21:49:41,2018-07-30 22:24:21,,,2018-08-10 00:00:00
9bc5c73ed95bec088ff04d924946fa45,5a134aeb2bc57fc5561108c40911a5e5,unavailable,2018-01-14 21:32:20,2018-01-14 21:49:19,,,2018-01-30 00:00:00
4a44e928d587e7cd7068ea354471c477,f04cee5f84e73924695f31301c815ab8,canceled,2018-06-05 13:51:50,2018-06-05 14:31:18,,,2018-06-21 00:00:00
b837d07aca063bfa379766bb6740fdf9,56252fddbb6af46b87f5a070d68afd95,unavailable,2018-05-06 20:12:33,2018-05-07 09:56:42,,,2018-05-30 00:00:00
4a0d049ee6c82b3348a21bb211c0a44d,4bdf8269eff0f30a5f8c14e9df179854,unavailable,2017-06-07 09:53:30,2017-06-07 10:05:15,,,2017-06-28 00:00:00
115b01b1f77f0e02812425b6f5cd8f2f,3a33c0707eef44f18059500427d00c67,unavailable,2018-01-19 00:08:45,2018-01-19 00:36:45,,,2018-02-16 00:00:00
0990477f1481cdf40c00d57bb13a1c9b,09cef74048128ea86d84ab0b84a517aa,unavailable,2017-04-20 19:01:56,2017-04-25 08:22:57,,,2017-05-16 00:00:00
842784b3b697f1dbb51781a20352709a,619718b8cfa49a9a4a47287d7344bd1a,unavailable,2017-09-05 17:32:12,2017-09-05 17:47:26,,,2017-09-26 00:00:00
2c9c2c96702997c879d75f927b76165e,20e569f30c28c88ac2731a006e5bb3d8,unavailable,2017-09-24 10:45:10,2017-09-24 10:55:08,,,2017-10-27 00:00:00
6c16d886be4fe03174a289a4ca70a775,780b36c3e066c0251df695c5ce83994e,canceled,2018-06-05 15:06:16,2018-06-05 15:31:39,,,2018-06-29 00:00:00
47bd649b812fd8ecc28320c466974088,cb617abe19badb2696a3615bfb355545,unavailable,2017-11-27 10:50:08,2017-11-27 19:18:56,,,2017-12-26 00:00:00
fcfe1ea18aae8ae4a08253fd4060a763,7708775efe2bcb20a0da522027356ba2,unavailable,2017-02-11 10:36:04,2017-02-15 11:32:29,,,2017-03-10 00:00:00
44b4829b58167b697a69c8aa8eb64733,9a4a3ebb868261c944c5ba16fdaff61b,canceled,2017-03-01 11:26:37,2017-03-02 11:30:21,,,2017-03-20 00:00:00
1857e77a4bad8abb2db929f107430663,616833eaef04d25b67207119cd6936dc,canceled,2017-08-31 23:55:57,,,,2017-09-28 00:00:00
b87fe28d8d70119601f63b7b131e7af0,28c2bddfd0115acbff6e0f9419f5b2c2,unavailable,2017-04-01 16:47:25,2017-04-01 17:02:27,,,2017-04-25 00:00:00
bb8edfe0742a6a0279b7dff848289568,c2a1740e781cc978dbab71735cf3ce84,canceled,2018-08-30 10:24:34,,,,2018-09-18 00:00:00
03d1edbd314ca7682ec0f3e67d3763e2,963bc458a6c7f3148e1a756a4fc1e012,unavailable,2017-06-29 20:04:14,2017-06-29 20:23:48,,,2017-07-12 00:00:00
00bca4adac549020c1273714d04d0208,1541ebabf956d17f3afe883790bd7dd3,unavailable,2017-02-14 14:49:29,2017-02-14 15:03:38,,,2017-03-13 00:00:00
cdf36cd4632fe33085adec5cf3d6b306,c442e46ad092c69ea8db9cbe7b8f6e14,unavailable,2017-02-25 20:20:04,2017-02-25 20:30:20,,,2017-03-31 00:00:00
2e935fa1d39497aa0ec3f1107fbfb5b8,ffffe8b65bbe3087b653a978c870db99,unavailable,2017-09-29 14:07:03,2017-10-03 06:34:13,,,2017-10-24 00:00:00
a2621d414c9c28d85816bbc9f2e8980d,8a7ea5641aa689d62643a0519501dc39,unavailable,2017-09-22 15:42:18,2017-09-22 15:50:15,,,2017-10-19 00:00:00
02e723e8edb4a123d414f56cc9c4665e,6e9f7d9e943f9c0bdea278d9d7a1c9b9,canceled,2017-08-18 14:30:19,,,,2017-09-21 00:00:00
85fc293d3e0bf416c547c15d991e096a,842ebaefba675d1067f4722118378ab6,unavailable,2017-12-07 20:38:53,2017-12-09 20:33:27,,,2017-12-26 00:00:00
30945faa37e8264ea2815f7bf799adf0,8e088f86db422c6032a26ee8ba1ef0e3,unavailable,2017-01-31 11:40:55,2017-01-31 11:55:20,,,2017-03-02 00:00:00
ec60e48662eb9eaf9ae685a3afa56518,4933b985cf353d4c50490efd77de63c8,unavailable,2018-02-21 09:55:14,2018-02-21 12:05:38,,,2018-03-13 00:00:00
08ee9c1b1da47ffd2a7c7163aa134b16,b8be9aabc886bf52d9361784b379ea49,unavailable,2017-08-04 21:47:44,2017-08-04 22:04:51,,,2017-09-06 00:00:00
f5e0327c97a90df59977a815f6e4453c,e6c59c09cb529c3f49bf5aa8e345d2e8,unavailable,2017-12-06 14:39:11,2017-12-06 14:52:17,,,2018-01-03 00:00:00
7aec7711c4f60453a59bf2f85d18187f,a6d7a64b9eae7e071d6f4250a7dc25a8,unavailable,2017-10-11 10:40:41,2017-10-12 02:30:54,,,2017-10-30 00:00:00
db62e0a0d6c8476c079bda2174228551,0e0358ab8881973f3783b6c5a134a034,unavailable,2018-08-02 12:05:49,2018-08-03 12:04:54,,,2018-08-07 00:00:00
a229af912d66e534353b1fa59daef44b,8541728bf74c0f7a3277c15c4950a994,unavailable,2017-10-27 10:04:29,2017-10-27 10:31:06,,,2017-11-22 00:00:00
670e3b20191d3198a76069c8f9b12355,f76bd438480c183ffb510bad040f3bd9,canceled,2017-02-03 00:55:24,,,,2017-03-09 00:00:00
ba2821b49c92e278db491d3e19fa0556,159ca8ee3ba03b17c749a3bc8e099e87,canceled,2017-05-02 17:51:28,,,,2017-05-26 00:00:00
9abe82df39e950e1e0c1a5969e22571e,0d0616e01497d605e2bc400cba06de99,canceled,2017-03-21 14:45:36,2017-03-21 14:45:36,,,2017-04-12 00:00:00
a3777b94ef07749f031ade4ae824ddb2,65b2d78564e9d776cca877028b764eac,unavailable,2017-05-30 20:06:02,2017-05-31 06:45:24,,,2017-06-28 00:00:00
dafb12075abc3168e9addb5ccf7a02c5,a623062e2e6941fa9cc54558ea3229a6,canceled,2017-07-16 21:59:33,,,,2017-07-28 00:00:00
d9f0325894bf21440caaed1e42006eaa,2a152f19b9ffb8d4241d66126b6f3bb3,unavailable,2017-11-12 12:20:04,2017-11-12 12:35:21,,,2017-11-27 00:00:00
61bc37c42c68767e75243b8c2061f5aa,b3beef70f17ed56c0f98f810e411d87b,unavailable,2018-01-11 15:07:19,2018-01-12 14:57:24,,,2018-01-31 00:00:00
abfacef50a27d7cea3f2c7aa60c08245,5f2d32c9dc38e07a3f364d00b94ff674,unavailable,2017-09-29 13:55:25,2017-09-30 02:36:26,,,2017-10-25 00:00:00
1ddedd282e921efe5e3e931f5a1369d9,3fa21fe15c2cc64d69005b41de1fee36,unavailable,2017-05-25 23:08:04,2017-05-25 23:22:35,,,2017-06-19 00:00:00
2663ce3526465b7ee9809428adabdc45,032a544bbe984490f6ff7450e3c8b0bc,canceled,2018-08-30 13:07:46,,,,2018-09-12 00:00:00
92d731517f17c26f16182d45498c4c3d,95c44daefa7bfb91c6bb0665a0cd22fc,canceled,2016-10-05 11:23:13,,,,2016-11-14 00:00:00
e3911e9d71dfe83390a806612556c49b,35097ec0bdc9c57a7be632bf203c3c0c,unavailable,2017-11-13 17:35:24,2017-11-15 02:55:49,,,2017-12-04 00:00:00
df2f177b04bac67798590bc71213dcc2,fbf0bdb831c80d46f0001ecaecd18ca6,unavailable,2017-11-17 15:29:22,2017-11-18 15:35:28,,,2017-11-30 00:00:00
d177b7c08ed2934d5888e7fd236d42e1,045d8fcab59f603256eefe86e45f0350,canceled,2017-08-17 13:20:41,,,,2017-09-04 00:00:00
19d3484384a0e1eef23357b8c193bd86,2cec9be88ae4cd3cdb1832edf3b7c46b,unavailable,2017-11-02 22:33:01,2017-11-02 22:45:54,,,2017-11-23 00:00:00
29557adf1f00504612cbebf82c843d77,e5aed707ee7e99bcc46d19ccb4921bd4,unavailable,2017-04-22 16:14:48,2017-04-27 23:33:37,,,2017-05-15 00:00:00
cfce0ad0c924cecbe5fde10535420084,276efbef4c6f512a21a9cd9ccb4ecb31,unavailable,2017-05-07 20:39:35,2017-05-07 20:55:20,,,2017-06-12 00:00:00
869eb48662057e0341d47dae5334b693,792fa21ca8a787f90d1a3c274ec853e4,unavailable,2017-10-31 22:14:54,2017-10-31 22:26:11,,,2017-11-23 00:00:00
845f40bea2ead3894b6d95b621e108c0,9e3eaa4b238d6102e6e49c919187e222,unavailable,2017-02-06 20:27:06,2017-02-06 20:35:18,,,2017-03-07 00:00:00
0b398dbb3e7c81005f3c69b01488c4c9,d5a8b5d8ed21f5234e1278a477e751a9,unavailable,2017-09-27 20:51:53,2017-09-27 21:07:13,,,2017-10-24 00:00:00
21a00b08cbeb5716bbb66105e3dbd850,002b5342c72978cf0aba6aae1f5d5293,canceled,2018-09-10 17:51:25,,,,2018-09-20 00:00:00
a0c1632c3bd45c48bed924a7dae3a664,e3030cf0f2814a231fa06eb6d82154f3,unavailable,2018-02-17 15:48:11,2018-02-17 16:06:35,,,2018-03-15 00:00:00
fbb8b95a779702d51ecf6fa530a997d4,0c98695352c85d7b6f28a78dcbaff914,unavailable,2017-07-06 08:47:05,2017-07-06 09:05:15,,,2017-08-01 00:00:00
34cea4a1fdf5fefdf4d48d7dafe53911,42f02a31215fe880d602230d08406909,unavailable,2017-10-15 18:50:09,2017-10-15 19:07:08,,,2017-11-09 00:00:00
a2ac6dad85cf8af5b0afb510a240fe8c,4c2ec60c29d10c34bd49cb88aa85cfc4,canceled,2018-10-03 18:55:29,,,,2018-10-16 00:00:00
d2bc174d5c413f457a21db6899afb682,0337719c3caba8187a276942d35347fd,canceled,2018-08-09 09:50:42,,,,2018-09-14 00:00:00
2c990009034e1fc83904584b26b5fd25,6e568303db60ca2bb3aec0b1f9183492,unavailable,2018-07-18 09:52:46,2018-07-18 10:05:20,,,2018-07-26 00:00:00
16b8c07980cc1e47a31ebb35d9222807,d4c730f60fa6479e35ab867cdd3c8a9b,unavailable,2017-05-31 13:14:22,2017-05-31 13:30:16,,,2017-06-23 00:00:00
6a91f55a2fad58d1b580326cd07f5795,ca970e8045a80d7bfb9b994b321439f8,unavailable,2017-08-14 00:22:36,2017-08-14 00:35:20,,,2017-09-05 00:00:00
61a86f238895780d1ddc6344985537ef,cc7312be4b88561a34750c50e3cd4ff2,unavailable,2017-11-24 23:53:23,2017-11-25 02:53:09,,,2017-12-15 00:00:00
1a5d21f44c73693b9930d0ca33a9d0b1,a21871375ed19fc3f2d8c62fdc75b9dc,canceled,2018-08-16 17:50:14,,,,2018-09-12 00:00:00
4641a7999ca05850ee60509c213dc8ac,a7ff2f7795c7e202a24fc881252112bf,canceled,2017-11-20 12:48:37,,,,2017-12-01 00:00:00
b2673ed6360dc341a4728dbd632f935b,acd30e8ac809a440f8a10918d0683a17,unavailable,2018-06-26 19:21:56,2018-06-26 19:35:21,,,2018-07-24 00:00:00
c609f82bcf7a90292a5940205ebd7e93,b08064e24083fee8fbe8797902b07ecd,unavailable,2018-05-13 16:45:55,2018-05-13 17:11:58,,,2018-06-05 00:00:00
6111350dd1f8b825ac82e9caea339f07,d46ae795ce93d1cec2f41eea68a58982,unavailable,2017-11-17 10:23:15,2017-11-18 09:49:16,,,2017-11-30 00:00:00
a2bcbea8668a0d93334cf7f7fafe921d,1d07a5e66ea2c0bb74e2523526326ba3,unavailable,2018-02-12 15:38:41,2018-02-13 15:30:45,,,2018-03-06 00:00:00
7ecb6c38b166531663fdecce49dc1a6f,288f90dc3b55afaff2904553fa5cbfe0,unavailable,2017-12-29 00:18:54,2017-12-30 00:11:18,,,2018-01-26 00:00:00
9c2e92a11614b3b94ef257a4eb8540d7,158af3ad0742719d373724b762396918,unavailable,2017-11-18 18:41:53,2017-11-18 18:55:27,,,2017-12-14 00:00:00
e9e56ab7d8e993bda2988ed430524126,e897805b8661b837d4f0ec8dc77106f2,unavailable,2017-03-05 19:52:00,2017-03-05 20:05:18,,,2017-04-04 00:00:00
fd4c3a2912e854eedd463b329540da4b,d2fdd1d3725bccaa0900e360a985398f,canceled,2017-10-28 11:18:48,,,,2017-11-21 00:00:00
298b961b82fd30c53433ae821ba75aa9,3e4718dc40018dfaf06f5cf2638cff1d,unavailable,2018-07-10 09:56:11,2018-07-11 03:10:16,,,2018-08-01 00:00:00
e804ad37d90d9c32dc3ae61e90a06345,eb18d64ac5fd600895682f2c78731b4d,unavailable,2017-12-06 19:30:43,2017-12-06 19:38:24,,,2018-01-02 00:00:00
5aac76cf7b07dd06fa4d50bf461d2f40,7a8a02e54cf3472df427e927f8b9c046,canceled,2018-09-25 11:59:18,,,,2018-10-11 00:00:00
46ac809c6b319398df696f5668806fee,8059f4ffe7ad8b008c7180d4ef488528,unavailable,2018-04-03 18:28:35,2018-04-03 18:49:53,,,2018-04-30 00:00:00
0ea5760bfbfe671160e0599cf68f1981,e016de14d2abd37825c4c485cd780b74,canceled,2018-07-18 09:56:16,,,,2018-08-16 00:00:00
32cf225a72e589313cd8d967203effc6,3da1df4d9cb694fc33051ca98d40415d,unavailable,2017-07-16 14:26:59,2017-07-16 14:35:28,,,2017-07-28 00:00:00
9a7e2fda18922ba60aba4f140aead4dd,84b37eb4e166599b6d40f6a4376589de,unavailable,2017-05-05 14:01:47,2017-05-05 14:15:13,,,2017-06-06 00:00:00
d5ab426a149bfee66ff88db9c6a8836a,fdb25d73ff1068cb0fe401c24cfaf002,unavailable,2017-02-01 10:40:43,2017-02-01 10:50:16,,,2017-03-14 00:00:00
ebb921d271b8b17989e08220637b921f,9ad3cb19919815536d4ae2c46d69279c,unavailable,2018-01-03 21:01:54,2018-01-03 21:14:27,,,2018-01-26 00:00:00
896fbd78a9ef3839b34b893f48f6bc67,20153d17ff713721abd8b4c082d5e4d5,canceled,2018-05-12 01:48:33,,,,2018-05-30 00:00:00
503e8daafed23dbae78ff210f2d41f0f,b803a36f5b9d8d6f91c23a92d2e5bac2,canceled,2018-08-20 14:16:15,,,,2018-09-04 00:00:00
0010dedd556712d7bb69a19cb7bbd37a,3a92efdb6e6163dc1734d44f2f5f6d04,unavailable,2017-10-21 19:32:06,2017-10-24 03:25:32,,,2017-11-03 00:00:00
309688f286ca9fb39735664ba1e37b29,be9e16f7c118e7f49f6399f01fb4a48c,unavailable,2017-11-26 22:38:45,2017-11-28 03:19:58,,,2017-12-18 00:00:00
582fd4fa596ee1af88f153a5ba0523f2,deaa19219d8e3afdf04e2685df1bda8a,canceled,2017-11-09 17:38:45,,,,2017-12-05 00:00:00
deb556fbebd4343315d9ab970392674c,66d925f87715f42b875f1a75953baeb9,unavailable,2017-07-25 20:49:16,2017-07-27 11:30:15,,,2017-08-23 00:00:00
816e9ea5a585767bf637afdfb6d536ed,9629cd856821f7cffff6f6238d5cb5e7,canceled,2017-09-27 20:03:11,,,,2017-10-19 00:00:00
5bcdec60d84d4495d0d90b64a3e81804,6c65bbfd7a67ebafd5b8b3b931c75012,unavailable,2017-12-05 15:25:11,2017-12-06 12:30:39,,,2017-12-28 00:00:00
8040bd2eb4b6e7cfcda94f1ccdcc703d,43d849aaaec5478f91ff9b26406d7808,canceled,2017-05-03 23:23:55,,,,2017-06-07 00:00:00
dceb6ab566e0d15ffaba53ef637afa3c,c357638ad6b3773047a316462e992235,unavailable,2017-01-26 16:51:32,2017-01-27 06:55:25,,,2017-02-21 00:00:00
869997fbe01f39d184956b5c6bccfdbe,55c9dad94ec1a2ba57998bdb376c230a,canceled,2018-09-26 08:40:15,,,,2018-10-25 00:00:00
8e96b092573364fa542b5c5fb3a9d9a3,dacbd51de638539d7336ad7b85a46cba,unavailable,2017-11-02 12:17:17,2017-11-04 03:35:31,,,2017-11-16 00:00:00
c9e893d2e32f6ca9988b30669eb71e5a,f56957527a53eaf4a716376e9fcbed7c,unavailable,2017-02-06 12:02:23,2017-02-06 12:10:26,,,2017-03-13 00:00:00
aaf3ed5d59c660ed5b94eb2dd4103ea0,3d393485f0289ad62f44ec59560a39e8,unavailable,2017-10-07 14:01:14,2017-10-07 14:14:16,,,2017-11-03 00:00:00
a2dd87f10cd0b3cdb73c6ba52e333250,21c0c4d41202817c20b246e5a5070ac4,unavailable,2017-10-11 18:51:26,2017-10-14 03:49:24,,,2017-11-07 00:00:00
91663de20f19686d62e4dbc0087fcf62,ab2920fe8377dfb7f685a6591e3300d4,unavailable,2017-07-08 09:55:28,2017-07-08 10:05:46,,,2017-08-01 00:00:00
b635cbb9f7c2bc5de438f7429b8490e5,d80503003ba91d9d6803f8287544782e,unavailable,2018-07-31 11:26:30,2018-08-05 23:30:50,,,2018-08-10 00:00:00
99b492e774feb838a15101dc48ecb6f0,0a095e1e6ef438f5fa02a40716b22126,canceled,2017-08-03 11:01:10,,,,2017-08-17 00:00:00
51375acfdef4d742df94640aa60d385b,7ce1d85a1d02f0b8e37e552259c8fb79,unavailable,2017-10-06 19:37:46,2017-10-06 19:49:25,,,2017-11-06 00:00:00
f747f82cd6f4094876b1df81c7a50145,0f5d8af8e5807e8994a2c60d4b6b15a6,unavailable,2017-02-22 10:06:32,2017-02-22 10:22:33,,,2017-03-27 00:00:00
5c4e4e1d3abaee058758731094e9a7cc,2b60fa486873939bde1170b15b8ac6ac,unavailable,2017-12-04 10:49:52,2017-12-04 16:32:05,,,2018-01-04 00:00:00
05da04fd9f94dfb49fd643216d2cbe1f,8dc1b1a511cd62c200c437fb43d2246e,unavailable,2018-01-04 11:33:15,2018-01-04 11:48:55,,,2018-02-01 00:00:00
8e4090f70c05cc129247bc0edc095dbd,a2db0e3981649a07f611233bbc0550ed,unavailable,2018-04-02 10:32:19,2018-04-02 10:48:33,,,2018-04-18 00:00:00
032cf17f7a713287e46999fddea6051b,7ec44117b7760d297447f1cff2a10967,canceled,2016-10-07 12:21:07,,,,2016-11-17 00:00:00
ba43195b0f997630dab0e5b6dae0a6ab,d4ebaccdb4593f7460e7936aca80db92,unavailable,2018-01-12 12:30:21,2018-01-13 02:05:31,,,2018-01-31 00:00:00
f86d7bc39aab05299691322044b63bb2,ff31bee1ba4bba00cc14b1b91c8d28f3,canceled,2018-08-13 18:43:06,,,,2018-09-25 00:00:00
24f686e03e134195c83dc3e2b6bf4cd0,8feae4bd81cd90e377f43588b900d3c2,unavailable,2017-05-08 14:20:50,2017-05-08 14:30:23,,,2017-05-31 00:00:00
8db43b1e3642a3227063d2517b63ecbe,45938ba1c04f7c36fa58f04c3d6e1540,unavailable,2017-03-24 14:35:51,2017-03-24 14:50:12,,,2017-04-20 00:00:00
aed5fd4c4ada58504679761465a6486e,fb5adcc8d11e1000f05d9e6b683a0700,unavailable,2017-07-07 10:48:37,2017-07-07 11:03:33,,,2017-08-08 00:00:00
8b564962527dd053cfc85c8fc98ad1df,7a9f83795de1c16c6be36870eccd9b10,unavailable,2017-10-09 16:38:21,2017-10-09 16:56:30,,,2017-11-08 00:00:00
ee8e24472be0999597648d72577ae895,44b48c6caacf57318845ebda905fc24b,unavailable,2018-02-11 11:23:28,2018-02-11 11:30:33,,,2018-03-09 00:00:00
9cb560230b18aed833770219fd165e16,4a12498b256c30e2e59cf2ae246222b7,unavailable,2017-07-12 18:26:00,2017-07-13 02:55:33,,,2017-08-01 00:00:00
6dd0cc64fed627388bf95943af884f70,4a31da2ba757502ad7fcc9dc6768cfa5,unavailable,2017-07-10 14:17:01,2017-07-10 14:25:18,,,2017-08-01 00:00:00
ccb48770165d34335e1d156d6d2c6ec7,4b51c20a256e426ffa5fdf3471d20cfe,unavailable,2018-02-15 12:39:44,2018-02-15 12:50:26,,,2018-03-13 00:00:00
1f66f9bfd244a5383aeb00a84ad12a66,b692755548475c6db9d19858c5da06f1,canceled,2016-10-10 10:49:54,2016-10-10 12:01:56,,,2016-12-08 00:00:00
d05d7ff2f99a1360d7a4e4c902eee05f,27f7a152c4868999493176dee4cfee4d,unavailable,2018-03-28 10:43:54,2018-03-28 10:55:14,,,2018-04-10 00:00:00
ba6d92892febc6a5ca2dbae073427911,4e7e0377c75e401e33a8f26d03d4f47e,unavailable,2017-09-23 01:41:20,2017-09-26 03:49:18,,,2017-10-10 00:00:00
c306eca42d32507b970739b5b6a5a33a,24b0e2bd287e47d54d193e7bbb51103f,canceled,2018-08-13 09:14:07,,,,2018-09-05 00:00:00
edefc0fa09c98cc491e9d2cf95ee4a5f,42c7319a2945a3b2965f0adaf0c68a3b,unavailable,2017-02-12 20:05:08,2017-02-12 20:15:22,,,2017-03-10 00:00:00
19bb130ea3cc2dab25b3bcf2097aa462,50ca8ddb57748311869736678c8dde1e,unavailable,2017-07-19 15:00:02,2017-07-20 02:25:54,,,2017-08-18 00:00:00
4637ca194b6387e2d538dc89b124b0ee,a73c1f73f5772cf801434bf984b0b1a7,canceled,2018-09-03 14:14:25,,,,2018-09-10 00:00:00
33d8795f04dd631f3480d7aaf90da3dc,b11ea459107d514dd45bce81c0ab4e74,unavailable,2017-07-07 21:17:36,2017-07-07 21:30:13,,,2017-07-27 00:00:00
7fd4b0e047195ca197c3660772a8d8c0,fc253202cb10b4a99ac862321a854858,canceled,2016-10-08 07:02:33,2016-10-18 15:19:10,,,2016-11-18 00:00:00
ff71fa43cf5b726cd4a5763c7d819a35,14217d5d9e2e67faaae493aa0a181d4c,unavailable,2017-07-19 21:53:57,2017-07-21 02:50:44,,,2017-08-10 00:00:00
c8c528189310eaa44a745b8d9d26908b,197a2a6a77da93f678ea0d379f21da0a,canceled,2018-08-28 20:05:14,,,,2018-09-11 00:00:00
53ec902459673efbbcb34dec981931d3,489a3ed6905c005864a69d534cba1aca,unavailable,2017-07-23 22:47:19,2017-07-23 23:03:21,,,2017-08-15 00:00:00
e40d0c72305e1f0be6925df1e4378221,09cb79df62a7ca61507fca903adfe410,unavailable,2017-11-03 20:21:30,2017-11-03 20:35:23,,,2017-12-01 00:00:00
fc20b8e282da6f3fbcdd3a3cedecb723,58acc4e2788bf6fc445fddcce9c1db03,unavailable,2017-03-01 10:02:02,2017-03-02 08:10:15,,,2017-03-20 00:00:00
adba6d04acdb64b6df4751a0e639dfd9,aae8a8be7d213183eead54d3fb27b04b,unavailable,2017-06-20 17:53:16,2017-06-20 18:05:11,,,2017-07-12 00:00:00
fe87d4b944748f63ca5ed22cc55b6fb6,d992eb012e1599214218191d39c99693,unavailable,2017-12-05 09:20:36,2017-12-05 15:14:07,,,2017-12-21 00:00:00
33e13c48e5883f2a3ae2269bf57650c7,cef54c3ad569af033c4ecdaa69c9e140,unavailable,2017-12-22 12:41:34,2017-12-22 12:52:28,,,2018-01-26 00:00:00
5bd5f0a2e24b51f1d1d6e855f9f03e3d,41adeff6ad4868b175f8bc77e2f9d29e,unavailable,2017-09-05 11:45:52,2017-09-05 12:04:11,,,2017-09-26 00:00:00
95e6053477d7169c64e6a34a3e329cb7,6dfe81f46e43ef19ff6eccfa55ceba6e,unavailable,2018-05-21 13:41:14,2018-05-25 10:30:32,,,2018-05-29 00:00:00
e8e186c0ebe18282aada53c56e7da34f,3b4f0692301aa019cceb68556e411f88,canceled,2017-05-02 07:34:35,,,,2017-05-29 00:00:00
ef32bb24f4e81a29a305e5285c8d3d34,90864878aebf8b7456fc25ac866af6ce,unavailable,2017-12-19 13:11:08,2017-12-19 14:24:07,,,2018-01-08 00:00:00
bd443caeb1873dd616185acf5162d26c,07442d34d7859515951ba034f7e61a16,unavailable,2018-03-21 09:23:07,2018-03-21 17:08:52,,,2018-04-19 00:00:00
6d9bd9b4caa7d961a6d31427ad0e557e,9e20ebbaa01f591ef3b9bc4018100d70,unavailable,2017-11-24 17:45:10,2017-11-24 21:12:54,,,2017-12-20 00:00:00
a9cc8ce28b99a1cc075cb04ab19010c7,cfaa50273d7dd437aaa48b344de64ba5,unavailable,2018-01-19 02:48:54,2018-01-20 09:09:42,,,2018-02-16 00:00:00
c83eba0508195fff1529210cfe30385a,44cd1a0cef7c3280d33ebc8a30f2e86a,unavailable,2017-07-12 11:25:47,2017-07-13 13:10:23,,,2017-08-07 00:00:00
54b56f2389dee113344da742da7890c9,fa75f83a777070af732410d2c43a9749,unavailable,2018-02-12 17:36:31,2018-02-12 17:47:59,,,2018-02-26 00:00:00
4b3b5fc7398939e35a47fe5a8c0be5cb,63eb182bd6f5c57d2a1320de259bff7a,unavailable,2017-11-24 03:10:55,2017-11-24 03:30:20,,,2017-12-08 00:00:00
0f3b2951a363f6a201ad23e3ce2c0313,ca5cc0d19a459e9c7b6f2e781c98a190,unavailable,2017-11-23 00:07:09,2017-11-23 00:18:32,,,2017-12-13 00:00:00
4bbe949608f669144f0db3f8cde75cd7,e23f90c411de6df260df42b05c1d4732,unavailable,2017-09-05 14:22:59,2017-09-13 11:10:20,,,2017-10-09 00:00:00
9c77f06d1dbb94007e708e9aba680a03,b070b95287678d11201661cbff914baf,unavailable,2018-02-10 16:00:05,2018-02-10 16:10:24,,,2018-02-26 00:00:00
51b00c5a9b0224f467f74d55424b4235,4349d17c2c020f08d09713ae2418b119,unavailable,2017-07-09 11:20:12,2017-07-09 11:30:17,,,2017-08-03 00:00:00
f4a8cf5dcabdbe8dd7e65e1674db3015,f46fbb1f9d19890a021e112d9e67c4c0,canceled,2018-01-21 23:26:18,,,,2018-02-06 00:00:00
8256266a3e79c5c11593977b92fe7b1a,74f388d7c1757feb7cfd8bc9efc7a78c,unavailable,2018-01-18 17:02:04,2018-01-18 17:13:20,,,2018-02-15 00:00:00
1762aa0ce22469c003348a42e46f5269,68b7ace943722094081442259c9b3f2e,unavailable,2017-08-20 19:52:24,2017-08-22 04:11:09,,,2017-09-14 00:00:00
1c3a814fa046dc2f684276b1ca26786e,008e1bbc8f278134d10d8788a3ca0b7c,unavailable,2017-04-11 08:25:26,2017-04-12 02:50:58,,,2017-05-03 00:00:00
24b425b6d0f061fcb84c1832d221e3bb,aeb4c7533882b7b165d846a5cb5a4c3e,canceled,2017-08-22 09:50:59,,,,2017-09-26 00:00:00
0a5c74ccc786ced7903270de9d6c170a,c021456db05f8e71f0985bef8859b793,unavailable,2018-01-18 23:14:36,2018-02-20 12:05:54,,,2018-02-14 00:00:00
8076135356d195170fe9f8d5698182c4,791adb0cb24efdbc7bca8035528f4446,unavailable,2018-01-03 21:56:47,2018-01-03 22:08:30,,,2018-02-15 00:00:00
8ae36ddb0c9660dabf5341488efb2a30,758e7d0e5f61d4150e1a47079f601a29,unavailable,2018-03-03 12:02:45,2018-03-03 12:15:39,,,2018-03-15 00:00:00
4b460251c3d2ba44dd61b0b6c3410ac6,7ceb6bd264a93011d92f29004d2fa854,unavailable,2017-03-27 17:19:37,2017-03-28 17:25:24,,,2017-04-26 00:00:00
a7e225997eea4fd0df0db35b52bd9d0e,70a1077e0c545d3c5a7321f7e047a935,unavailable,2017-12-02 03:21:27,2017-12-05 04:12:23,,,2018-01-04 00:00:00
69c49491c1300f416d32e8bedc9f8907,1223d05f13c9da072919d40915747b8d,unavailable,2017-10-26 10:35:27,2017-10-26 10:49:24,,,2017-11-08 00:00:00
ccac33950ffc27cb905dbcdfb099494a,001574cd5824c0b1ea90dd4f4ba6d5b8,unavailable,2017-11-26 02:13:57,2017-11-26 02:30:13,,,2017-12-19 00:00:00
2e287cee637969033ec9ab49602e61ef,bf6418c67d6b29aada7d4a9a0cfb3e09,unavailable,2017-01-30 15:48:53,2017-01-31 04:31:22,,,2017-03-10 00:00:00
8cacf6d8c088e18ca96ee6d5a138461b,5885d2cdadfe2bfd47d3b8221e0685eb,canceled,2017-05-27 22:42:30,,,,2017-06-23 00:00:00
d9258776ebce96efd9811c6554d12726,1ead19a592ff7cb342e088c257c1f45d,canceled,2017-10-20 19:35:47,,,,2017-11-16 00:00:00
383bb8b07361166ea86f3f4b51e96ff7,980dbc98d42220a8cbeb85142b6f6ee1,canceled,2018-03-15 10:12:28,2018-03-15 10:29:39,,,2018-04-10 00:00:00
2982a4a9b9ff0bf9a4f5b88a45a6fa67,e64d794f227cf73be5dc344cd062a168,unavailable,2017-03-06 13:52:04,2017-03-06 14:03:09,,,2017-04-13 00:00:00
342505ef4323f0572eda009be6080f6c,8ec1bda3f9fef32836852019c97f58e4,unavailable,2017-09-11 18:49:07,2017-09-11 19:05:09,,,2017-09-21 00:00:00
8c6e16dc21c114e69bdf0d21386241eb,cd7891263813d9cc6b26f232f73c1485,unavailable,2017-11-14 15:10:43,2017-11-17 03:46:16,,,2017-12-12 00:00:00
7b862ac7558f536ca1c6f388f21d22d5,a708e353cc61e89923883c30fbb8150b,unavailable,2017-10-06 21:30:34,2017-10-06 21:49:19,,,2017-10-30 00:00:00
7622da48f027d5659a0d7b0a43597354,b73059b796c2abebd783eb6af533b1a2,unavailable,2017-07-09 14:27:44,2017-07-09 14:43:05,,,2017-07-21 00:00:00
2429083883078c31cf2337ce0dd425ee,5aa462ca54e8b4d65747f7987eb80e25,unavailable,2017-07-06 19:25:55,2017-07-07 19:35:08,,,2017-08-08 00:00:00
29380cfab5f9f5f233e2c71e16cadc68,a1774d98db8380cc69ef842c759be95f,unavailable,2018-05-09 16:55:09,2018-05-09 17:15:15,,,2018-05-28 00:00:00
fc8121263d345c1d739f85edda7be0cb,1f5656157ed9a977036dd1cdec2f74a4,unavailable,2017-02-18 23:41:47,2017-02-19 01:02:48,,,2017-03-21 00:00:00
fb4ea753f638936f56b4df5d03dc07bb,0ccfdd2d2cd158609cae8977fb5327fc,unavailable,2018-01-13 20:11:23,2018-01-16 03:36:36,,,2018-01-30 00:00:00
48f2d0b950703bfb145b7c3c0641b4bb,ce68dcdb0fbc1b4172d23c2427cc635e,unavailable,2017-08-30 01:21:05,2017-09-01 15:55:17,,,2017-09-18 00:00:00
b715c631fdd01580d9de3ed3759523c7,14d0a56007d15cde2d14e47edd0ef3c1,canceled,2018-02-17 20:24:59,,,,2018-03-12 00:00:00
2b941f8e6ff81158a52de44909dc2a52,76ff5182e587b958e3b372f958ffbe16,canceled,2017-04-14 19:05:05,,,,2017-05-10 00:00:00
a91e25d9e242b0545cddf83a2bb46954,6ad24adeead1a2dcf21adc31df86824b,unavailable,2017-02-01 13:27:48,2017-02-01 13:41:10,,,2017-03-14 00:00:00
46c25d5c696b53935b00b3e3fa555d20,b8733d8c52eb81f4ae5ce655728ff6dd,unavailable,2017-06-29 19:41:31,2017-06-30 03:03:47,,,2017-07-19 00:00:00
402e0a2ad64d2f2b8f0d06d436789aca,84c6bfb65cffd4c4fbaabe31622495f5,unavailable,2017-10-21 10:58:06,2017-10-23 16:49:18,,,2017-11-09 00:00:00
19bbda1f882b3aeddba973e935519905,e874220095cbbc1cca6c70cc3c6ab8b8,unavailable,2017-11-03 22:26:44,2017-11-03 22:45:46,,,2017-11-24 00:00:00
e55fa3385fa77f6be6a0041c5daf2fb6,dd03475bfbf54191e01fd42f57d342ef,unavailable,2018-08-01 03:54:30,2018-08-06 23:31:35,,,2018-08-08 00:00:00
3cd41dc7c9fceb7de4fb0e9983a4b1ed,f8d5adc32955a3f8c92b0343deebad7f,unavailable,2017-10-10 23:49:13,2017-10-11 13:56:22,,,2017-10-23 00:00:00
1612081119e8f23745698ad3367cc14b,20d32833d8983a835cafcd54099631a0,unavailable,2016-10-05 18:06:48,2017-04-11 15:17:38,,,2016-11-17 00:00:00
1fda9a8d1632a5964c43fb8e64dbe3e3,f94da73419386f20952c30afd48c85fb,unavailable,2017-11-07 19:54:22,2017-11-09 04:31:17,,,2017-11-24 00:00:00
ab46182a322cb6dc83f4138d4e5cd73f,77a176bb787329aa60cd56aba502da46,unavailable,2017-11-24 19:49:07,2017-11-24 23:01:03,,,2017-12-08 00:00:00
0d2c1a413f6aa3a36b8bb940b028f930,2c5f389b555d4b71b509d8696f18b86f,unavailable,2017-11-23 11:14:30,2017-11-28 12:14:33,,,2017-12-14 00:00:00
77b8e495f75bbdf52e3a29bc46188eef,470eae0a78a5e9efdbc04378b1c64fea,unavailable,2017-10-12 17:32:55,2017-10-14 03:46:44,,,2017-11-03 00:00:00
3a3aed58b078ba2d2105cd76ce7a76d7,4df922283e840682df69a70aed95807d,canceled,2017-05-25 16:12:51,,,,2017-06-16 00:00:00
6e98de3a85c84ead6689189b825d35b5,f34a6e874087ec1f0e3dab9fdf659c5d,canceled,2018-03-15 10:07:02,2018-03-15 10:29:33,,,2018-04-09 00:00:00
80fd1b0b81771253d43532f41d575d39,d981162ce1ef6f63978f2240a8d2b545,canceled,2017-10-29 18:02:37,,,,2017-11-28 00:00:00
0fb9645c128ac84788798f0129496ca7,80a4c819314e5ff01e66ba8780857b4e,canceled,2018-08-21 10:15:51,,,,2018-09-04 00:00:00
607c1c3f926d9435d428d7aa7d52a1ed,905bd3fd513ac50ea6c8fa9dbedb9ca1,unavailable,2018-02-13 21:40:28,2018-02-13 21:50:51,,,2018-03-01 00:00:00
b90cc9e10252911c2092a1e49794aa13,6e1a602109cbb0df79760cab3a663991,unavailable,2018-02-07 11:42:41,2018-02-07 12:10:31,,,2018-02-23 00:00:00
33f11b444d480cee508b54f3cf17b079,99ca4697c2a9ce3fad29f8d3baa229c2,unavailable,2018-03-02 16:48:27,2018-03-02 17:10:42,,,2018-03-22 00:00:00
974f9f87a3bad01b2ac72fe987505e9b,b8bd03cdd075b29c82a9c55e5cd8e224,unavailable,2017-06-09 20:25:03,2017-06-09 20:35:17,,,2017-08-01 00:00:00
8ab4ca9525e1f61c67972a13885d3b96,52789ab6f6e6f472133760c866d6fe58,unavailable,2017-05-09 15:29:35,2017-05-09 15:42:05,,,2017-06-06 00:00:00
675b0980a1c53e959dc721b6e608997f,b3e2d25661bc36bf407b8ca0b6087708,unavailable,2017-08-16 21:54:45,2017-08-17 00:04:48,,,2017-09-12 00:00:00
6d3130927406da969ab807821a93a65d,dc06b273fa5b109f3d49ec7e45665a7f,unavailable,2017-02-11 21:39:55,2017-02-11 21:50:13,,,2017-03-10 00:00:00
4ce5e2d15628c2277ca6ed81ee60f9de,fa8edf721f4091b4851977b761d62c1e,unavailable,2017-07-10 00:18:31,2017-07-10 00:30:12,,,2017-08-03 00:00:00
49c5132b03e35ffa18fdca050d1f8e33,822331095c3e3d597632c846113e27d3,unavailable,2017-10-30 23:52:49,2017-10-31 00:32:04,,,2017-11-16 00:00:00
3f6509ff22303ff04b9bf1b2c8bf69c6,496a97eab481772b61371ad4f2d392c0,canceled,2018-08-13 19:21:19,,,,2018-08-17 00:00:00
2d31315ad8289e1e63c8451715e80306,d561b165e65a10cc1e1b0540793d9765,unavailable,2017-09-07 13:52:34,2017-09-09 04:45:54,,,2017-09-26 00:00:00
5f2dbe00a1732133a6809ae1af554123,f7b1d4b064c31b564fd39ad8bcb7cbdc,unavailable,2017-02-06 08:18:30,2017-02-08 03:15:34,,,2017-03-02 00:00:00
3a0fbe8fbdae776394cd93385366a4fd,240316d3cc8d0622aa5a02aa0de18115,unavailable,2017-12-12 14:23:58,2017-12-12 15:31:22,,,2018-01-08 00:00:00
cbce204b327a87445b6e6c28e0c5bfb3,f4c160bdd6f4515d604bfe77dfdefb04,unavailable,2017-09-24 09:24:52,2017-09-26 03:56:28,,,2017-10-10 00:00:00
b2fc127731e4fc8f7bd2d2c1898e59ca,75d14995c7fd07f2b9b0410b42f7a155,unavailable,2017-06-14 10:31:55,2017-06-15 03:10:28,,,2017-07-07 00:00:00
392ed9afd714e3c74767d0c4d3e3f477,2823ffda607a2316375088e0d00005ec,canceled,2018-09-29 09:13:03,,,,2018-10-15 00:00:00
43f15e122ae8ae3eda33bf64b011c085,a377b75fcc16c20ffde4af02215e7b07,unavailable,2017-08-06 22:09:17,2017-08-08 04:05:12,,,2017-08-29 00:00:00
73745cfd1447d2cb71537b662d59b3b8,d853613c3c14bb1aec45a54f0b3b7e42,unavailable,2017-07-20 20:02:04,2017-07-20 20:15:10,,,2017-08-11 00:00:00
bf27902e7735a428c81f52189dec50e4,c1303e80c0dfcacc9bba320dbb7421d5,unavailable,2017-11-29 17:42:13,2017-11-29 19:16:56,,,2017-12-21 00:00:00
3bd3b4d482f916c2c9662b8da6f2758b,e1053f60223f6446d021fc034d81f5a3,canceled,2018-08-20 15:07:42,,,,2018-09-04 00:00:00
791d454dd290baaf30d599c6183d7489,556b350ff8b8954e863415703f9b58cd,unavailable,2017-08-15 11:17:02,2017-08-17 06:30:52,,,2017-09-15 00:00:00
36cde427894b4797db8316e92b8e58f2,8ad31d01d748351b17d65242d9222b31,unavailable,2017-03-23 21:53:52,2017-03-23 22:05:36,,,2017-04-11 00:00:00
b7fa03eeccba341d5ab0dc86bfb1b08c,38a501b835a42c582bb16868630cba84,unavailable,2018-07-28 18:42:13,2018-08-02 23:30:29,,,2018-08-03 00:00:00
335f8f913a1d29120e07b6bb9847d73c,513f24c01c5b22fe1b97bb2ff08f1808,unavailable,2018-05-12 15:28:13,2018-05-14 15:33:16,,,2018-05-22 00:00:00
d859b40b1d9bb3cdd347358688bc3272,d20b7041712591ed7c9f118b95400b0d,unavailable,2017-10-10 12:55:03,2017-10-10 13:14:14,,,2017-11-08 00:00:00
e5882de2409ffb5a26782367e95b91ba,7d66a925cb032def39bd1476c0cfa518,unavailable,2017-06-30 13:26:22,2017-06-30 13:43:43,,,2017-08-08 00:00:00
3c8702d3b056de079d6cdd6ee1ffeb55,573eb2d54aa19396d7e2ebd1ec460726,unavailable,2017-02-22 12:31:15,2017-02-22 13:05:30,,,2017-03-21 00:00:00
52ffca67c47f7bc4350f82b1d2c20dec,30b783882dd8572d3cf6a4ac7e605272,canceled,2017-11-26 18:42:08,,,,2017-12-20 00:00:00
31b91033dcb0502e616f40ced16dccc6,72ec1bb6ed4621056c6774c4c385640b,unavailable,2017-07-17 09:38:11,2017-07-18 06:04:10,,,2017-08-21 00:00:00
55aa287c6ca17e8c3262b9ef1e12fac6,a75995b94cb29447b37cf28ba33f36a7,unavailable,2017-03-04 12:15:08,2017-03-05 13:05:35,,,2017-03-27 00:00:00
adf5a3d223336c6b7965f3027bb7ddc2,6c40dd1882be5ee6caadaa356563ef0d,unavailable,2017-11-13 20:54:32,2017-11-13 22:51:08,,,2017-12-06 00:00:00
834550696228970ef03d30419db216e1,3dfd82e8fc35846baa2c0e66da1d9ce1,unavailable,2017-10-29 19:19:56,2017-11-01 00:15:44,,,2017-12-04 00:00:00
b93ffbad842670470ec41f35a317ee65,65a2a252eedd717594ec0e8b052ccd35,unavailable,2017-02-08 22:47:10,2017-02-10 02:50:10,,,2017-03-07 00:00:00
453cabc3a3d6d0d80bd08d9eefb6a607,c824fb40eed7462282da8b5511d4d6cb,unavailable,2017-12-06 19:47:40,2017-12-06 19:57:23,,,2018-01-04 00:00:00
4608a27e9e60c05b054631def491e7af,4fc51f554378926d8ca80aa1b1d13b1b,canceled,2018-08-28 08:10:22,,,,2018-09-12 00:00:00
f889a5a0b44adc29c5465b99395ac3c1,b78ba44ee52b74b9dbe30c8a533d23df,unavailable,2017-07-07 21:17:36,2017-07-07 21:30:11,,,2017-07-27 00:00:00
81997644995458a01126899a96832353,956b08173d0a9611b85f9ec0034944e1,unavailable,2018-02-26 16:58:27,2018-02-26 17:15:48,,,2018-03-28 00:00:00
afb61112fb99b07fe17e591c68c0c84c,36b182c39933d55e307096ccc3fd2970,canceled,2018-09-06 10:48:12,,,,2018-09-19 00:00:00
27667a063cb59b5d987a5a71c192cce5,abaee92d4978f8216173d5d632867746,canceled,2018-08-27 19:54:54,,,,2018-09-06 00:00:00
e5215415bb6f76fe3b7cb68103a0d1c0,b6f6cbfc126f1ae6723fe2f9b3751208,canceled,2016-10-22 08:25:27,,,,2016-10-24 00:00:00
f88685f89f0fc651c3e767c64a23192c,ee07f0974feb4a672378f9d64be40dca,unavailable,2017-11-24 01:49:27,2017-11-25 04:15:10,,,2017-12-15 00:00:00
ade919610216d8fcd6333ce3696449a4,d7e2e0a2eaefbf557a9886e0c2032ace,canceled,2017-09-24 18:32:25,,,,2017-10-23 00:00:00
9d4369173adc91c56c54ebba6712e732,1ae2023a3f741aedfe78ad5171f0d2bb,unavailable,2017-11-18 11:07:50,2017-11-18 11:27:34,,,2017-12-07 00:00:00
04b8c60eb3cceaecde917716daa30bde,a6a3ccd6981f76577a6cfcac362430b2,unavailable,2017-11-27 18:35:48,2017-11-27 19:11:43,,,2017-12-19 00:00:00
50bb0c134ee3365dd06e13da6cda15fe,95cf2f1f5ef26bb509b276c5f7037646,unavailable,2017-12-29 16:31:58,2017-12-29 17:00:31,,,2018-02-01 00:00:00
74e198a81e758ec637a42e8f2e856927,cf4ac5bebc177cc2f3accbcd7e12bd50,canceled,2018-08-18 09:27:28,,,,2018-09-17 00:00:00
e66e29f65af321ea428495d66066e809,8ae73c8406c2ceae63c5b85c71799366,unavailable,2017-06-17 20:59:11,2017-06-20 10:15:23,,,2017-07-19 00:00:00
02bfe71c2bbd56f6de9c2c357adff45c,6993a774e7e22bbbf14659e8c03da133,unavailable,2017-12-03 14:28:40,2017-12-03 14:35:38,,,2017-12-27 00:00:00
43c8d05a1478e794217ad3b39398022a,efe2a8ee5f67ebcbcc236b53ad3f4282,unavailable,2017-08-14 21:10:05,2017-08-14 22:05:23,,,2017-08-25 00:00:00
b3154d5a5a7c0b01993f0768a1fd4b8a,98889ba02d74de3748870fc81ad0a122,unavailable,2017-07-04 18:51:24,2017-07-05 23:35:15,,,2017-07-28 00:00:00
2fa565240e8353e7a1ad78347f8608fa,a48e070eeacfcdb978ca3fc5c7f4557e,unavailable,2017-02-15 21:21:31,2017-02-15 22:25:13,,,2017-03-14 00:00:00
35de4050331c6c644cddc86f4f2d0d64,4ee64f4bfc542546f422da0aeb462853,created,2017-12-05 01:07:58,,,,2018-01-08 00:00:00
2463e85fc460252cacb332c69099f298,f6132655cb97ab93f1c8ace4528520a1,unavailable,2017-10-18 19:11:27,2017-10-18 19:28:44,,,2017-11-09 00:00:00
c549f0d88f33bfe43351b893f1fb55ac,ea26950075411d4c3569a71853ee7388,canceled,2016-10-06 13:21:05,,,,2016-11-16 00:00:00
69fd1a4dd8b96b9ab0dc82b95be21efd,1a5c814c2a163354a550737c7c16be75,unavailable,2018-07-31 09:55:46,2018-08-05 23:30:50,,,2018-08-03 00:00:00
0e6b2d0fe443a6d38c0f6447f4eb2262,35bfa7ce75679810efa7d433811c6945,unavailable,2017-11-03 20:44:04,2017-11-07 08:30:54,,,2017-11-28 00:00:00
f3e5a0592463640ef9fd04d79724dac9,0fd1a2fd6d21083ecb4e80c40cb7927f,unavailable,2018-01-14 12:21:39,2018-01-14 12:29:20,,,2018-02-05 00:00:00
72fa449394ed9dc9093819f93ca563af,186fb45d0f4c178da2ccac34abfa5ec6,unavailable,2017-05-26 17:19:49,2017-05-30 05:02:23,,,2017-06-16 00:00:00
e8df0b08b2d6162f2a109f931d0774b6,9d0d0f4397e1a7210fd1d0bca983843a,unavailable,2017-10-08 11:02:21,2017-10-09 22:35:26,,,2017-11-03 00:00:00
801bda1bc87e8484430a1ad75f51f128,3f0bb4c1fae52dfe92ff27372d2b0d67,unavailable,2017-02-06 10:21:37,2017-02-08 03:05:12,,,2017-03-03 00:00:00
dd38e535112fb5094b53b1997c4eda52,806f601fd9936f4d97179a15b3b4c3ad,canceled,2018-08-13 13:01:54,,,,2018-08-21 00:00:00
7c48bf2308168ce82b8e622eb9dd8627,bf7fb138f49700e3b2909aa550389e35,unavailable,2017-10-13 13:31:56,2017-10-13 13:49:38,,,2017-11-09 00:00:00
5ca9d935dd5306bf85a2f1e263d058f1,f0f1d8de8ddaad572cef4b07bdf94d6d,unavailable,2018-02-06 16:31:59,2018-02-06 16:51:46,,,2018-03-08 00:00:00
c94821db10df06a6d17a8054d3a0b919,7fea47e002bbb5ec01948f7622d4630a,unavailable,2017-11-22 11:01:03,2017-11-24 03:10:46,,,2017-12-18 00:00:00
3ccf1aa4144993ddec8287ef8ee0a107,0c13fc247a33558383e51e9021100f94,unavailable,2017-04-08 00:08:18,2017-04-08 01:01:21,,,2017-05-10 00:00:00
74f833bf7c70ce8c3f820f725c213e1c,fffc22669ca576ae3f654ea64c8f36be,unavailable,2017-06-30 11:21:11,2017-06-30 11:30:20,,,2017-08-01 00:00:00
08662c478bed0444d0515925af759547,e386d59b64144f2d4ec3ec84de244059,canceled,2017-03-20 08:00:14,2017-03-20 08:00:14,,,2017-04-17 00:00:00
90eaac01afdf4e531a70ad869e092c75,9989fec0cc8309e9afcb1da811943f3a,canceled,2018-06-05 15:15:24,2018-06-05 15:36:54,,,2018-08-06 00:00:00
2b25bdbc985fdd953cced7c3fdf0a2fe,fc97d833da914adb3fc0e265d67afb35,unavailable,2017-11-18 22:23:44,2017-11-18 22:35:25,,,2017-12-26 00:00:00
dd8532619e81337caf4ddc77fb34d981,4c82b862da252196bc8936f210aadc8b,unavailable,2017-05-15 10:58:15,2017-05-15 11:10:15,,,2017-06-02 00:00:00
2ce9683175cdab7d1c95bcbb3e36f478,b2d7ae0415dbbca535b5f7b38056dd1f,invoiced,2016-10-05 21:03:33,2016-10-06 07:46:39,,,2016-11-25 00:00:00
793c05f561c41e8fb6599c92be8d0afd,c2aeac174bd1b011b11f03cad2a9179a,unavailable,2017-08-11 19:18:12,2017-08-11 19:35:06,,,2017-09-13 00:00:00
73adddab7cd7e4f606280f98c137656a,b9f6e6bf653a8bcdae17201cca6f08d9,unavailable,2017-07-11 09:23:29,2017-07-11 09:30:53,,,2017-08-04 00:00:00
31a1a43e09fe1f26cdcb077099cadf82,b6bdcb76ab8bf3b240c3db7974b0656e,unavailable,2017-09-13 14:46:37,2017-09-13 15:04:30,,,2017-11-01 00:00:00
e731304a0fda25d2138155bbfe558bd7,06b1a1aa298eda35cabb263be4848848,unavailable,2017-11-28 19:00:04,2017-11-28 19:11:32,,,2017-12-18 00:00:00
90ab3e7d52544ec7bc3363c82689965f,7d61b9f4f216052ba664f22e9c504ef1,created,2017-11-06 13:12:34,,,,2017-12-01 00:00:00
463270aee6f932c94319683e66e7e59d,4a447c627d4ea252ae512ba273c6d5e2,unavailable,2018-04-17 19:40:26,2018-04-17 19:55:17,,,2018-05-14 00:00:00
0a6b7c79b8c67dedc51f2dea7b4e1e59,929e8b8500b8ccb7bfa2b1acf29a9459,unavailable,2018-01-13 13:27:33,2018-01-13 13:39:19,,,2018-02-21 00:00:00
b6777988359768bf8f2390aa6d072be4,89be8c52816ae302e2651016521de879,unavailable,2017-10-30 14:07:30,2017-11-01 03:31:21,,,2017-11-23 00:00:00
b2e2410ac54dcb51230fd94aef5bcd2c,04776bfb2aee6d25a15f65b172c0d92c,unavailable,2017-07-31 20:46:54,2017-07-31 21:10:20,,,2017-08-23 00:00:00
870a3cfbe4dab0f499a636a9fdeef87d,afb7c64474a22bed93447022809af886,unavailable,2017-10-08 09:22:19,2017-10-08 09:35:28,,,2017-11-01 00:00:00
65f87722388463aa7d02023c8f5b11ab,92c2c5b759c20b4d91edd17b0b8572c7,unavailable,2017-12-05 16:00:46,2017-12-07 15:54:29,,,2017-12-21 00:00:00
ea55dd40acfb6206bdf910b5e903ff77,b2e560f4f7541aebd3720c41ea3b2544,unavailable,2018-01-06 01:06:13,2018-01-06 01:16:29,,,2018-01-24 00:00:00
2f5124f516a7f5e4095ef4325d67c511,2d2259e2fbd96d9aae631389a1d22cf6,unavailable,2017-12-19 20:36:22,2017-12-21 02:12:11,,,2018-01-16 00:00:00
c12a72f72509bcc1317ee119c5ade35b,fba9df63f86cae646f8d1a1f8c6bb85c,unavailable,2017-11-28 12:03:07,2017-11-28 12:14:48,,,2017-12-19 00:00:00
295f0c892077fab482adb25cfc37aa79,f89b57f80359481e71b0cd3001268136,unavailable,2017-07-06 13:31:05,2017-07-08 00:15:34,,,2017-08-07 00:00:00
c8de7faa920cdcbe41252449a3fd36c0,8f5777a90b7294397d8f7c2c8e95157a,unavailable,2017-07-06 16:18:36,2017-07-06 16:30:28,,,2017-07-19 00:00:00
aed488062a3d349252ffe2961e214551,4479ae32bee6820fdc3d2129c2fb5d10,canceled,2017-10-16 09:09:13,,,,2017-11-08 00:00:00
0cb3c0cb279f04b99a10ac141fa8586f,dc89e323825a3ce463ee55c80e2288bb,unavailable,2017-03-06 13:20:19,2017-03-06 13:30:17,,,2017-03-27 00:00:00
9bd5312d12f48b04a460f702baff3d8c,4d145fd1d3245cbb3697dd41b4bcf19b,canceled,2016-10-06 20:43:30,,,,2016-11-16 00:00:00
d9bde3a634ec04252eceffc6bef25ee0,b08f0b7d2087f0649c16b1215d467d81,unavailable,2017-02-16 17:46:10,2017-02-16 18:03:27,,,2017-03-21 00:00:00
10a045cdf6a5650c21e9cfeb60384c16,a4b417188addbc05b26b72d5e44837a1,canceled,2018-10-17 17:30:18,,,,2018-10-30 00:00:00
a4f71a0d584883f990018a219bb7dfb4,ef21c78da6a79f7c34a9e2ca1c0ae880,unavailable,2017-11-03 18:44:49,2017-11-04 06:10:24,,,2017-11-29 00:00:00
19bf02099b31db3f2f5d1bfb4fbf49c4,ad3aae554288c46c86360f95b3dc79aa,unavailable,2017-11-02 14:44:50,2017-11-02 15:05:46,,,2017-11-16 00:00:00
c186f4babae2b9ffa3ecc0176980acdf,e052a735fc6427b480edfe564268e3e6,unavailable,2017-05-30 20:29:08,2017-05-30 20:35:33,,,2017-06-22 00:00:00
fddbd183387b5c9bcbafbd0fe965301f,bade46d49478a63c01dca6a9ae49dfa9,unavailable,2017-09-23 10:25:00,2017-09-26 03:24:31,,,2017-10-18 00:00:00
016706d732e79b49035275c048edb2c4,d92a41fae88c9a36d012a5fa35c51b09,unavailable,2017-10-13 09:15:09,2017-10-13 09:28:16,,,2017-11-06 00:00:00
0cb763300f5679bee73a0b0fdfe0a2d2,f3fb421cdedc2519a5d2f5c75f2cb843,canceled,2018-08-10 18:54:48,,,,2018-09-04 00:00:00
65fdcb432cb9cfa970e3a3817b39040d,bb8cc73ebebcd23c9f69c52637229c53,canceled,2018-08-29 08:44:38,,,,2018-09-13 00:00:00
b44b36e6b69be34f58753d3b56d24001,a6c9cacb399083fbf6497249c9d3a140,canceled,2018-08-08 14:27:00,,,,2018-08-21 00:00:00
4cccc0d35e7c7a0dc766ad3c4043e33e,75295919398404a05b83a05a22506b41,unavailable,2018-08-10 09:32:32,2018-08-10 10:50:21,,,2018-08-15 00:00:00
123e27a1a4d0b2481d8618ac3dff7d4e,1fe4c3902c5bd6510a869b3d4fd3843b,canceled,2016-10-08 12:44:32,2016-10-18 15:19:08,,,2016-11-18 00:00:00
8e1e331cb2701fc82849ab614e8ff240,60fec73af0d1a1591b8e5b15341d72c7,unavailable,2017-05-27 09:56:24,2017-05-30 04:25:08,,,2017-07-03 00:00:00
dadc23575c27fa7a66ce0310807865ba,a38b8d3c68acd8a16eac71cd0bcc2369,unavailable,2018-05-08 15:05:15,2018-05-08 15:15:26,,,2018-06-04 00:00:00
e9b878264e94e17134221e4e9afd378b,47062495a6dd8f01a38c445282e7a30a,unavailable,2018-03-09 10:42:40,2018-03-12 13:08:02,,,2018-03-21 00:00:00
7e6bd960caf2346257183fd4b6079a65,2ca5e9f17a80f9515da7fa967af7444e,unavailable,2018-01-28 16:38:33,2018-01-28 16:50:06,,,2018-02-14 00:00:00
01cb6d702e5233235f4125309d184bf4,cf52d3f2132b17f52fdf4b40c135163e,unavailable,2017-01-31 17:48:07,2017-02-01 02:45:37,,,2017-03-10 00:00:00
d2da7d77b85e86faeb4bcdcf929f27fb,5153e460d7b2eea2a10a0cf8329dff57,unavailable,2018-05-02 16:43:59,2018-05-04 03:51:54,,,2018-05-24 00:00:00
65959cbdb267c29a5cb0021a367df75c,80a988b23ea488add6a8c187cca076db,unavailable,2017-02-24 18:05:34,2017-02-24 18:15:18,,,2017-03-21 00:00:00
92a195ed387f8e7f9151eae7a7ec13f0,2d0bbea838dedd5022a15742a420cb8b,unavailable,2018-05-17 11:29:01,2018-05-17 21:31:55,,,2018-06-04 00:00:00
4b03319a5a065c83d4fcc4f18f8cb257,52215d2772a786a11c64720063c7ac4f,canceled,2017-10-20 12:42:26,,,,2017-11-08 00:00:00
31f935babbc97f5990e0ffd128e19541,6e067aaac313f893bd40273d8d75027f,unavailable,2017-11-11 11:25:27,2017-11-11 11:35:31,,,2017-12-08 00:00:00
190cce77a8a1f436ff7bb2e684906449,788f18d093894d9e62d9470a250e6060,unavailable,2017-10-31 14:13:53,2017-10-31 14:31:30,,,2017-11-22 00:00:00
e28fb6cbf050a8cde2b9af4ae94f3241,88bff74a663c907ffa8fba47dc1cdf28,unavailable,2017-07-11 15:34:36,2017-07-11 15:45:19,,,2017-07-31 00:00:00
73628c6d02ed8f6134d9752cd7b83c2a,062e59339246c68be51348578038f24e,unavailable,2018-02-14 11:05:31,2018-02-14 11:15:25,,,2018-03-13 00:00:00
4493ce8729200aed0eca9d3ae8bcc57c,fdb7c8642c7871242f295fde2b25bad6,unavailable,2017-02-02 10:43:43,2017-02-02 10:50:18,,,2017-03-13 00:00:00
4188e271c401875d724b4e9ee6fe7206,19d4a540b496506ab10c97292275e532,unavailable,2017-12-10 14:04:04,2017-12-13 00:15:46,,,2018-01-04 00:00:00
b9fffd14dc2869d69f441ff3c8f34bab,ef9b40908237d483aab345ed6b7a977c,unavailable,2017-04-08 19:52:40,2017-04-08 20:05:15,,,2017-05-02 00:00:00
f62f01ec64c6b221f926ba560907d8f7,a35ef57cd99a99e77e58316ab0cc2927,unavailable,2017-02-14 20:55:49,2017-02-14 21:05:27,,,2017-04-03 00:00:00
eb278cfbeefc0a9180876153de58d693,e6b1fd31d830155d9a333978e90dd976,unavailable,2018-02-09 19:51:24,2018-02-09 20:08:04,,,2018-03-05 00:00:00
f0eadb6ba0382197c2f94afe7d95e60e,0dd5d941a331650044ad8eb21a441fc2,unavailable,2017-11-24 21:03:55,2017-11-27 14:30:52,,,2017-12-29 00:00:00
7dfff541b2a848ecb18ceb83d02bfa6a,5510a0757de57b34e27fd23c1942793a,canceled,2018-03-23 13:44:28,,,,2018-04-11 00:00:00
1aba68837cfafa9cc4bba58efee87d4a,88bab0875c657d7167d0080bbb4e794a,unavailable,2017-10-23 10:49:50,2017-10-24 03:56:28,,,2017-11-22 00:00:00
bea39233e56405aa80613120fa0faae9,a8f9158b7618546f8c99e5c194a3366f,unavailable,2017-07-04 22:27:23,2017-07-05 17:39:25,,,2017-07-28 00:00:00
779078ac80552fa400b11c285d16e4fa,f583831c572cc8569de2841fd281fd2b,unavailable,2017-06-13 21:11:58,2017-06-13 21:22:41,,,2017-06-28 00:00:00
cf52c3631e531c83e5f92681b933a521,6835e02d97713eb97e57bbed91d829a7,unavailable,2017-02-18 13:19:30,2017-02-20 10:32:09,,,2017-03-31 00:00:00
2ff205d5135b1c7763c6561d2643df51,d3b8c571c1ae50697f890412fe925ccb,unavailable,2017-03-23 19:21:05,2017-03-24 02:44:22,,,2017-04-28 00:00:00
94bce2ab6f38b41d29ebbd9d755677bf,ba712872211b52224c61d5bedfc1bfcf,canceled,2017-07-09 15:38:45,,,,2017-07-21 00:00:00
dbe1de9b04777a1c1bf05fd0aeebde9a,f3d37b5276fc40a7fb3bea7ecdc628a8,unavailable,2017-06-07 15:50:50,2017-06-07 16:02:19,,,2017-06-28 00:00:00
d8b293a9c747dbce4a60f6c0bca37dd7,90830dbb673d83c46f791a44b9a0c838,unavailable,2018-02-09 17:57:31,2018-02-09 18:20:28,,,2018-02-23 00:00:00
04a2ba381317648726f46210a46ece95,4ae0a705c852353fbcdb27f8554b6655,canceled,2018-08-09 09:13:44,,,,2018-09-06 00:00:00
85a22eb264ad44ff56c4955a66876fed,df45454de710054424258d3bc3f2ff63,unavailable,2017-11-20 16:10:58,2017-11-20 16:26:41,,,2017-12-07 00:00:00
30a3bac324f40459c6d1a739bc811506,a60a9da6cce214757a5bbf389df1c45b,unavailable,2017-10-17 08:28:00,2017-10-18 03:07:55,,,2017-11-09 00:00:00
3257d333ee8b3f21786b6270940d1fd4,cd8aebe5962e539f7dd48e3587e3cd77,unavailable,2017-02-13 17:18:58,2017-02-15 02:50:25,,,2017-03-14 00:00:00
ea3a810bd6c5d5c071b28fcb8e39b9e7,6c2aa8d949db31e2edfe991f4312f739,unavailable,2018-01-22 10:24:32,2018-01-23 03:36:45,,,2018-02-06 00:00:00
c60a44d6c46309c86882ffce00a0b412,6cbea8a57483ec9eefcffbf5241657ee,unavailable,2017-02-15 11:25:14,2017-02-15 11:43:27,,,2017-03-14 00:00:00
735458a5d288ba55c03a10cb1b2dd481,5a2e937ebdd78eaa8cac5dc67b8b3a42,unavailable,2018-05-03 14:15:19,2018-05-04 14:13:00,,,2018-06-01 00:00:00
36be874974d3616f9a1a763d0ac1d655,43b2ae9283ff026230ccdeaa82986b62,unavailable,2017-08-13 12:26:51,2017-08-13 12:43:35,,,2017-09-01 00:00:00
1dbe2e0c5594a384eac781a7e46c6011,4cc6b852b4d5583946b78337536629b1,unavailable,2017-10-27 16:13:11,2017-10-30 07:25:48,,,2017-11-10 00:00:00
5b9680f27b5067afded00b23f9cb4d61,8b20eb37b30208feef373de67fc749e0,canceled,2017-03-21 20:20:14,2017-03-21 20:20:14,,,2017-04-24 00:00:00
20ff9b4b339b20ef47cfcda736a17a52,96dfa7d4d4ac5b821ac90b04f7832ce6,unavailable,2018-01-11 11:59:41,2018-01-11 12:09:45,,,2018-02-09 00:00:00
1982a20c2a9d116da964e488d59eebe7,f134935ef1c94d9f955a76705011d30b,unavailable,2017-02-08 16:14:48,2017-02-09 16:25:15,,,2017-03-09 00:00:00
8eeaa67e826a9308e63f4436bf00a8f2,e6b9210d8d6ab1404223c31b0fe6a7b9,unavailable,2018-01-05 09:12:11,2018-01-05 09:27:25,,,2018-02-07 00:00:00
489b43fc6f7840318ee5d83ee35b86c1,2e6ba659dcf054ba8087f739effcab5e,unavailable,2017-03-06 19:06:47,2017-03-06 19:22:52,,,2017-03-23 00:00:00
b059ee4de278302d550a3035c4cdb740,856336203359aa6a61bf3826f7d84c49,canceled,2018-10-16 20:16:02,,,,2018-11-12 00:00:00
1768e7971ac449abce2917f608c8a69f,989b74c3570c64316628830fe692dc3a,unavailable,2017-03-15 13:20:25,2017-03-15 13:20:25,,,2017-04-12 00:00:00
52267d8c7f4a0227294efd0ef23fcefb,142fa91f4a5dddcf7df5f761f310fd61,unavailable,2018-01-21 13:23:04,2018-01-22 13:50:09,,,2018-02-06 00:00:00
c224c9c2f8598269441c76eca7720448,e1c29e7ed268f22c955322c710a37174,unavailable,2017-11-21 11:34:01,2017-11-21 12:10:08,,,2017-12-12 00:00:00
f05fbff4a434f4d0c1e09000bf45f06f,dc707154393bfd176a45a7bdd7e496a0,unavailable,2017-06-10 12:33:10,2017-06-10 13:02:14,,,2017-07-07 00:00:00
4af4d191d7e83818829a9af9ea7fcdfc,0adc3e20e5189e89caeceafdbcb0646e,unavailable,2017-07-02 20:05:48,2017-07-04 03:50:14,,,2017-07-14 00:00:00
0623dbbd06c0d4059dbfefab8748a491,c954645fa23249e4c2b0dd3679b0b177,canceled,2018-08-20 14:17:09,,,,2018-09-12 00:00:00
2015fdddda0f27eaf4ebdf451d70a41e,1480b09f03509b43490678fedbfcf39d,unavailable,2017-10-19 13:52:04,2017-10-19 14:07:41,,,2017-11-10 00:00:00
e5812a30b6ae5ceaae29fdb7920e7853,7fd75cde37763056447d7af53a56fe96,unavailable,2018-07-30 19:35:39,2018-08-04 23:31:03,,,2018-08-08 00:00:00
9eb45b0aa6ff6baf71a20c68414f8089,86ebcb053082767a38cca1338ea45084,unavailable,2017-07-19 23:29:07,2017-07-20 23:35:19,,,2017-08-22 00:00:00
05c852fbe20c108caf9f479633cbe088,30dc58c87bd6ea55196ceaded4afcf91,unavailable,2018-07-12 12:21:56,2018-07-13 15:10:16,,,2018-07-24 00:00:00
65df8539acbce2e41ba3a4a3ce0a3470,88d5d9648c5efd116d642161d4920bad,unavailable,2017-06-07 16:08:41,2017-06-07 16:15:24,,,2017-06-28 00:00:00
574f906eedf477adaf3507222887d81f,45a730fd8d9383eb647641fed4b90354,unavailable,2018-06-03 21:19:01,2018-06-05 04:12:46,,,2018-07-17 00:00:00
a3ef7e4271c9088cf2d3de8305ef2355,a4839648ce5d1a83c99e4383f58de2e1,unavailable,2017-11-03 22:26:44,2017-11-03 22:45:51,,,2017-11-24 00:00:00
5d80dfb48f5c62fe1cbd194b1b6f57bd,925c3bfb7984d673dbd8f1bb68d0f950,unavailable,2017-12-04 15:42:31,2017-12-04 17:22:51,,,2018-01-11 00:00:00
4a42846a6eed9d15714fe30181399f2a,85a7452fba73610a36dfad568e8ee016,unavailable,2017-02-17 13:57:00,2017-02-17 14:05:18,,,2017-03-20 00:00:00
e04f1da1f48bf2bbffcf57b9824f76e1,0d00d77134cae4c58695086ad8d85100,invoiced,2016-10-05 13:22:20,2016-10-06 15:51:38,,,2016-11-29 00:00:00
92fca7ed7b7df4695007bd7f227e3333,f489ef69fc07eee23f1ef2732df1c8f8,unavailable,2017-02-01 12:03:36,2017-02-01 12:15:56,,,2017-03-03 00:00:00
e444dbf63e18f98c43c81f5ccc7ef8a0,267d85c043aaf0dfbf9b0211546e7a0f,unavailable,2017-09-25 12:12:02,2017-09-25 12:25:45,,,2017-10-30 00:00:00
cd80f267aabc7357c2caaa8848e1cd3c,a19cfe9d36bd6c3ad4e4cee2d165d366,unavailable,2017-12-07 12:26:00,2017-12-07 15:21:55,,,2018-01-02 00:00:00
c49e86b525c30f1b55eaf9abbc9837a6,8fa9f17f7cc7af41d068b9b3f8df51e8,canceled,2017-12-06 19:29:14,,,,2018-01-04 00:00:00
4603cc4d4654635e3c16a1ac226036f4,698b3c135274f6effb8ce299935872cd,unavailable,2017-10-12 16:18:54,2017-10-12 16:35:34,,,2017-11-13 00:00:00
dbe2d1c6c34f5c31bb6736e1720c9b7e,3b5cb25012ce1400dbf62ed0995e1c14,canceled,2018-08-28 12:45:15,,,,2018-09-03 00:00:00
a327b5ecc65060cc462211724d715367,f63b5a41ad60764ade63d0cae2f8b5b2,unavailable,2017-12-08 22:41:10,2017-12-08 22:52:43,,,2017-12-27 00:00:00
9710f97e7fb3ccd742ef8b5270d8d78f,aa5ca611bf23e034bfd48685d4fe006f,unavailable,2018-07-23 12:57:36,2018-07-28 23:31:01,,,2018-08-09 00:00:00
f3988a6f6afe000b1617ab4429c5396c,413222dcd7d8078653a8eaa81ba8d96b,unavailable,2017-07-11 04:47:35,2017-07-11 04:55:12,,,2017-08-08 00:00:00
1985dcd0eb8cb683615c1d2b8f324572,7043701548d462c834782d596ac13466,unavailable,2018-05-01 14:41:25,2018-05-02 14:59:49,,,2018-06-01 00:00:00
a59c87e726e3c78e26769a422a140bd3,5c2e818e5963bc9b74d66fd5dcefaa30,canceled,2018-02-10 12:36:33,,,,2018-03-19 00:00:00
76d85afd545b8fc877273a68455675c1,e29b02752f22ba7a6ef120027c9f2556,canceled,2017-11-08 18:40:21,,,,2017-12-05 00:00:00
b17fd4c033b06e8d888de8ea6105ef9d,70457f70bccd93467cce328f6b3bb89a,canceled,2017-03-20 19:38:10,2017-03-20 19:38:10,,,2017-04-12 00:00:00
9f24a452d2f08d94503f8755cc845362,825803c33fe215e80ac490cc7ea55813,unavailable,2017-09-04 02:26:00,2017-09-04 22:30:15,,,2017-10-03 00:00:00
ae60d8ce9aa713ec6cc02a1b15e6759e,6a8e32e45208a7e5bb55c5f84ef10e53,unavailable,2017-05-30 12:07:33,2017-05-30 13:10:38,,,2017-06-30 00:00:00
cb4a79c1e6c9ae44302861e7602cc449,536f46cc0f2f2b1e40d056f7998f0254,unavailable,2017-12-06 15:46:07,2017-12-06 15:57:29,,,2018-01-03 00:00:00
6e7f938e1ebc4eb4b205b2ad66c5525d,d64eb944d3fef8d269de717e4bc2d56c,unavailable,2017-09-12 00:08:18,2017-09-12 00:23:58,,,2017-10-03 00:00:00
80f0181edc2f4a5bd3384a3c39a83cee,9ce9e0d0045dd13cb96601552c819eb0,unavailable,2018-01-14 19:24:28,2018-01-14 19:36:26,,,2018-01-30 00:00:00
091deda616c370d63f0bf9a3f525fb34,0edf9134fdbeacc3596fa523a869ad04,unavailable,2017-08-11 11:08:53,2017-08-12 11:23:41,,,2017-09-04 00:00:00
b2f39212b22fb44dc0d57cdd6d1790dc,f5c0653d98714d68d23408677cceb628,unavailable,2017-05-09 19:59:26,2017-05-14 21:32:09,,,2017-05-25 00:00:00
9192399976bb077688f5cf72fc8ab37b,9a90f5526fa4d6d2304a33e69d3731fe,unavailable,2017-10-30 13:27:56,2017-11-01 03:10:30,,,2017-11-17 00:00:00
5e0eae0316373e1459c05b539e18f060,b4095692d39aec2b5531a339d0137a44,unavailable,2018-01-26 00:49:25,2018-01-26 01:13:35,,,2018-02-09 00:00:00
6c15888cd708d4c1487eb36753212d69,250625a5b2e001bf9876418c919f4a21,unavailable,2018-03-07 20:19:42,2018-03-08 20:10:32,,,2018-03-26 00:00:00
9a31fd9d697e9670777501f720773fd9,c0a4ca941f313300f1694f4ab73b3651,unavailable,2018-02-15 19:40:00,2018-02-17 03:47:14,,,2018-03-23 00:00:00
afed0d88ec7753e7be8744bb66e860d1,b1253701171dfb298f52a221f824e45b,canceled,2018-08-02 15:23:07,,,,2018-08-20 00:00:00
dd3346a58fc7d6db3cb6f403c325ead9,8b1b6d1842a05d2dc378dc957c69998f,unavailable,2018-01-21 19:04:45,2018-01-22 13:57:24,,,2018-02-06 00:00:00
dc7a419b3cd13b51c38ff9442dfd4009,f97a6d5dc5996ca93920dba521495117,canceled,2017-03-21 19:17:48,2017-03-21 19:17:48,,,2017-04-17 00:00:00
9e99d220ca1057d22b317d36cf203620,60ff6e09a676bfa797f0ae3f1282ce4d,unavailable,2018-01-03 17:05:21,2018-01-05 02:35:44,,,2018-02-01 00:00:00
cfdfd7862e532c4ec1ed1c6a1b56d320,0ab5ac09913dfd3f247c7929a3799799,canceled,2018-09-03 18:45:34,,,,2018-09-14 00:00:00
2636c69e57fce1b3a556b70f1acd1192,da1aa56ec12c8b63264ddc800772ce66,unavailable,2017-03-01 09:02:12,2017-03-01 09:10:21,,,2017-04-10 00:00:00
3f2467ae6b5a92494a59e95de0d79ba8,83b048e87ab6bc8d7f04a7bd976d9c31,unavailable,2018-01-21 09:43:40,2018-01-23 03:36:52,,,2018-02-19 00:00:00
756fc608f67478946b31c752681f27be,ce5b56c495944af078df7f4e10719be7,canceled,2018-08-14 08:14:45,,,,2018-09-04 00:00:00
c12c13ee9d5307f765798632ef70d689,bb83e03f2c15b980db3aec282cf53cb6,unavailable,2017-05-06 00:13:09,2017-05-09 09:45:17,,,2017-06-06 00:00:00
fc55691eabf7bd6d38e8d49b4cdd8629,03a7ec15e921e602f51a834e5be50b4f,unavailable,2017-06-07 13:22:49,2017-06-07 13:35:13,,,2017-07-10 00:00:00
baec85e7fa005a17b89b8bf93300cb5f,7857aa0e8336a02f2fc39c3489d90e2d,unavailable,2018-01-12 02:07:28,2018-01-12 02:15:35,,,2018-01-31 00:00:00
1e792fcdefb0bb34325cdc1dee84fcea,aaed1013b9b4c5ffea9394e093564a72,unavailable,2018-02-11 00:41:04,2018-02-11 01:48:51,,,2018-03-06 00:00:00
df5f65d2dec68b07404b0aa6f09aee32,2213b04ede603c2e8a992cade54e1967,unavailable,2017-07-17 21:42:18,2017-07-17 21:55:21,,,2017-08-08 00:00:00
82492ccd735c628d8a98d08d7ffbe501,5d0b5e5f627d234d7cce220a7a3df097,unavailable,2017-10-18 18:21:48,2017-10-19 02:49:36,,,2017-10-30 00:00:00
dc5287133fa7ba014e8083e381bf8270,4516041f4a9ae2a667008481d466cbe6,unavailable,2017-11-11 15:50:48,2017-11-14 04:15:29,,,2017-12-04 00:00:00
59798edc300f7563a9bdf18b2740def9,be1abfd06882c0ee1d45b976da59a494,unavailable,2017-07-05 19:06:19,2017-07-05 19:23:18,,,2017-07-27 00:00:00
b9eb04083d9367fcd3523d0125406023,f8bc863d8da439189f1a3c7f93e30a9a,unavailable,2017-06-02 10:27:06,2017-06-02 10:35:12,,,2017-07-11 00:00:00
642b39405abba96bc0e134680e8ceb02,bffd28b4af20bc7b1a477fe80e190c77,unavailable,2017-03-05 09:28:24,2017-03-07 04:10:29,,,2017-04-03 00:00:00
1800254c5ad71baad5c53866d4ed0ea0,f872eb3035d6adfa491660d3d0f8f86d,unavailable,2017-11-14 11:38:34,2017-11-14 11:50:40,,,2017-12-04 00:00:00
a805d7a514bcde0719f99ddf2a3bb31d,7332d588234cc7f934719060d1fc60e3,canceled,2018-08-17 14:17:56,,,,2018-09-17 00:00:00
a027b795d174ac4c8c7fd853838b5744,cf13a089ed6e356ea5195f21e3d5d7b3,unavailable,2017-12-12 14:07:04,2017-12-12 14:49:58,,,2018-01-11 00:00:00
f434066a90c729686966ab151fa4c7ec,17c3c21b444bea4f4893c57978ecf186,unavailable,2018-01-19 01:08:20,2018-01-20 01:19:33,,,2018-02-15 00:00:00
858f8fbff9d717450f931fc6e9d15029,b159734fd8a05b497cb4907056824f6b,unavailable,2017-10-10 12:09:59,2017-10-10 12:29:53,,,2017-11-08 00:00:00
f81e71dd7c044a9ee7c1d6e37d68d64f,953f71324f3a770118c88a42363655b2,canceled,2018-08-15 08:34:42,,,,2018-09-12 00:00:00
3b4b5ec89dc09c7aedc74199be65fef7,9e6179dbe5933b2f9ed17280257f1c97,unavailable,2017-10-18 11:33:40,2017-10-18 11:50:13,,,2017-11-21 00:00:00
bd51fae4e79d90bca958267d6e6bee30,6804cebe528d82cfccaad1143fefbd38,unavailable,2017-11-17 20:03:46,2017-11-17 21:06:24,,,2017-11-30 00:00:00
2b68bb35779189904b0cd730eaba3d1d,0d6dfc6e464d9f10db213e8b1898e4b1,canceled,2018-05-08 10:11:16,2018-05-08 10:31:31,,,2018-06-04 00:00:00
8d6342c5d498f0042ad00193ce3038c8,e4fc1c835dd07f06ef7dacbd5f81fcbe,unavailable,2017-10-02 08:56:39,2017-10-03 04:14:33,,,2017-10-26 00:00:00
20e297eefc937e9b79e2cf97e9faddf1,12d0b91f6599ad6bd2e1ce29f0b221f3,unavailable,2018-05-09 16:39:41,2018-05-09 17:08:46,,,2018-05-29 00:00:00
6d97e3d5d9043bb4fa4f8fd0b4d9f230,b2ba171781b90a99f8256ea5f0d6cfd0,unavailable,2017-09-20 15:01:41,2017-09-21 03:04:43,,,2017-09-29 00:00:00
d8716a985f69a46751cc046b0fea0d98,fb89de9d98c3cde010eaf1a31a5f7fd3,unavailable,2017-10-06 12:54:42,2017-10-06 13:07:10,,,2017-10-24 00:00:00
3716cd16bc2a97768309209eb4d4c6a7,5b4681e924e266db4eaba48f9b3f2561,unavailable,2017-11-29 09:54:26,2017-11-29 10:17:33,,,2017-12-21 00:00:00
b302801106ed1f5eb6f08ccdae6fea99,e5de138028f173cb238674e1d76e3df2,unavailable,2017-07-18 15:51:54,2017-07-18 16:03:39,,,2017-08-11 00:00:00
261e56a43de07e1b1bc9e8615c8e8aa9,d37b279f2460117555674ab42f173063,unavailable,2017-08-30 15:17:09,2017-08-31 02:45:02,,,2017-09-18 00:00:00
33c4ff80921c70a563083f3e317f7247,bdbf80547c6689634a5ce426374c9f72,unavailable,2017-12-18 18:34:30,2017-12-20 11:51:56,,,2018-01-16 00:00:00
1aecadf4362edaca7fa033e882076c8d,e81a9f176936e3124dfd90c483bf3289,canceled,2016-10-04 10:05:45,2016-10-04 10:26:40,,,2016-11-24 00:00:00
1e4dc51447faa970879bb120932eebb6,62713a902fd08c5ef31f5f108e95a168,unavailable,2018-01-22 09:27:54,2018-01-23 03:52:47,,,2018-02-14 00:00:00
3bb3f7783f2e72ad6c1baacfdc807994,363491bac85cfd440eacdf521ac9bb2b,unavailable,2017-11-30 16:45:27,2017-11-30 16:58:24,,,2017-12-18 00:00:00
d69fcef5a5fe3a3db60ea65c6ee499cc,ff0340330283c0d05ea7281e67fa2e76,unavailable,2017-12-02 10:11:44,2017-12-02 10:30:31,,,2018-01-08 00:00:00
620b0acb9258b51defbc51804c5298d5,9012f48ac2c416c82819101da4e4b75e,canceled,2016-10-04 11:44:01,2016-10-05 08:45:09,,,2016-12-06 00:00:00
037a9cf279c376ab222c9d27be892513,6f113a5510dd5bffba3fc6b0dd006de2,unavailable,2017-11-06 13:04:40,2017-11-08 08:15:33,,,2017-12-06 00:00:00
b465e6231fb8411e534acc602cff4adb,5aeae82b1542678ba10c99ca292896cf,unavailable,2017-06-11 23:20:34,2017-06-12 23:31:15,,,2017-07-06 00:00:00
30e0a586733725ef792f50d33720b961,6487f2dc75493ba7a83cc0de029e3209,unavailable,2017-03-02 11:07:10,2017-03-02 11:22:32,,,2017-03-24 00:00:00
484ce4bf2067023e5184d003c41eb07a,3e1e323e9d4c48ff9556143e9a32a3db,unavailable,2017-11-24 12:17:32,2017-11-24 20:15:44,,,2017-12-15 00:00:00
1c851b2d3587fe02888b58c64fbc1ab0,1e5e274f5f75c09122b857147166f53f,unavailable,2018-01-09 16:25:08,2018-01-09 16:35:27,,,2018-01-23 00:00:00
32c75dfb830b25a968cfd39e54d315a3,08c93b091ea536bc40e8e9436c24f7cd,unavailable,2017-11-07 15:40:54,2017-11-07 15:50:30,,,2017-12-07 00:00:00
6ec704c9a120baaa6b3e162255ec684b,ea493c4332b771f1c1cf1592c320f8c9,unavailable,2017-12-30 10:52:01,2017-12-30 11:06:11,,,2018-01-30 00:00:00
a3b14686446d3401d67a3421891c34a3,756a1ff94dada665c9df2c5800d359d1,unavailable,2018-02-09 14:00:02,2018-02-09 14:15:43,,,2018-03-21 00:00:00
dd6eb2d6d50c1539804511adb0e4fa41,ad8939b7dfebf1e59e4145ed73bb0e33,unavailable,2017-08-13 23:23:00,2017-08-13 23:44:01,,,2017-09-01 00:00:00
09f541f117ac3f665dc3aad6d3bb8fc9,9f2034168e1690d1dccc52e62fd50ba5,canceled,2017-04-20 14:54:24,,,,2017-05-19 00:00:00
4a1c879db7056f078a037fdf72b6d0fc,d34411df392e5437e4582b81f9ecb90d,unavailable,2018-07-10 19:11:10,2018-07-12 03:26:18,,,2018-07-26 00:00:00
ee11405a850edd187af2fb6e1771bcdb,7b1ee2639b161a86290418176e607153,unavailable,2017-03-01 16:20:27,2017-03-01 18:15:15,,,2017-04-06 00:00:00
ceb533871105f7cda81fafc19e1ee38e,f86da6175d72ff2d6a9de63342e1d303,unavailable,2017-10-20 07:33:11,2017-10-21 03:07:36,,,2017-11-10 00:00:00
47282cfe5747c1c19920f090e491d285,3483b2a9e678865616e7d1b69b28dd4c,canceled,2018-08-23 12:38:08,,,,2018-09-06 00:00:00
ccbd198eb55e22f3b2240d1605961c5f,352289eecb0665692f1020c18c945378,unavailable,2017-07-07 13:24:00,2017-07-07 13:35:14,,,2017-07-31 00:00:00
4a6c07557205c5dbdeae7e289af5c1c6,09a4411bb14055b9d846fac02dd79782,canceled,2017-11-28 13:09:13,,,,2017-12-19 00:00:00
20085191cbcabee83a2016eb4a9fbf21,ee19ddfbb2f016e6e65d8c2f159a725c,unavailable,2018-02-26 09:54:44,2018-02-26 10:16:13,,,2018-03-16 00:00:00
00daac8efd71674d62356c2a306d1e4c,2b99e152f2351410951c503a2f6a2d7e,unavailable,2017-11-21 19:20:25,2017-11-21 19:29:26,,,2017-12-12 00:00:00
8ac55ad4ce4706e06f7284f61746503a,c60514fbcdb1a7f647f66e5ed07f59b1,unavailable,2017-08-13 17:33:09,2017-08-13 17:46:20,,,2017-09-06 00:00:00
1ad22e16129698e1a3cc11e4350d2cb7,d6441eef3f37c3edb0d5634c3c85120b,canceled,2018-09-12 15:32:16,,,,2018-09-26 00:00:00
2b0edc4c59d83dcef85466718c36a317,5effe9491d0f5a1c12ee4a384ec09bdf,unavailable,2017-09-29 19:17:10,2017-09-29 20:00:07,,,2017-10-17 00:00:00
d785a3d0046f381b43dd7b218998b06a,37c7462de8e76bf2b77641876c3c25e2,unavailable,2017-11-11 15:18:25,2017-11-11 15:30:36,,,2017-11-27 00:00:00
c021ea4a80ce0d1bce358a2f831c34db,d5868f39eb4669f88b12b8f3d0d294d6,canceled,2018-08-07 15:40:54,,,,2018-09-06 00:00:00
40fd591202d04d78c987cfc6990ad237,1f4eae24bba3f706b3f8db9a4cc8c950,unavailable,2017-09-24 15:58:12,2017-09-24 16:10:10,,,2017-10-18 00:00:00
67b0f3d0a405fc007841f73f2792323b,f358737ffa6369c7c39875bb5ab81cd1,unavailable,2018-07-30 21:40:41,2018-08-04 23:31:23,,,2018-08-03 00:00:00
31c672e3859d5d55d460ea8dbc39053d,c0fa053afcb588fce87ade5024cada7a,unavailable,2017-02-13 13:56:12,2017-02-13 14:05:21,,,2017-03-14 00:00:00
3a40d639b7d8167f255bbb2b7372cddd,52701c28ce8192ff074de5576a1b9288,unavailable,2017-10-17 15:17:53,2017-10-18 03:06:45,,,2017-11-10 00:00:00
d17cbd88da86748917f52864d1be98d0,bf3a896f3dd013f63ca58bb72b813fc5,unavailable,2018-02-20 19:08:46,2018-02-20 19:28:37,,,2018-03-15 00:00:00
983e16bfbe23e60f23a6fcb9c4792204,2d6272fc5e22facb8937eba512bad93f,canceled,2017-03-27 08:24:03,2017-03-27 08:24:03,,,2017-04-20 00:00:00
998b90bcfc77ff711912c1c14dcff885,0b1899150b4ee7ae778d02ecb621324f,canceled,2017-07-05 21:56:09,,,,2017-07-27 00:00:00
91427fef1ca1431d3d86d7bcd0b51ebc,7c76a5b5aa012d92c8ae66e6f6311db4,unavailable,2017-09-29 12:00:01,2017-10-02 11:49:08,,,2017-10-20 00:00:00
27b7289530871ba2c68509ec562b1544,101306fbb5ef564098ffe05962761727,unavailable,2017-01-31 14:54:29,2017-02-01 02:41:19,,,2017-03-09 00:00:00
e22f8395265cb423def2d5c028f0f34b,45360c874acf24110baf02fb5d2314d4,canceled,2017-12-01 01:42:22,,,,2017-12-28 00:00:00
1f5833c59dc618d2d3b9072f51195d16,b80bd8f1a8e34a499fadfc76d91ed42d,unavailable,2017-04-29 09:42:12,2017-05-03 11:34:19,,,2017-05-23 00:00:00
93881917b8e0f2bf11eec7abbbfe43ec,5c78528de7bc16285f19af96fce88f02,unavailable,2018-08-11 21:38:00,2018-08-11 21:50:11,,,2018-08-21 00:00:00
4bd0d8aa4756f78245bd56015d4ddcc0,a66d945b437e7e8dab012f6172a5beb3,unavailable,2018-08-11 11:56:24,2018-08-11 12:05:21,,,2018-08-27 00:00:00
51bda649419be0084a39cb53e9c6f262,089dc72259b7eb053d3bd3323e2fffb3,unavailable,2017-11-17 13:16:42,2017-11-17 13:55:28,,,2017-11-30 00:00:00
3e7ca74af2e30d9f16183f5c9d65ef85,fdb9a2ae0b1ecf02a74a34e53f41d653,unavailable,2017-08-13 13:53:18,2017-08-15 03:25:25,,,2017-09-01 00:00:00
8d7e1e66103b85e9ab12cb65dafdf0e3,0a317dd750be47fc13457956d0a4d0b1,unavailable,2017-03-25 20:36:01,2017-03-25 20:45:14,,,2017-05-04 00:00:00
2ec030d65d7742d4afb8df93dd86ba76,37c4e0723167867a40efbaa01ce1c69a,unavailable,2017-03-06 10:24:34,2017-03-06 10:35:25,,,2017-04-06 00:00:00
a37c3175caa4465852b788987ca46d1a,945e442b24bb3055f553e6a95a53a7e8,unavailable,2017-10-09 19:39:21,2017-10-09 19:56:08,,,2017-10-26 00:00:00
7d576f29bdf44b7857414baff1c788b1,717be95b354f9e952da717a5f715580c,unavailable,2017-11-12 17:34:16,2017-11-13 11:06:46,,,2017-12-06 00:00:00
b7c0d5af4a5a6374adedc4dd9ab21923,4956cfa41268f0de55f989555c81ddde,unavailable,2018-01-01 23:50:58,2018-01-02 00:07:21,,,2018-01-18 00:00:00
453d6f15ae1c7406d6ec6a5ee3909b82,d6e0e90d298a127a8f1c6793bc8df207,unavailable,2018-02-09 17:34:55,2018-02-09 17:49:30,,,2018-03-05 00:00:00
cb903ba48840fca21bc4c8a7382b4960,01d5f4b8ad0b26863ed1d231a7e067e9,unavailable,2017-09-13 23:32:55,2017-09-13 23:43:52,,,2017-10-02 00:00:00
259fe605870f08ddf83ebb61f204b9e1,0a7dbfcfdf274bc1e1965b91489ba2f9,unavailable,2017-08-17 08:58:59,2017-08-19 02:16:08,,,2017-09-06 00:00:00
55f1a7153e4d67447465073ad9490f04,b259aacf66c74aaeb0d7c585e1a35be4,unavailable,2017-12-04 13:14:31,2017-12-04 16:49:16,,,2018-01-02 00:00:00
742b5d98b8903f6f6a0af740ddd60f2c,6363e2618ebebe92ac570fa7e9fdf82f,unavailable,2017-02-14 17:33:54,2017-02-14 17:45:11,,,2017-03-13 00:00:00
e6152cd6ca627fc4f0f5deddea24f7c2,fc474e00b3af88a2abe3ca25204b59ea,unavailable,2017-11-29 13:23:16,2017-11-29 13:37:20,,,2017-12-13 00:00:00
52b7f26dd95604cb836ba17f96a6b056,c0cdc356a67598956b73ccce36edc86f,unavailable,2017-07-05 05:55:39,2017-07-07 02:44:23,,,2017-07-18 00:00:00
50503051a38d8ee049d1226032c7d82d,e75b06236ca6694bf68a0b398f2fa076,unavailable,2017-12-05 10:13:03,2017-12-08 09:52:49,,,2018-01-03 00:00:00
fd01599ab4ac4b1c1f5a5d16a7871d72,ca5004c4b586150e829d092c536c0d83,unavailable,2017-12-08 09:45:27,2017-12-09 02:49:58,,,2018-01-11 00:00:00
5517dcebf1ab177978bae7e7c66de1b6,c4811776ff3a2c1e027f19ee2860627b,canceled,2017-04-27 12:57:53,,,,2017-05-29 00:00:00
129ea9ae4b85283decb23ea1756f505d,8a0c8d55378e81be7bb18527a08dc0ef,canceled,2018-08-09 08:09:33,,,,2018-09-25 00:00:00
596288a27579ad1fec1d704efe7d9ab7,8e9e28f565a0e470a97fd879909388fe,canceled,2017-08-30 18:48:01,,,,2017-09-12 00:00:00
a0e71b06151dd529dd0d71f578cd3457,d1852c771f218173ebde6d0fa31af036,unavailable,2017-11-05 20:59:18,2017-11-05 21:15:24,,,2017-11-27 00:00:00
00a500bc03bc4ec968e574c2553bed4b,3d2f26eab3f79dd1fe9977f615e70c2f,unavailable,2017-11-23 10:53:01,2017-11-25 10:54:38,,,2018-01-08 00:00:00
18c528b07b50f67122420d4b645dc84c,eb1df600a5bb309af1609d1fdad074ef,unavailable,2017-10-25 13:37:41,2017-10-26 02:56:53,,,2017-11-10 00:00:00
ddb580e0827e6b997875e7b5612b8093,dae88014152d7b4f68f7faf14e63b8f1,unavailable,2017-07-17 21:00:11,2017-07-17 21:15:14,,,2017-08-04 00:00:00
897b4da63b6edde1a33a9fb7caf1dd10,7adb5b6a71b330eb4b3027a470fe74b5,unavailable,2018-07-30 07:38:21,2018-08-04 23:31:16,,,2018-08-16 00:00:00
d8a40a1358d3b2dca231abdaa566b054,83913bf92fd18aeb5d5763e3bc298d26,unavailable,2017-01-25 01:20:19,2017-01-26 01:25:07,,,2017-03-16 00:00:00
af6a9f579c74afeefcd5f32733c11a32,8d8784f0134f4d714e28bc36cb5a5101,unavailable,2018-03-23 16:45:16,2018-03-23 16:55:56,,,2018-04-05 00:00:00
96e78a16640bdff7370dd73cb821fc01,950212a2b67caa64e9628f68a58b3314,unavailable,2017-07-02 22:15:35,2017-07-04 03:50:25,,,2017-07-14 00:00:00
7644fdc557b95c452791b3c1791efc08,23a6e39515e87e3a35453b2bba148e1c,unavailable,2017-11-24 11:02:33,2017-11-25 05:49:40,,,2017-12-20 00:00:00
876ac30251a0518e1fd87b6ec049df00,e77a1ae75eaa0ac5847dbc701aaa9f6d,unavailable,2017-07-27 12:37:27,2017-07-27 12:50:16,,,2017-08-23 00:00:00
dc69158eb223d2e98bbaaba4c9f81c87,598e7fb8c2d8ba0f3a6a8609cf321111,unavailable,2018-01-13 12:26:08,2018-01-13 12:38:31,,,2018-02-15 00:00:00
075cc7ce268544c780299db653d21467,4803684a58eb452daa4190b0e1aff8fe,unavailable,2018-04-20 09:39:52,2018-04-20 09:55:19,,,2018-05-08 00:00:00
0667c8670e40ad2783c71d45ceb361e0,2d0fe5ffb462d2ee79285cb1d75e8fbf,unavailable,2017-08-27 20:25:18,2017-08-27 20:35:20,,,2017-09-20 00:00:00
75020ffff57f14ba95e2562980ae510f,8626b742980d50fcc8d6e699cc7720fd,unavailable,2017-09-19 17:40:29,2017-09-19 17:55:16,,,2017-10-11 00:00:00
bc99558709784e3ae0b9f8dbff8c06f0,d83753f7658bcc23859c5f1988cdf50f,unavailable,2017-11-01 14:27:33,2017-11-01 14:45:51,,,2017-11-14 00:00:00
b102b42cde7719ae4b7c0163cf4d7dbe,6df75bdce4569326dcfdf7fc9bbe5981,canceled,2018-08-29 10:15:27,,,,2018-09-05 00:00:00
ee234bfd26ca588915483995d811c1d0,b0232f62bd310b605fc9ba834860ce2c,unavailable,2017-11-29 08:39:03,2017-12-01 14:11:36,,,2017-12-21 00:00:00
6f3772f092a98dfbb37265f3186ba374,cf27fa6e72bce3581bafc0fce8261a18,canceled,2017-05-26 12:42:13,,,,2017-06-09 00:00:00
ac446e82125c862fbe4c638d69f807bb,259d52789dc5f2323c01238c73a28abc,unavailable,2017-04-06 13:17:49,2017-04-07 06:42:27,,,2017-04-28 00:00:00
6c0c4ed997d520a3b737650e43c8e042,e8c2884e61a7c098543e33fcc3ba4be2,unavailable,2017-03-04 23:45:25,2017-03-06 01:05:32,,,2017-03-29 00:00:00
94aa3ae1cb5c1c152c6cc757b68bb659,e117eacf032d0011156eea7df55e6b2c,unavailable,2017-09-26 15:31:52,2017-09-27 02:49:17,,,2017-10-26 00:00:00
32bc13d17332ed4f07e360611c146b87,b8348d16ccd9eaf1b07cd2faeaa12d76,unavailable,2017-11-28 22:54:39,2017-11-28 23:10:57,,,2017-12-20 00:00:00
10e080f0e43ef41f43b9ff6da4451835,015b2612205bc9e481b7443591eb08fb,unavailable,2017-03-02 21:27:17,2017-03-02 21:35:21,,,2017-03-28 00:00:00
2559552ea70a7caa245eca67f410a3f4,ebe02b455bc2f5f8828a89d8bd96cded,unavailable,2017-10-22 20:44:47,2017-10-22 20:56:31,,,2017-11-08 00:00:00
553fee3c21ab4328508c8e467806613e,434c715a38dc04eda3d438177d1dd98e,unavailable,2018-01-12 23:57:07,2018-01-17 08:30:45,,,2018-03-02 00:00:00
cfbf015b7e4efd77c1a2ee7e337aea60,edcf7a40177860129f595fbc4d202a91,unavailable,2017-11-07 17:12:46,2017-11-08 03:46:22,,,2017-11-30 00:00:00
2f346d92b11fcc7c342b3392b174cf3b,d8312a2d5a108ccc4d43cf2cc7f5a10e,unavailable,2017-12-07 11:53:32,2017-12-07 15:23:44,,,2018-01-08 00:00:00
d6f1fd48e3b9fbaa5ed2794838559afb,1258e0a6212e3969e7c1a9588a4d2d24,unavailable,2018-06-25 00:03:57,2018-06-26 00:18:00,,,2018-07-13 00:00:00
bbdef4b5ecad947f721ab789db1dd57f,e4021257f141caca88c5cc080773eda3,unavailable,2018-03-04 22:14:40,2018-03-04 22:28:45,,,2018-03-15 00:00:00
ecae73914f65a01db35cc609281364ef,d19ac15829280ea8c8f870d7e2d49fb1,unavailable,2017-05-31 09:52:11,2017-05-31 10:03:24,,,2017-06-26 00:00:00
66cb680674721f9816e366a15a93633f,a9f2b77340d17022d89356ef597b2f3a,canceled,2017-03-28 20:53:24,,,,2017-04-17 00:00:00
3b090f7fe6e2cf01b468a154dc9c546a,f216b1b065c06506b3e95e6681d4522a,unavailable,2017-12-06 11:06:41,2017-12-06 12:12:37,,,2018-01-03 00:00:00
572c4bbf0f5f85a9b4a2c4fe0c7f04d5,93ccdc49f22d1b0e3664b2bc328cf23d,canceled,2018-08-30 15:11:58,,,,2018-09-14 00:00:00
42202323e8e5319c107e361d55ad0de6,922122af0fe111255b865b3006695937,unavailable,2017-10-30 16:06:30,2017-10-30 17:31:35,,,2017-11-10 00:00:00
fdcca0e15a4d03e3fb89fb14664a3744,58ee086556a160d66dc3f6d43b4efcc3,unavailable,2017-09-11 20:02:08,2017-09-11 20:15:25,,,2017-10-02 00:00:00
616fa7d4871b87832197b2a137a115d2,bf6181a85bbb4115736c0a8db1a53be3,canceled,2018-10-01 15:30:09,,,,2018-10-23 00:00:00
54b267f79786d7ac585ab0aac88d6da6,94873ba8c3246266e41b6f9bd3bc1cca,unavailable,2017-07-24 23:36:40,2017-07-24 23:50:15,,,2017-08-04 00:00:00
e58fb7bfd033514475ab0883ded704f4,3644d5df1c9855d164c277d91bf4a7f4,unavailable,2017-10-20 07:33:10,2017-10-21 03:07:30,,,2017-11-10 00:00:00
c581b368f1c9fc02caaa71e42809baf9,a67066f37fd7f046f8ee58067dc9abbe,canceled,2018-08-10 14:44:24,,,,2018-09-06 00:00:00
a536059a071793ef05e7e63cbac9d50e,fc475d3aba4d37f81edce933ce07ed1b,unavailable,2017-11-20 17:13:05,2017-11-21 03:46:22,,,2017-12-06 00:00:00
bd7585a77f0aa76b3775bb68fb293356,7eb5555aea491d47d05d05d3f6f99be6,unavailable,2017-02-08 10:46:02,2017-02-10 02:43:20,,,2017-03-07 00:00:00
d7198cce0076c5cefda313c12776334c,b79e6558152f302d0b22d5cabc983814,unavailable,2017-05-12 19:02:52,2017-05-13 18:35:16,,,2017-06-01 00:00:00
3c3df3dd2afaabb39a53131f9ce98116,e943fd415548e057fd54798f8c6b49fb,unavailable,2018-01-25 14:52:00,2018-01-25 15:09:44,,,2018-02-19 00:00:00
ed1acc924e85e293849485a9d5dc3498,64b4f796f321357d2ce61f511da7f73a,unavailable,2017-05-15 10:54:23,2017-05-17 03:45:23,,,2017-06-02 00:00:00
a8ebe927b1b85cc950bba001cac770f7,5dfc4ad0a5d369a091d3f7f011ff8cad,unavailable,2017-12-06 19:45:34,2017-12-06 19:56:20,,,2017-12-22 00:00:00
c037dd9db2ac27aa44381219612e91ba,a8912cdd90d62f02de79c5c33bdb0718,canceled,2017-11-10 01:45:04,,,,2017-12-07 00:00:00
66e4a36ff490014773971a6ee0b6a0e4,719ed1620e6d57e729521a5408f6e9dd,canceled,2017-06-20 12:39:25,,,,2017-07-05 00:00:00
51192863a004d47d0e4f5bf5384bf88f,f2cc41062fa1cdfd6475afc3aaf9909f,canceled,2018-02-13 15:58:33,,,,2018-03-07 00:00:00
0cfc5b8b63bf71f738f96e68adb96b3d,f9627108e19721bd9781efd9f559abf0,unavailable,2017-12-05 20:48:42,2017-12-07 03:15:48,,,2018-01-10 00:00:00
ec88cd13421e27489ffc1f352247f3a4,936da706de2dfa07d2f5f8e3934836ca,canceled,2018-08-24 16:38:44,,,,2018-09-13 00:00:00
0da43144c61f413957a7e7c8b2555dad,159f001ca3b331fd9854b3260cd1cd52,unavailable,2017-10-13 17:57:20,2017-10-13 18:08:06,,,2017-11-09 00:00:00
24cee263ae15271412b77854eb10b840,6b3203ddac95aee6732fc133bd4b6351,unavailable,2017-11-01 18:16:28,2017-11-02 18:25:33,,,2017-11-24 00:00:00
cbc0f78d9e0d7cd99582cd7552cfd64f,fc605af68bba864d01d42be7edd4ec6e,unavailable,2017-02-14 11:45:11,2017-02-14 11:55:18,,,2017-03-15 00:00:00
e51a8e1d0f0a0cc6eae0b605b53cf9ed,2a7e297b30ff4a624ad2d5dda5b9484a,unavailable,2017-06-04 21:37:58,2017-06-04 21:50:18,,,2017-07-10 00:00:00
a20244bef3bafb6f4d37e3603539336d,bdf1861e7bc387ae207eaf08463576b5,unavailable,2017-12-14 10:33:27,2017-12-15 17:32:15,,,2018-01-10 00:00:00
fbd87e9a66a24294c9f8deb5efca45a1,99677fae923e41228f37e3ff7306db4c,unavailable,2017-07-06 12:53:40,2017-07-08 03:25:37,,,2017-07-26 00:00:00
8b08f0e729f58529ed03e763270f78d5,1761db2f0d235bbfa1c281093198af0c,unavailable,2017-08-24 21:02:47,2017-08-24 21:15:36,,,2017-09-27 00:00:00
1c2c24a58f6335fa1dbda79cf2ebff74,e1c2ebbc896c6fa0272673149107e327,unavailable,2017-08-17 21:54:26,2017-08-17 22:50:19,,,2017-09-05 00:00:00
9b95554e4a79777fcb0168932c4a9522,84cf1452a953df8b88613e6faab1b40b,unavailable,2017-03-24 15:27:47,2017-03-25 06:42:54,,,2017-05-04 00:00:00
7018a2cb4802de2f9ed4b09b6a98e6fd,885a9dace03d5ee78e1639818cf8ca76,canceled,2017-12-10 10:27:39,,,,2018-01-24 00:00:00
6900ba78f72feb30643f7c2e2ebb3aa1,7a025a70305eeb3f28d6f279b2312f57,unavailable,2017-04-23 18:16:54,2017-04-23 18:30:35,,,2017-05-11 00:00:00
c774761f8e5fbbd73a64408df5698ea7,518ddb65d7023b1e0ca0b66f27533d26,unavailable,2017-10-21 10:38:30,2017-10-21 10:49:26,,,2017-11-03 00:00:00
236e6ec6171c1870d4bcf4ccfad87f49,0fa12cb295663a40f53876e73aa7c460,canceled,2018-08-21 15:12:31,,,,2018-09-11 00:00:00
7b417e4ab50fe706033d4fe21c659f3b,e4391b06d30bdd3d98928398d84059f8,canceled,2018-08-16 17:09:19,,,,2018-09-28 00:00:00
97cf031e8c5bf37a0b310c07800e323a,2bdd94bc59d052d2770bacd6d20d6a9b,unavailable,2017-09-10 15:33:30,2017-09-10 15:43:31,,,2017-09-21 00:00:00
b6e63e74aff84a068fdc1b41e9ac29ea,f0375e81392cb7499b1139be16fd21e2,canceled,2018-08-07 10:44:34,,,,2018-08-21 00:00:00
72fcdcc4d106595993b31fc91c800113,89cbb4528dbfd3ec138d5014dc8ccb0e,canceled,2017-09-12 22:36:04,,,,2017-09-22 00:00:00
1f0a1cc0dc294f24707a0167df26c94b,d13ba90c3d08f763d715657141f6fa63,unavailable,2017-08-03 12:11:32,2017-08-03 14:35:18,,,2017-08-23 00:00:00
6e7e891760708803a2f4203981f2d69d,9bc1b48bb57b22ba2fbd77579dad8202,unavailable,2017-02-16 19:43:11,2017-02-16 19:55:17,,,2017-03-17 00:00:00
93942353ebd22541194b59e590c0d7de,849bdfd6f3313ffa83d9b0b2981331cb,unavailable,2017-02-08 13:32:00,2017-02-08 13:42:35,,,2017-03-17 00:00:00
fcdcf0cd9b77731f38b0c97a27038042,0d4ed3c9d48b373888a0eb3fc96b77d9,unavailable,2017-07-06 21:54:54,2017-07-08 03:23:22,,,2017-07-19 00:00:00
2867faaa7a912bbc2bf8d8e40d7a0354,c7da870eb04374fc25d71501117ab5f6,unavailable,2017-01-22 20:43:58,2017-01-22 20:55:10,,,2017-03-02 00:00:00
32b5ca23bd0b8761a4e3c0fb0b4b4418,437b67468f56a09b2d203a6defb68519,unavailable,2018-01-22 09:33:58,2018-01-22 14:14:41,,,2018-02-19 00:00:00
a112ffd9157da040b7951b8bb6bb2fba,f199293a1cd17c4e0c71a13f02a34a7c,unavailable,2017-02-11 17:32:35,2017-02-15 11:33:15,,,2017-03-14 00:00:00
b31a540b397cb096c3c5252eab692c9a,bc041b8a3da19925bf859950c7c438a0,unavailable,2017-11-24 12:56:49,2017-11-24 15:13:14,,,2017-12-27 00:00:00
a0141c1141d9406b48466fe4d1492bf4,70f4e83e21c469871d23f680673f2195,unavailable,2017-11-13 18:50:21,2017-11-14 10:35:44,,,2017-12-13 00:00:00
b91dd40b68675f4dc29339562895ca26,65d0d3b9b3fa9f109802465c10bdff6a,unavailable,2018-02-24 16:22:06,2018-02-24 16:35:26,,,2018-03-16 00:00:00
d49363a0cc2a1915a5a11f85ea08ea48,d60841504f6631c17720d8e2943a3c29,unavailable,2018-02-07 15:40:42,2018-02-08 07:10:23,,,2018-03-05 00:00:00
a6d4e95420d65bd5f299dc95d3493e0d,dd0ffd71cbeb719f6bcd05874f344ba3,unavailable,2018-07-23 06:11:11,2018-07-28 23:31:01,,,2018-08-14 00:00:00
9231cd28d094660487390045fec25a3b,f9a9e4658d1e1805f6f7fa0db82be533,unavailable,2017-05-31 00:23:47,2017-05-31 01:25:25,,,2017-06-29 00:00:00
52f308ce830731bfdfea4539e140073f,8a86b00cbfc4091cc8b0b1fd597b9a53,unavailable,2017-08-02 11:11:01,2017-08-03 03:04:51,,,2017-08-23 00:00:00
7813842ae95e8c497fc0233232ae815a,040d94f8ba8ca26014bd6f7e8a6e0c0d,canceled,2018-08-17 20:06:36,,,,2018-09-17 00:00:00
ef3b75eae01e343f3d7c05e88a9cc496,d4b09113e561e6fc7d4f3de3c93ac50b,unavailable,2017-12-03 16:44:28,2017-12-03 16:55:24,,,2017-12-28 00:00:00
1e9cdb2ee26ee17ecb5f050a180cf8ff,c438793f5bfa6de0ee35371740b40bb5,unavailable,2017-05-29 19:22:12,2017-05-29 19:30:19,,,2017-06-23 00:00:00
a144aa25d9d14f25ee9f3ec4118e5517,9353974c6d727e3739a8370ff655a774,unavailable,2017-11-06 17:36:36,2017-11-07 03:31:02,,,2017-11-24 00:00:00
ae443cb420061bab1f2c5e3ad279fde8,3d59638a168c209ccb33a27424fc06da,unavailable,2018-03-03 09:32:36,2018-03-03 09:48:36,,,2018-03-28 00:00:00
69647a30e77959dbf0000636927c27d6,b4f3d737d8ec2ad8a4e85fc6e578a4fc,unavailable,2017-08-11 21:08:16,2017-08-11 22:04:30,,,2017-09-06 00:00:00
bf3c691a76e2c8733340a8f7e251a0f1,dbc9104a798de0ff6af4de6a32c92f70,unavailable,2018-01-12 10:35:02,2018-01-16 04:31:05,,,2018-02-19 00:00:00
02de1e44936e56ddc1621c46d86bf91e,c4c369211d1aaab90c8e097f6939dda2,unavailable,2018-08-21 12:21:00,2018-08-21 12:35:12,,,2018-08-29 00:00:00
7159096c5aa9be77f7f0c26c01ee9793,d8f3aacf5cf5ddf9ceef4ad39e874c98,canceled,2018-03-15 10:06:35,2018-03-15 10:29:39,,,2018-04-06 00:00:00
5a14c8b3d919a4ef3f3428b0459c47b2,666094835d60d986eb87350b31efdcae,canceled,2017-05-29 23:53:39,,,,2017-06-23 00:00:00
b34369ee8397436dd7ceb8bb7783671d,c96771504b0c9d89ad8da161e0e3d092,canceled,2017-06-07 20:11:29,,,,2017-07-04 00:00:00
eb2dc067ee1a4eac77e2d045f01cf7f0,78101fe486eab484a8d65d53b69f4b09,unavailable,2017-12-04 23:16:03,2017-12-05 10:30:41,,,2017-12-20 00:00:00
8298521946fcd8c9f8b984aad6176694,fc0f896db68de04d75532460d7c4b244,unavailable,2017-03-07 23:02:58,2017-03-07 23:15:14,,,2017-04-05 00:00:00
11c71300049cd2c9896b0be33f04d574,12b6d8d5e5a754c23495e232fc4c2a86,unavailable,2017-06-15 10:07:14,2017-06-15 10:15:19,,,2017-06-29 00:00:00
2e3c6e30c69763a7dfe40f11a19ed3da,9f33e47b96b9e034154df245350f37ee,unavailable,2017-10-23 18:24:27,2017-10-23 18:35:15,,,2017-11-13 00:00:00
52fd8c890356febe4f78b653ef130cd2,21c57ebcb87ee3234cd00d36f40cfa9c,unavailable,2017-02-08 13:03:36,2017-02-09 02:55:30,,,2017-03-07 00:00:00
efa3e0b795c3871ff5413d163cc9d6f0,d172c15ea2aca0b2d65e01a631df3d1a,unavailable,2017-11-17 19:42:32,2017-11-18 02:31:13,,,2017-11-30 00:00:00
5a00b4d35edffc56b825c3646a99ba9d,6a3bdf004ca96338fb5fad1b8d93c2e6,canceled,2017-07-02 15:38:46,,,,2017-07-25 00:00:00
73d6d096aaef87398a0321fc1acc5a54,444268cbb72dc57d82ba85089e29a93a,unavailable,2017-10-17 07:49:44,2017-10-17 08:07:12,,,2017-10-27 00:00:00
af264f3527e94e431f0dcd56cd6b406d,8118922685d2e2c0205f060be4f2579c,unavailable,2017-07-12 14:49:11,2017-07-12 15:04:10,,,2017-08-11 00:00:00
6c4e764954bc530adac8b0842d8f1647,dc480a485063e5b8e37bb77ed070514c,unavailable,2017-08-12 14:18:34,2017-08-12 18:35:16,,,2017-09-13 00:00:00
37af1b25e7710f09d122aaf3f8b68114,f3b4b3f2136722924a0916a930b2081e,unavailable,2017-05-02 14:23:24,2017-05-02 14:31:40,,,2017-05-29 00:00:00
227c804e2a44760671a6a5697ea549e4,62e7477e75e542243ee62a0ba73f410f,canceled,2017-09-28 15:02:56,,,,2017-10-16 00:00:00
269507123b136cce3d2f6c5915f11bad,3bf75513c108eb186f5161d5b1dd8492,unavailable,2018-02-12 21:13:25,2018-02-12 21:28:24,,,2018-03-13 00:00:00
abc371fa4448846ac98855c256ab235f,2ae960d0b2a92913f76520f59d0749b4,unavailable,2017-02-11 19:26:28,2017-02-13 14:05:15,,,2017-03-10 00:00:00
1ce8144d59eef2763c0fbaf8ffd26d31,cffd70efba7f41e519157d935120f41b,unavailable,2017-08-10 12:44:08,2017-08-11 12:43:33,,,2017-09-01 00:00:00
2d57932a94a64e0729ec5b88b4860d0d,18ee349e6fe0fa105ac44232ac1f4d06,unavailable,2018-03-31 19:08:47,2018-04-03 05:27:48,,,2018-04-23 00:00:00
e49e7ce1471b4693482d40c2bd3ad196,e4e7ab3f449aeb401f0216f86c2104db,canceled,2018-08-07 11:16:28,,,,2018-08-10 00:00:00
e58b8168894c93cf61d36c90775acd85,65a227fbf7d798cdeadee8c0bea74993,unavailable,2017-02-26 16:13:36,2017-02-26 16:25:15,,,2017-03-22 00:00:00
6cf5c427fb11bc5fe8abefa86aa7ba0b,91ac14a1e50bc022eeecf0c2ba37006a,unavailable,2017-10-17 10:53:48,2017-10-19 03:12:43,,,2017-10-27 00:00:00
1c7c8ab324927f5b6e52338bd110bef4,95b1767df51d6fa09402267d8de314df,unavailable,2017-12-23 18:48:09,2017-12-23 18:54:22,,,2018-01-19 00:00:00
aaab15da689073f8f9aa978a390a69d1,df20748206e4b865b2f14a5eabbfcf34,unavailable,2018-01-16 14:27:59,2018-01-17 03:37:34,,,2018-02-06 00:00:00
3a3cddda5a7c27851bd96c3313412840,0b0d6095c5555fe083844281f6b093bb,canceled,2018-08-31 16:13:44,,,,2018-10-01 00:00:00
a89abace0dcc01eeb267a9660b5ac126,2f0524a7b1b3845a1a57fcf3910c4333,canceled,2018-09-06 18:45:47,,,,2018-09-27 00:00:00
a69ba794cc7deb415c3e15a0a3877e69,726f0894b5becdf952ea537d5266e543,unavailable,2017-08-23 16:28:04,2017-08-28 15:44:47,,,2017-09-15 00:00:00
5fabc81b6322c8443648e1b21a6fef21,32c9df889d41b0ee8309a5efb6855dcb,unavailable,2017-10-10 10:50:03,2017-10-14 18:35:57,,,2017-10-23 00:00:00
